ticket_id,timestamp,category,handle_time_mins,agent_id
100000,2025-01-01 00:50:00,General,7.55,232
100001,2025-01-01 00:51:00,Technical,22.1,232
100002,2025-01-01 00:14:00,Technical,25.89,243
100003,2025-01-01 00:12:00,Billing,4.92,232
100004,2025-01-01 00:41:00,Technical,27.11,245
100005,2025-01-01 01:10:00,Technical,26.08,228
100006,2025-01-01 01:26:00,Billing,7.23,213
100007,2025-01-01 01:38:00,General,9.38,206
100008,2025-01-01 02:31:00,Billing,7.52,224
100009,2025-01-01 02:48:00,General,9.21,249
100010,2025-01-01 02:02:00,Billing,10.45,249
100011,2025-01-01 03:00:00,Billing,4.84,219
100012,2025-01-01 03:05:00,Technical,17.5,232
100013,2025-01-01 03:54:00,Technical,29.44,211
100014,2025-01-01 03:04:00,Billing,10.18,234
100015,2025-01-01 03:10:00,Technical,23.14,248
100016,2025-01-01 04:06:00,General,6.39,241
100017,2025-01-01 04:38:00,Technical,28.29,218
100018,2025-01-01 04:49:00,General,11.51,223
100019,2025-01-01 04:41:00,Technical,27.62,235
100020,2025-01-01 04:00:00,Billing,2.87,248
100021,2025-01-01 04:04:00,General,8.36,237
100022,2025-01-01 05:24:00,Technical,19.45,235
100023,2025-01-01 05:17:00,General,11.51,246
100024,2025-01-01 05:40:00,Technical,28.15,236
100025,2025-01-01 05:32:00,General,11.98,214
100026,2025-01-01 05:06:00,Billing,10.31,203
100027,2025-01-01 05:32:00,Technical,28.81,248
100028,2025-01-01 05:45:00,Billing,3.89,230
100029,2025-01-01 05:44:00,General,5.68,208
100030,2025-01-01 05:27:00,Technical,25.04,247
100031,2025-01-01 05:04:00,Technical,29.36,248
100032,2025-01-01 06:40:00,Billing,7.33,237
100033,2025-01-01 06:48:00,General,10.14,246
100034,2025-01-01 07:39:00,Technical,25.52,246
100035,2025-01-01 07:31:00,Billing,9.16,247
100036,2025-01-01 07:01:00,General,8.17,226
100037,2025-01-01 07:32:00,General,4.57,209
100038,2025-01-01 07:54:00,General,3.87,226
100039,2025-01-01 07:24:00,General,5.19,224
100040,2025-01-01 07:44:00,General,9.55,220
100041,2025-01-01 08:11:00,General,19.56,223
100042,2025-01-01 08:21:00,Billing,3.32,225
100043,2025-01-01 08:21:00,Billing,14.0,222
100044,2025-01-01 08:07:00,Billing,2.03,244
100045,2025-01-01 08:38:00,General,9.28,204
100046,2025-01-01 08:34:00,General,6.88,240
100047,2025-01-01 08:12:00,General,4.13,250
100048,2025-01-01 08:18:00,Technical,28.14,228
100049,2025-01-01 08:25:00,General,6.11,237
100050,2025-01-01 08:11:00,Billing,7.59,201
100051,2025-01-01 08:00:00,Billing,5.62,247
100052,2025-01-01 08:39:00,Billing,13.3,245
100053,2025-01-01 08:15:00,Billing,9.21,239
100054,2025-01-01 08:02:00,Technical,29.97,212
100055,2025-01-01 08:50:00,Technical,23.61,237
100056,2025-01-01 08:46:00,Billing,5.96,249
100057,2025-01-01 08:51:00,Billing,7.21,205
100058,2025-01-01 09:29:00,Technical,21.12,237
100059,2025-01-01 09:09:00,Billing,7.68,205
100060,2025-01-01 09:55:00,General,8.01,205
100061,2025-01-01 09:15:00,Technical,27.27,224
100062,2025-01-01 09:11:00,General,11.52,250
100063,2025-01-01 09:32:00,Technical,26.59,233
100064,2025-01-01 09:00:00,General,9.34,233
100065,2025-01-01 09:42:00,Technical,28.41,244
100066,2025-01-01 09:50:00,Billing,6.36,250
100067,2025-01-01 09:16:00,Technical,21.2,226
100068,2025-01-01 09:03:00,Billing,6.23,250
100069,2025-01-01 09:28:00,Technical,27.55,236
100070,2025-01-01 09:36:00,Technical,25.15,209
100071,2025-01-01 09:34:00,Technical,26.48,249
100072,2025-01-01 09:31:00,General,6.9,224
100073,2025-01-01 10:54:00,Billing,6.36,213
100074,2025-01-01 10:48:00,General,6.12,220
100075,2025-01-01 10:21:00,General,3.97,213
100076,2025-01-01 10:51:00,General,8.97,219
100077,2025-01-01 10:15:00,Technical,24.61,205
100078,2025-01-01 10:35:00,Billing,11.61,223
100079,2025-01-01 10:38:00,General,4.41,245
100080,2025-01-01 10:46:00,General,13.44,212
100081,2025-01-01 10:57:00,Technical,26.21,244
100082,2025-01-01 10:39:00,General,7.22,242
100083,2025-01-01 10:26:00,Billing,11.55,202
100084,2025-01-01 10:51:00,Billing,3.66,217
100085,2025-01-01 10:24:00,General,3.78,245
100086,2025-01-01 10:43:00,General,5.84,239
100087,2025-01-01 10:25:00,Technical,24.36,219
100088,2025-01-01 10:27:00,Billing,7.09,220
100089,2025-01-01 10:40:00,Billing,7.99,239
100090,2025-01-01 10:48:00,General,9.48,225
100091,2025-01-01 10:37:00,General,8.27,206
100092,2025-01-01 10:46:00,General,8.14,221
100093,2025-01-01 11:56:00,Technical,26.17,218
100094,2025-01-01 11:00:00,Billing,5.89,203
100095,2025-01-01 11:56:00,General,5.1,211
100096,2025-01-01 11:07:00,Billing,14.57,228
100097,2025-01-01 11:07:00,Technical,22.58,250
100098,2025-01-01 11:26:00,Billing,4.02,217
100099,2025-01-01 11:52:00,Billing,5.69,220
100100,2025-01-01 11:34:00,Technical,23.06,206
100101,2025-01-01 11:04:00,General,6.79,247
100102,2025-01-01 11:55:00,General,4.3,233
100103,2025-01-01 11:17:00,General,8.57,232
100104,2025-01-01 11:24:00,General,12.12,222
100105,2025-01-01 11:48:00,General,5.97,213
100106,2025-01-01 11:04:00,Billing,9.03,238
100107,2025-01-01 11:22:00,General,13.73,237
100108,2025-01-01 11:20:00,General,6.07,214
100109,2025-01-01 11:00:00,Billing,12.07,245
100110,2025-01-01 11:31:00,Technical,27.13,234
100111,2025-01-01 11:07:00,Billing,4.63,239
100112,2025-01-01 11:58:00,Technical,29.65,250
100113,2025-01-01 11:53:00,General,8.35,244
100114,2025-01-01 11:47:00,Technical,24.25,247
100115,2025-01-01 12:56:00,General,10.91,238
100116,2025-01-01 12:41:00,Technical,24.21,217
100117,2025-01-01 12:03:00,General,9.6,210
100118,2025-01-01 12:23:00,General,2.89,205
100119,2025-01-01 12:52:00,General,7.83,202
100120,2025-01-01 12:50:00,Billing,4.09,247
100121,2025-01-01 12:54:00,Billing,10.01,216
100122,2025-01-01 12:39:00,Billing,9.1,204
100123,2025-01-01 12:02:00,Billing,5.18,232
100124,2025-01-01 12:57:00,Technical,22.04,219
100125,2025-01-01 13:04:00,Technical,26.51,241
100126,2025-01-01 13:25:00,Billing,4.34,247
100127,2025-01-01 13:46:00,Technical,21.52,230
100128,2025-01-01 14:51:00,General,8.54,215
100129,2025-01-01 14:55:00,Technical,22.67,222
100130,2025-01-01 15:22:00,Billing,9.2,246
100131,2025-01-01 15:44:00,General,5.65,218
100132,2025-01-01 15:24:00,Technical,20.18,237
100133,2025-01-01 15:38:00,Billing,8.61,217
100134,2025-01-01 16:46:00,Technical,24.98,236
100135,2025-01-01 16:33:00,Technical,29.44,247
100136,2025-01-01 16:40:00,General,4.89,237
100137,2025-01-01 16:25:00,Billing,7.43,234
100138,2025-01-01 17:29:00,Billing,7.38,211
100139,2025-01-01 17:29:00,Billing,2.0,231
100140,2025-01-01 17:14:00,Billing,10.39,206
100141,2025-01-01 17:29:00,General,8.44,238
100142,2025-01-01 18:46:00,Technical,20.12,201
100143,2025-01-01 18:37:00,Technical,25.14,237
100144,2025-01-01 18:02:00,Technical,24.41,233
100145,2025-01-01 18:55:00,Billing,9.43,210
100146,2025-01-01 18:39:00,Technical,20.8,202
100147,2025-01-01 18:36:00,Billing,8.69,209
100148,2025-01-01 18:54:00,General,5.83,235
100149,2025-01-01 19:39:00,Billing,15.3,222
100150,2025-01-01 19:36:00,Billing,9.74,214
100151,2025-01-01 19:34:00,General,9.49,221
100152,2025-01-01 19:03:00,Billing,9.96,225
100153,2025-01-01 19:24:00,General,4.13,218
100154,2025-01-01 19:50:00,General,2.0,238
100155,2025-01-01 19:14:00,Technical,21.98,233
100156,2025-01-01 20:51:00,General,3.56,215
100157,2025-01-01 20:32:00,General,11.43,230
100158,2025-01-01 20:32:00,General,6.54,237
100159,2025-01-01 20:32:00,General,9.21,204
100160,2025-01-01 20:32:00,Technical,26.44,238
100161,2025-01-01 20:46:00,Technical,26.0,236
100162,2025-01-01 21:26:00,Technical,30.12,205
100163,2025-01-01 21:09:00,General,9.55,240
100164,2025-01-01 21:45:00,Technical,22.33,243
100165,2025-01-01 21:12:00,Billing,2.0,240
100166,2025-01-01 21:42:00,Technical,24.39,212
100167,2025-01-01 21:47:00,Billing,8.14,204
100168,2025-01-01 21:08:00,General,6.19,229
100169,2025-01-01 22:35:00,Billing,11.91,223
100170,2025-01-01 22:39:00,General,8.17,215
100171,2025-01-01 22:08:00,Billing,11.28,209
100172,2025-01-01 22:34:00,Billing,9.43,225
100173,2025-01-01 23:53:00,General,11.96,224
100174,2025-01-01 23:42:00,Technical,28.12,222
100175,2025-01-01 23:49:00,Billing,5.91,221
100176,2025-01-01 23:19:00,Technical,24.89,222
100177,2025-01-01 23:39:00,Billing,9.29,249
100178,2025-01-01 23:50:00,Billing,5.39,219
100179,2025-01-02 00:49:00,General,3.16,202
100180,2025-01-02 00:50:00,Technical,23.31,204
100181,2025-01-02 00:28:00,Billing,2.0,239
100182,2025-01-02 00:33:00,General,9.54,233
100183,2025-01-02 00:27:00,Billing,7.12,232
100184,2025-01-02 00:54:00,General,7.73,203
100185,2025-01-02 01:46:00,Billing,8.09,237
100186,2025-01-02 01:33:00,Billing,4.33,235
100187,2025-01-02 02:06:00,General,10.14,210
100188,2025-01-02 02:17:00,Billing,8.98,202
100189,2025-01-02 02:04:00,General,4.25,220
100190,2025-01-02 02:54:00,Billing,6.62,212
100191,2025-01-02 02:36:00,General,11.27,238
100192,2025-01-02 02:34:00,General,10.85,222
100193,2025-01-02 02:16:00,General,6.92,210
100194,2025-01-02 03:45:00,Technical,26.85,204
100195,2025-01-02 03:28:00,Billing,4.4,245
100196,2025-01-02 03:20:00,Technical,27.85,242
100197,2025-01-02 03:37:00,Technical,26.62,234
100198,2025-01-02 03:22:00,Technical,28.09,242
100199,2025-01-02 03:26:00,Billing,9.42,231
100200,2025-01-02 03:56:00,General,12.86,207
100201,2025-01-02 04:50:00,Billing,12.71,226
100202,2025-01-02 04:35:00,Billing,7.32,249
100203,2025-01-02 04:39:00,General,11.62,235
100204,2025-01-02 04:21:00,General,9.56,205
100205,2025-01-02 04:57:00,Technical,24.65,236
100206,2025-01-02 04:16:00,Technical,25.85,245
100207,2025-01-02 04:08:00,Billing,7.16,226
100208,2025-01-02 05:58:00,Billing,7.08,249
100209,2025-01-02 05:09:00,Billing,6.02,249
100210,2025-01-02 05:07:00,Billing,11.19,231
100211,2025-01-02 05:22:00,General,8.36,237
100212,2025-01-02 05:24:00,Technical,23.64,212
100213,2025-01-02 05:25:00,Billing,9.9,241
100214,2025-01-02 06:47:00,Technical,21.76,208
100215,2025-01-02 06:22:00,General,11.16,229
100216,2025-01-02 06:17:00,Technical,25.08,242
100217,2025-01-02 06:13:00,Technical,25.09,231
100218,2025-01-02 07:12:00,General,14.13,218
100219,2025-01-02 07:44:00,Technical,26.46,242
100220,2025-01-02 07:33:00,General,4.72,230
100221,2025-01-02 07:12:00,Billing,2.0,213
100222,2025-01-02 07:43:00,Billing,15.79,247
100223,2025-01-02 07:29:00,Billing,6.05,225
100224,2025-01-02 07:48:00,Billing,13.21,203
100225,2025-01-02 08:17:00,General,8.51,237
100226,2025-01-02 08:23:00,Billing,2.2,204
100227,2025-01-02 08:57:00,Billing,4.38,237
100228,2025-01-02 08:55:00,General,7.5,246
100229,2025-01-02 08:12:00,Technical,22.52,234
100230,2025-01-02 08:52:00,Billing,8.5,245
100231,2025-01-02 08:42:00,Billing,9.48,234
100232,2025-01-02 08:53:00,Billing,9.41,247
100233,2025-01-02 08:08:00,Billing,9.52,235
100234,2025-01-02 08:34:00,Technical,19.9,250
100235,2025-01-02 08:16:00,Technical,25.53,224
100236,2025-01-02 08:46:00,General,14.71,225
100237,2025-01-02 08:13:00,Technical,23.0,237
100238,2025-01-02 08:27:00,Billing,6.91,229
100239,2025-01-02 08:24:00,General,9.75,234
100240,2025-01-02 09:07:00,Billing,2.75,205
100241,2025-01-02 09:17:00,Billing,4.23,206
100242,2025-01-02 09:50:00,General,8.13,203
100243,2025-01-02 09:33:00,Billing,11.09,240
100244,2025-01-02 09:18:00,Technical,26.75,216
100245,2025-01-02 09:32:00,Technical,23.92,248
100246,2025-01-02 09:41:00,General,9.51,236
100247,2025-01-02 09:37:00,Technical,27.57,207
100248,2025-01-02 09:30:00,General,7.88,223
100249,2025-01-02 09:31:00,Billing,9.67,243
100250,2025-01-02 09:11:00,Billing,12.7,239
100251,2025-01-02 09:12:00,Billing,9.03,246
100252,2025-01-02 09:33:00,Billing,5.03,224
100253,2025-01-02 09:47:00,General,8.46,206
100254,2025-01-02 09:33:00,Billing,7.86,228
100255,2025-01-02 09:29:00,Technical,24.01,237
100256,2025-01-02 09:49:00,Billing,8.53,204
100257,2025-01-02 10:09:00,Billing,9.23,201
100258,2025-01-02 10:51:00,Billing,14.06,212
100259,2025-01-02 10:10:00,Billing,5.78,233
100260,2025-01-02 10:57:00,Billing,12.7,223
100261,2025-01-02 10:45:00,Technical,24.8,234
100262,2025-01-02 10:38:00,General,3.66,215
100263,2025-01-02 10:28:00,General,2.0,211
100264,2025-01-02 10:21:00,Billing,8.73,211
100265,2025-01-02 10:16:00,Billing,6.31,244
100266,2025-01-02 10:36:00,Billing,9.29,220
100267,2025-01-02 10:56:00,Billing,8.73,205
100268,2025-01-02 10:14:00,General,10.69,234
100269,2025-01-02 10:48:00,Billing,7.38,225
100270,2025-01-02 11:24:00,Technical,21.35,217
100271,2025-01-02 11:07:00,Billing,8.46,215
100272,2025-01-02 11:28:00,Technical,23.89,244
100273,2025-01-02 11:57:00,Billing,8.07,203
100274,2025-01-02 11:19:00,Billing,12.91,236
100275,2025-01-02 11:47:00,Technical,29.5,222
100276,2025-01-02 11:10:00,Technical,27.52,213
100277,2025-01-02 11:20:00,Billing,6.04,218
100278,2025-01-02 11:37:00,Technical,25.99,232
100279,2025-01-02 11:24:00,Technical,24.78,233
100280,2025-01-02 11:50:00,General,8.77,224
100281,2025-01-02 11:11:00,Billing,9.41,246
100282,2025-01-02 11:19:00,Billing,15.21,233
100283,2025-01-02 11:31:00,Technical,24.93,250
100284,2025-01-02 11:12:00,Billing,5.37,230
100285,2025-01-02 11:51:00,Billing,8.11,226
100286,2025-01-02 11:45:00,Billing,8.59,250
100287,2025-01-02 11:41:00,General,4.81,244
100288,2025-01-02 12:49:00,General,8.18,212
100289,2025-01-02 12:49:00,General,6.06,228
100290,2025-01-02 12:06:00,General,11.15,211
100291,2025-01-02 13:22:00,Billing,6.39,212
100292,2025-01-02 13:54:00,Billing,7.04,246
100293,2025-01-02 13:07:00,Billing,9.27,229
100294,2025-01-02 13:17:00,General,7.93,206
100295,2025-01-02 13:21:00,General,14.43,237
100296,2025-01-02 13:09:00,General,8.11,235
100297,2025-01-02 13:53:00,Billing,8.36,215
100298,2025-01-02 14:52:00,General,3.31,234
100299,2025-01-02 14:01:00,Technical,31.01,215
100300,2025-01-02 14:50:00,General,3.1,212
100301,2025-01-02 14:17:00,Billing,6.28,240
100302,2025-01-02 14:35:00,General,10.25,248
100303,2025-01-02 14:41:00,Technical,22.85,244
100304,2025-01-02 14:37:00,Billing,2.0,245
100305,2025-01-02 15:38:00,Technical,26.14,206
100306,2025-01-02 15:34:00,Technical,22.38,237
100307,2025-01-02 15:00:00,Billing,3.12,240
100308,2025-01-02 15:30:00,Technical,20.78,211
100309,2025-01-02 16:07:00,Technical,23.34,243
100310,2025-01-02 16:27:00,General,5.77,243
100311,2025-01-02 16:36:00,General,4.09,212
100312,2025-01-02 16:27:00,Technical,26.15,247
100313,2025-01-02 16:43:00,General,9.29,220
100314,2025-01-02 17:04:00,Billing,10.2,233
100315,2025-01-02 17:13:00,Technical,24.76,212
100316,2025-01-02 17:30:00,Billing,10.75,247
100317,2025-01-02 17:22:00,Technical,26.04,244
100318,2025-01-02 18:20:00,General,5.8,201
100319,2025-01-02 18:28:00,General,9.52,232
100320,2025-01-02 18:17:00,Billing,7.69,217
100321,2025-01-02 19:05:00,Billing,7.92,209
100322,2025-01-02 19:10:00,General,7.21,204
100323,2025-01-02 19:37:00,Technical,23.48,246
100324,2025-01-02 19:12:00,General,10.7,241
100325,2025-01-02 19:44:00,Billing,7.58,211
100326,2025-01-02 19:20:00,Billing,10.94,215
100327,2025-01-02 19:57:00,Technical,21.0,207
100328,2025-01-02 19:32:00,Technical,27.62,249
100329,2025-01-02 19:34:00,Technical,18.53,244
100330,2025-01-02 19:13:00,Billing,4.43,210
100331,2025-01-02 19:08:00,General,8.94,203
100332,2025-01-02 20:42:00,Technical,24.55,248
100333,2025-01-02 20:45:00,Technical,20.1,250
100334,2025-01-02 20:42:00,General,11.96,216
100335,2025-01-02 20:14:00,Technical,25.26,225
100336,2025-01-02 20:12:00,Technical,21.35,222
100337,2025-01-02 20:13:00,Billing,6.55,204
100338,2025-01-02 21:03:00,Technical,22.03,226
100339,2025-01-02 21:10:00,Billing,10.82,207
100340,2025-01-02 21:06:00,Technical,25.32,249
100341,2025-01-02 21:41:00,Technical,21.0,236
100342,2025-01-02 21:46:00,Technical,26.43,213
100343,2025-01-02 22:07:00,General,2.0,224
100344,2025-01-02 22:49:00,Billing,10.24,224
100345,2025-01-02 22:38:00,General,5.9,210
100346,2025-01-02 22:54:00,General,6.3,250
100347,2025-01-02 22:48:00,Billing,9.3,235
100348,2025-01-02 22:21:00,General,15.4,248
100349,2025-01-02 23:56:00,Technical,19.32,225
100350,2025-01-02 23:02:00,General,9.24,242
100351,2025-01-02 23:38:00,Technical,22.68,241
100352,2025-01-02 23:41:00,Technical,25.91,232
100353,2025-01-03 00:02:00,General,6.4,209
100354,2025-01-03 00:03:00,Billing,6.05,213
100355,2025-01-03 01:37:00,Technical,21.33,208
100356,2025-01-03 01:02:00,Technical,19.02,222
100357,2025-01-03 01:22:00,Technical,26.12,244
100358,2025-01-03 02:56:00,General,9.62,216
100359,2025-01-03 02:29:00,Technical,22.24,216
100360,2025-01-03 02:22:00,Billing,2.0,228
100361,2025-01-03 02:53:00,General,6.5,205
100362,2025-01-03 02:29:00,General,5.74,221
100363,2025-01-03 03:13:00,Billing,10.37,236
100364,2025-01-03 03:20:00,Billing,5.64,202
100365,2025-01-03 03:08:00,General,4.01,201
100366,2025-01-03 03:03:00,Billing,4.69,218
100367,2025-01-03 03:34:00,Technical,18.54,222
100368,2025-01-03 04:15:00,General,8.8,207
100369,2025-01-03 04:08:00,Billing,8.97,215
100370,2025-01-03 04:17:00,Technical,26.61,214
100371,2025-01-03 04:09:00,General,5.3,225
100372,2025-01-03 04:30:00,Technical,19.09,214
100373,2025-01-03 04:15:00,Billing,7.35,246
100374,2025-01-03 04:24:00,Billing,2.0,213
100375,2025-01-03 05:03:00,Billing,8.19,245
100376,2025-01-03 05:12:00,Technical,24.79,231
100377,2025-01-03 06:22:00,Technical,26.46,219
100378,2025-01-03 06:24:00,Billing,4.01,202
100379,2025-01-03 06:49:00,Technical,25.83,231
100380,2025-01-03 06:15:00,Technical,23.16,216
100381,2025-01-03 07:37:00,Technical,24.09,239
100382,2025-01-03 07:34:00,General,6.7,207
100383,2025-01-03 07:21:00,Technical,28.98,214
100384,2025-01-03 07:54:00,Billing,9.25,202
100385,2025-01-03 07:20:00,Billing,7.69,238
100386,2025-01-03 08:20:00,Billing,3.56,226
100387,2025-01-03 08:20:00,Billing,8.55,218
100388,2025-01-03 08:48:00,Billing,7.63,211
100389,2025-01-03 08:51:00,Technical,23.69,226
100390,2025-01-03 08:17:00,Billing,6.83,240
100391,2025-01-03 08:28:00,General,9.66,229
100392,2025-01-03 08:40:00,Technical,25.85,217
100393,2025-01-03 08:40:00,Technical,25.62,201
100394,2025-01-03 08:49:00,General,7.41,240
100395,2025-01-03 08:10:00,Technical,23.86,234
100396,2025-01-03 08:16:00,Billing,3.47,223
100397,2025-01-03 08:18:00,Technical,24.17,205
100398,2025-01-03 09:23:00,Technical,23.9,235
100399,2025-01-03 09:04:00,Billing,8.55,220
100400,2025-01-03 09:10:00,General,3.96,215
100401,2025-01-03 09:50:00,General,5.09,228
100402,2025-01-03 09:53:00,Billing,11.73,232
100403,2025-01-03 09:09:00,Billing,2.0,238
100404,2025-01-03 09:07:00,Billing,10.85,240
100405,2025-01-03 09:01:00,Technical,25.1,215
100406,2025-01-03 09:13:00,Billing,8.84,241
100407,2025-01-03 09:57:00,Technical,22.22,250
100408,2025-01-03 09:01:00,Billing,7.78,213
100409,2025-01-03 09:30:00,Technical,21.8,216
100410,2025-01-03 09:14:00,General,5.44,217
100411,2025-01-03 09:54:00,General,9.08,209
100412,2025-01-03 09:24:00,Billing,2.79,250
100413,2025-01-03 09:29:00,General,2.16,220
100414,2025-01-03 09:55:00,Billing,8.63,221
100415,2025-01-03 09:31:00,Billing,7.51,230
100416,2025-01-03 10:39:00,General,11.64,246
100417,2025-01-03 10:43:00,General,7.58,232
100418,2025-01-03 10:21:00,Billing,8.98,228
100419,2025-01-03 10:17:00,Billing,8.09,202
100420,2025-01-03 10:30:00,Billing,10.44,215
100421,2025-01-03 10:23:00,Technical,26.73,244
100422,2025-01-03 10:55:00,General,14.9,203
100423,2025-01-03 10:18:00,Billing,11.23,223
100424,2025-01-03 10:36:00,Technical,25.99,247
100425,2025-01-03 10:57:00,Billing,10.7,216
100426,2025-01-03 10:03:00,General,9.62,240
100427,2025-01-03 10:41:00,Billing,9.02,234
100428,2025-01-03 10:38:00,Billing,13.01,227
100429,2025-01-03 10:40:00,Billing,9.18,248
100430,2025-01-03 10:25:00,General,7.6,212
100431,2025-01-03 10:13:00,General,8.04,234
100432,2025-01-03 10:30:00,General,11.38,206
100433,2025-01-03 10:36:00,General,10.35,204
100434,2025-01-03 10:53:00,Billing,11.63,235
100435,2025-01-03 10:37:00,Billing,9.86,221
100436,2025-01-03 10:44:00,Billing,6.82,220
100437,2025-01-03 10:06:00,Technical,23.76,204
100438,2025-01-03 11:55:00,Billing,10.2,224
100439,2025-01-03 11:17:00,Technical,22.02,219
100440,2025-01-03 11:45:00,Billing,7.98,219
100441,2025-01-03 11:44:00,Billing,11.94,212
100442,2025-01-03 11:18:00,General,10.84,248
100443,2025-01-03 11:29:00,Billing,10.05,249
100444,2025-01-03 11:58:00,Technical,24.75,228
100445,2025-01-03 11:10:00,General,7.63,245
100446,2025-01-03 11:46:00,Billing,7.81,227
100447,2025-01-03 11:46:00,Technical,31.81,214
100448,2025-01-03 11:09:00,General,8.91,250
100449,2025-01-03 11:42:00,Billing,3.87,249
100450,2025-01-03 11:58:00,Technical,30.04,245
100451,2025-01-03 11:18:00,General,10.2,242
100452,2025-01-03 11:36:00,General,6.25,220
100453,2025-01-03 12:49:00,General,4.1,235
100454,2025-01-03 12:53:00,Technical,27.7,246
100455,2025-01-03 12:56:00,Technical,27.33,231
100456,2025-01-03 12:23:00,General,7.04,244
100457,2025-01-03 13:54:00,Billing,7.95,228
100458,2025-01-03 14:42:00,General,8.39,221
100459,2025-01-03 14:32:00,Technical,23.53,227
100460,2025-01-03 14:14:00,Billing,8.74,248
100461,2025-01-03 14:41:00,General,8.26,226
100462,2025-01-03 14:57:00,Technical,27.65,221
100463,2025-01-03 14:02:00,Billing,5.24,223
100464,2025-01-03 15:06:00,Billing,5.8,222
100465,2025-01-03 15:16:00,Technical,22.57,224
100466,2025-01-03 15:40:00,Billing,9.29,239
100467,2025-01-03 15:16:00,General,10.08,234
100468,2025-01-03 15:20:00,Billing,4.78,205
100469,2025-01-03 15:47:00,General,2.0,202
100470,2025-01-03 16:50:00,Billing,8.22,249
100471,2025-01-03 16:06:00,Billing,7.93,221
100472,2025-01-03 16:21:00,Billing,11.49,215
100473,2025-01-03 16:20:00,Billing,5.69,215
100474,2025-01-03 16:40:00,General,6.92,240
100475,2025-01-03 17:07:00,Technical,26.53,244
100476,2025-01-03 17:51:00,Technical,22.08,223
100477,2025-01-03 17:49:00,General,7.98,243
100478,2025-01-03 18:39:00,General,10.3,218
100479,2025-01-03 18:19:00,Billing,7.42,206
100480,2025-01-03 18:02:00,General,10.5,227
100481,2025-01-03 18:39:00,Billing,6.72,238
100482,2025-01-03 18:36:00,Billing,6.36,232
100483,2025-01-03 18:42:00,Technical,23.45,237
100484,2025-01-03 18:31:00,Technical,22.79,209
100485,2025-01-03 19:26:00,Billing,8.61,205
100486,2025-01-03 19:33:00,Technical,30.38,226
100487,2025-01-03 19:04:00,Billing,8.67,235
100488,2025-01-03 19:49:00,Billing,8.81,206
100489,2025-01-03 19:43:00,General,8.91,211
100490,2025-01-03 19:23:00,General,4.02,234
100491,2025-01-03 19:11:00,General,11.25,228
100492,2025-01-03 19:25:00,Technical,23.63,233
100493,2025-01-03 19:51:00,Billing,7.09,234
100494,2025-01-03 20:15:00,General,5.29,234
100495,2025-01-03 20:39:00,Billing,8.97,228
100496,2025-01-03 20:00:00,Technical,26.41,208
100497,2025-01-03 20:02:00,Billing,4.98,204
100498,2025-01-03 20:20:00,General,6.21,235
100499,2025-01-03 20:52:00,General,4.36,246
100500,2025-01-03 20:08:00,General,7.4,235
100501,2025-01-03 21:33:00,Billing,8.9,246
100502,2025-01-03 21:34:00,Technical,25.42,219
100503,2025-01-03 21:13:00,General,11.3,220
100504,2025-01-03 21:37:00,Billing,6.78,223
100505,2025-01-03 22:51:00,Technical,24.8,214
100506,2025-01-03 22:13:00,Billing,2.9,211
100507,2025-01-03 22:40:00,Billing,9.58,214
100508,2025-01-03 22:45:00,General,9.28,222
100509,2025-01-03 22:54:00,General,10.7,216
100510,2025-01-03 22:04:00,Billing,8.21,248
100511,2025-01-03 22:02:00,General,11.49,244
100512,2025-01-03 22:23:00,Billing,10.93,232
100513,2025-01-03 22:44:00,Technical,26.5,223
100514,2025-01-03 22:46:00,Technical,23.04,215
100515,2025-01-03 23:21:00,Billing,2.51,212
100516,2025-01-03 23:33:00,Technical,26.27,227
100517,2025-01-03 23:00:00,General,8.43,208
100518,2025-01-03 23:16:00,Technical,24.68,212
100519,2025-01-03 23:26:00,Technical,24.45,208
100520,2025-01-03 23:44:00,Billing,2.0,249
100521,2025-01-03 23:13:00,Technical,20.4,235
100522,2025-01-03 23:37:00,Technical,32.45,249
100523,2025-01-04 01:25:00,Billing,5.89,239
100524,2025-01-04 02:50:00,Billing,5.34,239
100525,2025-01-04 02:38:00,Technical,25.81,213
100526,2025-01-04 02:45:00,Technical,24.81,245
100527,2025-01-04 02:43:00,Billing,6.23,219
100528,2025-01-04 02:11:00,Technical,25.8,248
100529,2025-01-04 03:46:00,General,9.53,223
100530,2025-01-04 03:03:00,Billing,6.87,230
100531,2025-01-04 03:35:00,General,9.73,218
100532,2025-01-04 03:48:00,Billing,11.4,233
100533,2025-01-04 03:50:00,Technical,31.6,215
100534,2025-01-04 04:52:00,Billing,9.35,202
100535,2025-01-04 04:02:00,Technical,21.78,216
100536,2025-01-04 04:11:00,General,9.68,235
100537,2025-01-04 04:54:00,Technical,27.75,245
100538,2025-01-04 04:23:00,Billing,7.48,238
100539,2025-01-04 04:53:00,General,3.54,243
100540,2025-01-04 05:02:00,General,12.18,203
100541,2025-01-04 05:14:00,General,7.25,241
100542,2025-01-04 05:57:00,Technical,27.38,236
100543,2025-01-04 06:36:00,Technical,19.75,201
100544,2025-01-04 06:42:00,Billing,11.93,247
100545,2025-01-04 06:10:00,Billing,12.19,249
100546,2025-01-04 07:30:00,General,12.54,204
100547,2025-01-04 07:49:00,Billing,14.11,205
100548,2025-01-04 08:41:00,Billing,7.88,237
100549,2025-01-04 08:36:00,General,4.46,242
100550,2025-01-04 08:17:00,Billing,2.0,209
100551,2025-01-04 08:12:00,General,4.34,247
100552,2025-01-04 08:44:00,Billing,15.9,222
100553,2025-01-04 08:22:00,Billing,2.58,203
100554,2025-01-04 08:48:00,Billing,5.64,221
100555,2025-01-04 08:43:00,Billing,6.14,221
100556,2025-01-04 09:35:00,Billing,7.91,219
100557,2025-01-04 09:26:00,Billing,6.3,234
100558,2025-01-04 09:20:00,General,11.26,211
100559,2025-01-04 09:04:00,Technical,25.29,217
100560,2025-01-04 09:05:00,Technical,23.43,217
100561,2025-01-04 09:25:00,General,7.89,248
100562,2025-01-04 09:54:00,Billing,7.84,236
100563,2025-01-04 09:32:00,Billing,12.92,224
100564,2025-01-04 09:50:00,Technical,27.23,250
100565,2025-01-04 09:52:00,General,8.56,214
100566,2025-01-04 09:46:00,Technical,31.33,204
100567,2025-01-04 09:34:00,General,4.49,248
100568,2025-01-04 09:07:00,General,3.85,219
100569,2025-01-04 09:02:00,Billing,10.89,205
100570,2025-01-04 10:55:00,Billing,6.12,230
100571,2025-01-04 10:46:00,General,10.59,235
100572,2025-01-04 10:06:00,General,10.86,230
100573,2025-01-04 10:00:00,Billing,9.54,236
100574,2025-01-04 10:39:00,General,6.08,208
100575,2025-01-04 10:08:00,General,9.3,201
100576,2025-01-04 10:08:00,General,5.7,234
100577,2025-01-04 10:03:00,Billing,8.64,230
100578,2025-01-04 10:13:00,Billing,9.41,213
100579,2025-01-04 11:12:00,Billing,2.43,247
100580,2025-01-04 11:22:00,Billing,7.16,214
100581,2025-01-04 11:54:00,Billing,11.08,227
100582,2025-01-04 11:16:00,Billing,11.45,241
100583,2025-01-04 11:12:00,Billing,8.84,221
100584,2025-01-04 11:30:00,Billing,12.44,217
100585,2025-01-04 11:31:00,General,6.56,210
100586,2025-01-04 11:31:00,Technical,23.05,250
100587,2025-01-04 11:27:00,Billing,8.57,246
100588,2025-01-04 12:13:00,General,7.92,234
100589,2025-01-04 12:33:00,Billing,2.69,211
100590,2025-01-04 12:48:00,Billing,5.39,229
100591,2025-01-04 12:31:00,Billing,7.36,222
100592,2025-01-04 13:10:00,General,5.42,201
100593,2025-01-04 14:50:00,General,11.38,213
100594,2025-01-04 14:50:00,Technical,26.81,237
100595,2025-01-04 14:22:00,Billing,7.49,226
100596,2025-01-04 15:23:00,Billing,7.49,244
100597,2025-01-04 15:03:00,Billing,8.6,247
100598,2025-01-04 15:18:00,General,7.44,212
100599,2025-01-04 15:16:00,General,2.78,237
100600,2025-01-04 16:36:00,Technical,24.14,213
100601,2025-01-04 16:01:00,Technical,25.98,216
100602,2025-01-04 16:21:00,Billing,9.18,233
100603,2025-01-04 16:22:00,General,9.89,245
100604,2025-01-04 18:00:00,General,6.97,236
100605,2025-01-04 18:42:00,Billing,13.89,235
100606,2025-01-04 19:01:00,Technical,25.88,222
100607,2025-01-04 19:13:00,General,7.45,210
100608,2025-01-04 19:11:00,Billing,5.42,224
100609,2025-01-04 19:24:00,General,11.59,236
100610,2025-01-04 21:46:00,Billing,5.71,230
100611,2025-01-04 21:36:00,Billing,8.41,206
100612,2025-01-04 21:54:00,Technical,21.38,207
100613,2025-01-04 22:35:00,Billing,4.16,213
100614,2025-01-04 22:24:00,General,8.52,208
100615,2025-01-04 23:28:00,General,8.73,241
100616,2025-01-05 00:54:00,Technical,25.45,205
100617,2025-01-05 00:19:00,Technical,25.08,250
100618,2025-01-05 00:16:00,Technical,29.41,226
100619,2025-01-05 01:09:00,Technical,25.98,245
100620,2025-01-05 02:56:00,Technical,28.73,247
100621,2025-01-05 02:45:00,Billing,5.3,250
100622,2025-01-05 02:40:00,Technical,24.99,211
100623,2025-01-05 02:32:00,Billing,10.32,250
100624,2025-01-05 03:45:00,General,8.85,213
100625,2025-01-05 03:02:00,Technical,29.71,230
100626,2025-01-05 03:43:00,General,10.86,233
100627,2025-01-05 03:10:00,Billing,7.87,213
100628,2025-01-05 03:40:00,Technical,29.85,216
100629,2025-01-05 04:17:00,Technical,21.7,219
100630,2025-01-05 04:16:00,Billing,5.53,243
100631,2025-01-05 04:15:00,Billing,11.95,202
100632,2025-01-05 04:29:00,General,11.15,232
100633,2025-01-05 04:29:00,Billing,7.05,201
100634,2025-01-05 05:54:00,Technical,23.53,208
100635,2025-01-05 05:21:00,General,9.41,237
100636,2025-01-05 05:44:00,Billing,10.65,210
100637,2025-01-05 05:53:00,General,7.35,227
100638,2025-01-05 05:06:00,General,18.49,249
100639,2025-01-05 05:19:00,Technical,20.61,230
100640,2025-01-05 05:13:00,General,8.3,217
100641,2025-01-05 05:51:00,General,9.76,229
100642,2025-01-05 06:40:00,Billing,3.42,205
100643,2025-01-05 06:16:00,Billing,8.1,222
100644,2025-01-05 06:50:00,General,3.38,221
100645,2025-01-05 07:06:00,General,13.95,226
100646,2025-01-05 07:41:00,General,12.23,220
100647,2025-01-05 07:51:00,Technical,23.78,245
100648,2025-01-05 08:23:00,General,2.0,227
100649,2025-01-05 08:35:00,General,8.6,234
100650,2025-01-05 08:33:00,General,11.18,249
100651,2025-01-05 08:55:00,Technical,23.56,223
100652,2025-01-05 08:40:00,General,10.86,206
100653,2025-01-05 08:09:00,Billing,2.0,240
100654,2025-01-05 09:04:00,General,11.65,213
100655,2025-01-05 09:49:00,Technical,27.46,230
100656,2025-01-05 09:13:00,Billing,10.59,248
100657,2025-01-05 09:53:00,General,9.74,236
100658,2025-01-05 10:24:00,Billing,3.23,221
100659,2025-01-05 10:48:00,Technical,27.38,201
100660,2025-01-05 10:14:00,General,4.38,232
100661,2025-01-05 10:05:00,Billing,7.46,201
100662,2025-01-05 10:40:00,Billing,7.39,229
100663,2025-01-05 10:05:00,Billing,7.8,206
100664,2025-01-05 10:44:00,Technical,27.21,201
100665,2025-01-05 10:25:00,Billing,11.42,215
100666,2025-01-05 10:48:00,Technical,27.38,219
100667,2025-01-05 10:34:00,General,7.34,240
100668,2025-01-05 10:54:00,General,11.23,204
100669,2025-01-05 10:28:00,Technical,26.09,219
100670,2025-01-05 11:56:00,Technical,27.9,237
100671,2025-01-05 11:13:00,Billing,6.32,203
100672,2025-01-05 11:51:00,General,8.08,216
100673,2025-01-05 11:32:00,Billing,8.31,249
100674,2025-01-05 11:11:00,Billing,4.32,217
100675,2025-01-05 11:04:00,General,6.7,228
100676,2025-01-05 11:18:00,Technical,23.39,222
100677,2025-01-05 11:01:00,Billing,2.88,230
100678,2025-01-05 11:53:00,Billing,8.48,207
100679,2025-01-05 11:13:00,Technical,26.51,223
100680,2025-01-05 11:28:00,Technical,23.76,224
100681,2025-01-05 11:09:00,Billing,8.78,241
100682,2025-01-05 11:16:00,General,8.1,202
100683,2025-01-05 12:25:00,General,5.72,220
100684,2025-01-05 12:58:00,Technical,21.68,203
100685,2025-01-05 13:09:00,Billing,3.02,238
100686,2025-01-05 13:28:00,General,5.83,247
100687,2025-01-05 14:19:00,Technical,25.53,235
100688,2025-01-05 14:47:00,Technical,28.57,206
100689,2025-01-05 15:25:00,General,11.04,225
100690,2025-01-05 15:21:00,Billing,7.36,236
100691,2025-01-05 15:24:00,General,8.83,245
100692,2025-01-05 16:00:00,Technical,24.02,210
100693,2025-01-05 17:16:00,General,3.13,210
100694,2025-01-05 17:58:00,Billing,5.41,221
100695,2025-01-05 17:27:00,General,7.58,247
100696,2025-01-05 18:41:00,Technical,29.7,250
100697,2025-01-05 18:39:00,General,11.87,239
100698,2025-01-05 18:46:00,Billing,9.08,233
100699,2025-01-05 19:49:00,Billing,9.7,203
100700,2025-01-05 19:29:00,Billing,12.79,248
100701,2025-01-05 20:02:00,General,12.9,210
100702,2025-01-05 20:16:00,Technical,27.93,209
100703,2025-01-05 20:42:00,Billing,5.74,225
100704,2025-01-05 20:57:00,Billing,6.74,243
100705,2025-01-05 21:17:00,General,12.09,234
100706,2025-01-05 21:12:00,Technical,26.4,204
100707,2025-01-05 21:06:00,Technical,29.03,243
100708,2025-01-05 21:49:00,Technical,23.52,201
100709,2025-01-05 22:49:00,General,12.33,207
100710,2025-01-05 22:03:00,General,7.37,205
100711,2025-01-05 22:11:00,Billing,11.8,227
100712,2025-01-05 23:31:00,General,6.0,232
100713,2025-01-05 23:45:00,General,11.02,242
100714,2025-01-05 23:48:00,Billing,5.3,221
100715,2025-01-06 00:29:00,Technical,22.7,222
100716,2025-01-06 00:31:00,Billing,2.0,246
100717,2025-01-06 00:47:00,Billing,4.8,223
100718,2025-01-06 00:36:00,Technical,26.86,206
100719,2025-01-06 00:29:00,General,9.23,222
100720,2025-01-06 00:31:00,Technical,22.04,242
100721,2025-01-06 00:57:00,General,2.65,210
100722,2025-01-06 01:53:00,Billing,5.55,215
100723,2025-01-06 01:23:00,General,5.3,208
100724,2025-01-06 01:32:00,General,12.49,219
100725,2025-01-06 01:39:00,Technical,23.49,247
100726,2025-01-06 02:28:00,General,7.87,239
100727,2025-01-06 02:25:00,Billing,13.79,217
100728,2025-01-06 02:06:00,Billing,10.58,249
100729,2025-01-06 02:00:00,General,7.3,249
100730,2025-01-06 02:02:00,Technical,26.26,215
100731,2025-01-06 03:53:00,Billing,10.59,241
100732,2025-01-06 03:40:00,Technical,29.0,245
100733,2025-01-06 03:10:00,Technical,25.13,246
100734,2025-01-06 03:56:00,Billing,7.17,240
100735,2025-01-06 03:27:00,General,10.82,249
100736,2025-01-06 03:14:00,Billing,11.6,220
100737,2025-01-06 03:58:00,General,6.52,242
100738,2025-01-06 03:39:00,Billing,6.09,204
100739,2025-01-06 03:51:00,Technical,21.43,211
100740,2025-01-06 04:27:00,Billing,7.37,231
100741,2025-01-06 04:55:00,General,14.33,215
100742,2025-01-06 05:51:00,Technical,29.02,217
100743,2025-01-06 05:18:00,Billing,4.61,244
100744,2025-01-06 05:27:00,General,6.67,206
100745,2025-01-06 06:53:00,General,6.56,216
100746,2025-01-06 06:58:00,Billing,4.73,202
100747,2025-01-06 06:11:00,Technical,22.65,210
100748,2025-01-06 06:25:00,Technical,22.28,223
100749,2025-01-06 06:31:00,Technical,29.56,249
100750,2025-01-06 06:37:00,Billing,4.72,203
100751,2025-01-06 06:00:00,Technical,27.67,230
100752,2025-01-06 06:12:00,Billing,9.79,227
100753,2025-01-06 06:21:00,Technical,22.15,210
100754,2025-01-06 07:00:00,Technical,21.97,237
100755,2025-01-06 07:05:00,Billing,2.11,221
100756,2025-01-06 07:45:00,General,9.34,250
100757,2025-01-06 07:24:00,General,11.33,246
100758,2025-01-06 07:39:00,General,10.01,213
100759,2025-01-06 08:47:00,Billing,7.12,227
100760,2025-01-06 08:31:00,General,11.48,210
100761,2025-01-06 08:26:00,Billing,5.57,235
100762,2025-01-06 08:34:00,Technical,21.77,211
100763,2025-01-06 08:50:00,Billing,4.52,211
100764,2025-01-06 08:21:00,Billing,7.29,238
100765,2025-01-06 08:23:00,Billing,6.42,250
100766,2025-01-06 08:42:00,General,5.69,235
100767,2025-01-06 08:04:00,General,6.8,221
100768,2025-01-06 08:28:00,Technical,23.0,219
100769,2025-01-06 08:09:00,Technical,24.49,243
100770,2025-01-06 08:10:00,Technical,28.16,246
100771,2025-01-06 09:04:00,Technical,25.6,221
100772,2025-01-06 09:19:00,General,11.36,238
100773,2025-01-06 09:10:00,Technical,26.65,232
100774,2025-01-06 09:17:00,Technical,28.57,223
100775,2025-01-06 09:43:00,General,11.51,205
100776,2025-01-06 09:53:00,Billing,8.53,210
100777,2025-01-06 09:00:00,Technical,25.16,207
100778,2025-01-06 09:21:00,Technical,26.69,250
100779,2025-01-06 09:28:00,Technical,22.36,246
100780,2025-01-06 09:11:00,Billing,12.66,240
100781,2025-01-06 09:29:00,General,10.56,238
100782,2025-01-06 09:12:00,Technical,17.41,202
100783,2025-01-06 09:37:00,Technical,24.11,202
100784,2025-01-06 10:07:00,Technical,23.6,229
100785,2025-01-06 10:29:00,Technical,24.55,217
100786,2025-01-06 10:44:00,Technical,21.61,247
100787,2025-01-06 10:26:00,Technical,26.87,223
100788,2025-01-06 10:07:00,Billing,8.87,215
100789,2025-01-06 10:29:00,General,8.22,246
100790,2025-01-06 10:29:00,Billing,9.03,229
100791,2025-01-06 10:10:00,Billing,8.93,234
100792,2025-01-06 10:19:00,Billing,6.02,250
100793,2025-01-06 10:09:00,Billing,5.89,232
100794,2025-01-06 10:39:00,Billing,2.89,211
100795,2025-01-06 10:07:00,Billing,6.61,229
100796,2025-01-06 10:48:00,Billing,6.86,236
100797,2025-01-06 10:31:00,Technical,23.26,236
100798,2025-01-06 10:37:00,Billing,6.86,224
100799,2025-01-06 10:22:00,Billing,9.0,222
100800,2025-01-06 10:31:00,Technical,26.72,205
100801,2025-01-06 10:09:00,Technical,19.64,240
100802,2025-01-06 10:00:00,Billing,8.35,231
100803,2025-01-06 10:56:00,Billing,7.7,242
100804,2025-01-06 10:24:00,Billing,4.56,248
100805,2025-01-06 10:11:00,Technical,23.49,240
100806,2025-01-06 11:31:00,Billing,8.52,209
100807,2025-01-06 11:25:00,General,4.88,227
100808,2025-01-06 11:11:00,Technical,31.32,244
100809,2025-01-06 11:06:00,Technical,23.82,235
100810,2025-01-06 11:58:00,General,9.12,225
100811,2025-01-06 11:39:00,Technical,22.87,213
100812,2025-01-06 11:12:00,General,8.13,226
100813,2025-01-06 11:53:00,General,12.03,204
100814,2025-01-06 11:58:00,General,8.29,238
100815,2025-01-06 11:55:00,Billing,8.51,228
100816,2025-01-06 11:53:00,Billing,7.91,234
100817,2025-01-06 11:31:00,General,11.52,238
100818,2025-01-06 11:13:00,General,4.69,232
100819,2025-01-06 11:02:00,General,8.66,212
100820,2025-01-06 11:51:00,Technical,26.2,225
100821,2025-01-06 11:30:00,Billing,9.4,221
100822,2025-01-06 11:12:00,General,5.48,245
100823,2025-01-06 12:49:00,Technical,22.34,227
100824,2025-01-06 12:25:00,Billing,5.19,247
100825,2025-01-06 12:38:00,General,6.0,237
100826,2025-01-06 12:01:00,Technical,23.18,218
100827,2025-01-06 12:29:00,Technical,26.37,239
100828,2025-01-06 12:17:00,General,12.38,213
100829,2025-01-06 12:29:00,Technical,22.38,221
100830,2025-01-06 13:52:00,Technical,29.6,223
100831,2025-01-06 13:29:00,Technical,24.47,233
100832,2025-01-06 14:41:00,General,10.64,211
100833,2025-01-06 14:30:00,Technical,29.67,217
100834,2025-01-06 14:39:00,Billing,11.38,223
100835,2025-01-06 14:21:00,General,8.54,250
100836,2025-01-06 14:07:00,Billing,6.7,241
100837,2025-01-06 14:50:00,Billing,12.69,211
100838,2025-01-06 14:39:00,Billing,4.3,219
100839,2025-01-06 14:58:00,Technical,21.99,217
100840,2025-01-06 14:37:00,Technical,23.17,237
100841,2025-01-06 14:03:00,General,5.25,222
100842,2025-01-06 15:45:00,General,10.63,219
100843,2025-01-06 15:34:00,Billing,12.42,246
100844,2025-01-06 15:17:00,Billing,3.08,248
100845,2025-01-06 16:15:00,Billing,6.82,212
100846,2025-01-06 16:33:00,Billing,6.07,203
100847,2025-01-06 16:53:00,Billing,2.02,242
100848,2025-01-06 16:18:00,General,4.06,203
100849,2025-01-06 16:02:00,Billing,10.56,227
100850,2025-01-06 17:33:00,Billing,5.15,223
100851,2025-01-06 18:24:00,Billing,13.24,220
100852,2025-01-06 18:32:00,General,9.06,238
100853,2025-01-06 18:57:00,Technical,23.29,246
100854,2025-01-06 18:56:00,Technical,21.37,205
100855,2025-01-06 18:42:00,Billing,7.28,248
100856,2025-01-06 18:20:00,Billing,8.13,228
100857,2025-01-06 18:39:00,General,7.23,223
100858,2025-01-06 19:37:00,General,5.81,229
100859,2025-01-06 19:58:00,Billing,7.25,248
100860,2025-01-06 19:10:00,General,10.66,228
100861,2025-01-06 19:38:00,Billing,12.54,226
100862,2025-01-06 19:53:00,General,9.18,228
100863,2025-01-06 20:11:00,Billing,12.77,201
100864,2025-01-06 20:00:00,Technical,26.67,242
100865,2025-01-06 20:20:00,Billing,3.99,215
100866,2025-01-06 20:07:00,General,2.0,247
100867,2025-01-06 20:53:00,Billing,7.01,226
100868,2025-01-06 21:12:00,Billing,12.48,249
100869,2025-01-06 21:55:00,Billing,9.31,235
100870,2025-01-06 21:22:00,Billing,6.4,225
100871,2025-01-06 21:46:00,Technical,25.68,205
100872,2025-01-06 21:49:00,Billing,10.29,218
100873,2025-01-06 22:34:00,Billing,4.28,217
100874,2025-01-06 22:57:00,Technical,27.21,248
100875,2025-01-06 22:23:00,Billing,4.73,217
100876,2025-01-06 22:35:00,General,7.81,213
100877,2025-01-06 22:13:00,Technical,26.59,237
100878,2025-01-06 22:58:00,Billing,4.39,216
100879,2025-01-06 23:30:00,General,6.81,203
100880,2025-01-06 23:08:00,Billing,13.26,239
100881,2025-01-06 23:07:00,Billing,8.06,207
100882,2025-01-07 00:45:00,General,11.6,244
100883,2025-01-07 00:22:00,Billing,8.42,206
100884,2025-01-07 00:31:00,Billing,7.83,209
100885,2025-01-07 00:19:00,Billing,11.66,206
100886,2025-01-07 00:40:00,Billing,7.72,219
100887,2025-01-07 00:21:00,Billing,9.26,206
100888,2025-01-07 00:54:00,Technical,24.07,211
100889,2025-01-07 00:41:00,Technical,22.09,203
100890,2025-01-07 00:17:00,General,7.47,249
100891,2025-01-07 00:08:00,Billing,3.91,223
100892,2025-01-07 00:51:00,Billing,7.41,223
100893,2025-01-07 01:13:00,General,10.85,242
100894,2025-01-07 01:40:00,Billing,5.48,225
100895,2025-01-07 01:51:00,Technical,24.33,248
100896,2025-01-07 02:11:00,General,9.47,242
100897,2025-01-07 02:58:00,General,6.93,211
100898,2025-01-07 03:46:00,General,5.93,248
100899,2025-01-07 04:26:00,Billing,11.14,227
100900,2025-01-07 04:54:00,Technical,23.32,246
100901,2025-01-07 04:11:00,Billing,9.15,213
100902,2025-01-07 05:29:00,Technical,27.53,223
100903,2025-01-07 05:09:00,Billing,6.89,207
100904,2025-01-07 05:02:00,Billing,2.0,215
100905,2025-01-07 05:45:00,Billing,6.88,219
100906,2025-01-07 05:54:00,Billing,5.99,229
100907,2025-01-07 05:05:00,Billing,5.13,236
100908,2025-01-07 06:53:00,Billing,6.13,229
100909,2025-01-07 06:51:00,Billing,10.23,247
100910,2025-01-07 06:05:00,Billing,6.59,247
100911,2025-01-07 06:19:00,General,3.72,209
100912,2025-01-07 07:03:00,Technical,22.49,229
100913,2025-01-07 07:12:00,General,8.21,242
100914,2025-01-07 08:34:00,Billing,6.61,221
100915,2025-01-07 08:18:00,General,4.9,231
100916,2025-01-07 08:01:00,Technical,21.06,202
100917,2025-01-07 08:16:00,Billing,13.3,232
100918,2025-01-07 08:54:00,General,10.78,221
100919,2025-01-07 08:25:00,General,9.63,247
100920,2025-01-07 08:01:00,General,9.99,242
100921,2025-01-07 08:43:00,General,5.83,219
100922,2025-01-07 08:41:00,Billing,6.64,227
100923,2025-01-07 08:01:00,Technical,27.68,249
100924,2025-01-07 08:37:00,Technical,19.84,228
100925,2025-01-07 08:09:00,General,13.48,242
100926,2025-01-07 08:41:00,Billing,12.11,247
100927,2025-01-07 08:15:00,Billing,10.09,245
100928,2025-01-07 09:25:00,Billing,5.46,225
100929,2025-01-07 09:39:00,General,11.75,209
100930,2025-01-07 09:35:00,Technical,21.79,224
100931,2025-01-07 09:01:00,Technical,30.73,231
100932,2025-01-07 09:36:00,General,11.77,228
100933,2025-01-07 09:38:00,Billing,6.74,224
100934,2025-01-07 09:23:00,Billing,11.65,214
100935,2025-01-07 09:57:00,General,8.5,212
100936,2025-01-07 09:35:00,Billing,10.64,225
100937,2025-01-07 09:44:00,Billing,10.11,236
100938,2025-01-07 09:44:00,Technical,20.38,216
100939,2025-01-07 09:03:00,Billing,9.52,221
100940,2025-01-07 09:05:00,Technical,24.29,212
100941,2025-01-07 09:44:00,Billing,8.14,223
100942,2025-01-07 09:43:00,Technical,22.37,217
100943,2025-01-07 09:46:00,General,6.87,244
100944,2025-01-07 10:14:00,Technical,27.64,243
100945,2025-01-07 10:30:00,Billing,10.16,235
100946,2025-01-07 10:58:00,Billing,11.51,220
100947,2025-01-07 10:08:00,Technical,25.4,229
100948,2025-01-07 10:44:00,Billing,2.0,205
100949,2025-01-07 10:24:00,Billing,10.63,208
100950,2025-01-07 10:10:00,Billing,6.12,239
100951,2025-01-07 10:23:00,General,7.14,211
100952,2025-01-07 10:57:00,Technical,28.83,247
100953,2025-01-07 10:01:00,Billing,9.01,229
100954,2025-01-07 10:32:00,General,12.97,203
100955,2025-01-07 10:04:00,General,10.36,227
100956,2025-01-07 10:38:00,Billing,3.27,204
100957,2025-01-07 10:18:00,Technical,26.41,238
100958,2025-01-07 10:56:00,Billing,10.04,222
100959,2025-01-07 10:46:00,Billing,11.29,245
100960,2025-01-07 10:41:00,General,7.11,226
100961,2025-01-07 11:27:00,Technical,24.28,209
100962,2025-01-07 11:13:00,Billing,11.54,211
100963,2025-01-07 11:26:00,Technical,31.84,211
100964,2025-01-07 11:45:00,Billing,13.91,238
100965,2025-01-07 11:27:00,Technical,24.94,201
100966,2025-01-07 11:46:00,General,4.69,207
100967,2025-01-07 11:03:00,Technical,25.41,225
100968,2025-01-07 11:50:00,General,5.9,237
100969,2025-01-07 11:23:00,Billing,11.49,216
100970,2025-01-07 12:53:00,General,2.0,241
100971,2025-01-07 12:22:00,Billing,4.46,250
100972,2025-01-07 12:53:00,Technical,24.74,229
100973,2025-01-07 12:35:00,Billing,9.01,214
100974,2025-01-07 12:28:00,Billing,2.0,245
100975,2025-01-07 13:37:00,Technical,22.94,223
100976,2025-01-07 13:48:00,Technical,23.05,241
100977,2025-01-07 13:56:00,Billing,9.23,207
100978,2025-01-07 13:33:00,Technical,22.48,204
100979,2025-01-07 13:42:00,General,6.49,226
100980,2025-01-07 14:35:00,Billing,7.01,250
100981,2025-01-07 14:42:00,Technical,23.46,227
100982,2025-01-07 15:45:00,Billing,9.47,226
100983,2025-01-07 15:40:00,Technical,32.08,204
100984,2025-01-07 15:11:00,Billing,11.08,230
100985,2025-01-07 15:25:00,Billing,6.04,207
100986,2025-01-07 15:43:00,Technical,22.05,208
100987,2025-01-07 16:09:00,General,3.14,237
100988,2025-01-07 16:53:00,General,3.36,221
100989,2025-01-07 16:28:00,Billing,11.46,233
100990,2025-01-07 16:38:00,Technical,28.57,244
100991,2025-01-07 17:58:00,Technical,20.2,231
100992,2025-01-07 17:48:00,General,8.98,234
100993,2025-01-07 17:21:00,General,11.63,202
100994,2025-01-07 17:56:00,General,11.72,221
100995,2025-01-07 18:22:00,Billing,9.72,205
100996,2025-01-07 18:38:00,General,3.37,215
100997,2025-01-07 18:58:00,Technical,25.4,247
100998,2025-01-07 18:34:00,Billing,5.42,206
100999,2025-01-07 18:37:00,Billing,10.44,213
101000,2025-01-07 18:57:00,General,6.97,220
101001,2025-01-07 18:50:00,Technical,26.73,221
101002,2025-01-07 19:21:00,Billing,9.83,224
101003,2025-01-07 19:43:00,Technical,26.57,201
101004,2025-01-07 19:48:00,Billing,4.53,225
101005,2025-01-07 19:24:00,General,14.77,217
101006,2025-01-07 20:56:00,Technical,27.91,228
101007,2025-01-07 20:26:00,Technical,21.39,232
101008,2025-01-07 20:32:00,Technical,23.92,204
101009,2025-01-07 20:33:00,Billing,7.81,248
101010,2025-01-07 21:54:00,Billing,9.86,245
101011,2025-01-07 21:11:00,Technical,28.12,247
101012,2025-01-07 21:18:00,Technical,29.4,235
101013,2025-01-07 21:25:00,Billing,11.81,246
101014,2025-01-07 21:00:00,General,7.77,243
101015,2025-01-07 21:22:00,General,13.28,219
101016,2025-01-07 22:15:00,Technical,24.25,238
101017,2025-01-07 22:22:00,Technical,21.79,222
101018,2025-01-07 22:45:00,Billing,5.1,208
101019,2025-01-07 22:54:00,Billing,12.89,222
101020,2025-01-07 22:22:00,General,6.25,243
101021,2025-01-07 22:31:00,General,4.48,230
101022,2025-01-07 22:20:00,General,4.26,239
101023,2025-01-07 23:49:00,Billing,5.81,248
101024,2025-01-07 23:44:00,Technical,27.64,231
101025,2025-01-07 23:39:00,Billing,4.77,248
101026,2025-01-07 23:53:00,Billing,2.42,228
101027,2025-01-08 00:56:00,Technical,23.18,238
101028,2025-01-08 00:02:00,Billing,5.96,235
101029,2025-01-08 00:18:00,Billing,7.07,218
101030,2025-01-08 01:33:00,Billing,4.83,225
101031,2025-01-08 01:28:00,Billing,7.95,219
101032,2025-01-08 01:08:00,General,3.4,201
101033,2025-01-08 01:32:00,Billing,10.52,234
101034,2025-01-08 02:09:00,General,9.68,230
101035,2025-01-08 02:17:00,General,5.57,224
101036,2025-01-08 02:08:00,Technical,29.01,226
101037,2025-01-08 02:15:00,General,11.55,215
101038,2025-01-08 02:19:00,Billing,7.68,215
101039,2025-01-08 02:01:00,Technical,28.0,229
101040,2025-01-08 03:41:00,General,5.53,213
101041,2025-01-08 03:12:00,Billing,5.84,212
101042,2025-01-08 03:22:00,Billing,14.04,239
101043,2025-01-08 03:38:00,General,8.41,221
101044,2025-01-08 03:54:00,General,11.01,231
101045,2025-01-08 03:49:00,Technical,22.9,220
101046,2025-01-08 04:53:00,Technical,22.94,220
101047,2025-01-08 04:18:00,General,2.66,222
101048,2025-01-08 04:15:00,Technical,22.5,224
101049,2025-01-08 04:14:00,General,6.09,225
101050,2025-01-08 04:18:00,Billing,6.35,238
101051,2025-01-08 05:17:00,General,9.23,228
101052,2025-01-08 05:44:00,Technical,33.76,213
101053,2025-01-08 05:09:00,General,5.26,234
101054,2025-01-08 05:54:00,Billing,6.71,217
101055,2025-01-08 06:13:00,Billing,10.65,226
101056,2025-01-08 06:58:00,Billing,4.72,208
101057,2025-01-08 06:47:00,General,10.27,232
101058,2025-01-08 06:53:00,General,5.72,204
101059,2025-01-08 07:58:00,Billing,8.53,211
101060,2025-01-08 07:36:00,Technical,21.33,241
101061,2025-01-08 07:16:00,Billing,13.08,235
101062,2025-01-08 07:13:00,General,7.55,248
101063,2025-01-08 07:30:00,Technical,27.0,231
101064,2025-01-08 07:49:00,General,6.28,214
101065,2025-01-08 08:49:00,Billing,9.0,236
101066,2025-01-08 08:12:00,Billing,10.89,241
101067,2025-01-08 08:39:00,Billing,12.35,232
101068,2025-01-08 08:28:00,Technical,25.57,234
101069,2025-01-08 08:06:00,Billing,2.98,229
101070,2025-01-08 08:13:00,Billing,7.34,208
101071,2025-01-08 08:01:00,Billing,5.04,217
101072,2025-01-08 08:19:00,Technical,25.27,221
101073,2025-01-08 08:21:00,Technical,28.28,235
101074,2025-01-08 08:42:00,General,9.29,217
101075,2025-01-08 08:54:00,Billing,10.63,202
101076,2025-01-08 08:16:00,General,11.66,239
101077,2025-01-08 08:04:00,General,10.39,220
101078,2025-01-08 09:21:00,General,8.39,222
101079,2025-01-08 09:54:00,General,5.16,229
101080,2025-01-08 09:00:00,Billing,8.45,233
101081,2025-01-08 09:03:00,General,7.13,204
101082,2025-01-08 09:32:00,Billing,8.38,228
101083,2025-01-08 09:54:00,Billing,7.33,236
101084,2025-01-08 09:49:00,General,7.23,242
101085,2025-01-08 09:48:00,Billing,6.87,213
101086,2025-01-08 09:42:00,Billing,12.99,239
101087,2025-01-08 09:16:00,General,7.0,215
101088,2025-01-08 09:33:00,General,7.72,204
101089,2025-01-08 09:55:00,General,8.1,218
101090,2025-01-08 09:00:00,General,5.56,204
101091,2025-01-08 09:51:00,General,10.47,250
101092,2025-01-08 09:58:00,Billing,5.07,247
101093,2025-01-08 09:50:00,Technical,28.91,206
101094,2025-01-08 10:23:00,Billing,4.81,247
101095,2025-01-08 10:21:00,Billing,5.63,235
101096,2025-01-08 10:28:00,Billing,9.16,241
101097,2025-01-08 10:00:00,Technical,24.85,231
101098,2025-01-08 10:14:00,Billing,11.38,246
101099,2025-01-08 10:02:00,General,4.4,219
101100,2025-01-08 10:15:00,Billing,13.13,244
101101,2025-01-08 10:53:00,Technical,24.49,240
101102,2025-01-08 10:58:00,Billing,6.98,223
101103,2025-01-08 10:52:00,General,8.01,207
101104,2025-01-08 10:31:00,Technical,23.98,219
101105,2025-01-08 10:49:00,General,12.74,217
101106,2025-01-08 10:19:00,Technical,26.96,201
101107,2025-01-08 11:17:00,Billing,10.43,206
101108,2025-01-08 11:44:00,Technical,23.85,227
101109,2025-01-08 11:01:00,General,7.63,233
101110,2025-01-08 11:28:00,Technical,23.7,226
101111,2025-01-08 11:02:00,General,15.0,223
101112,2025-01-08 11:06:00,Technical,29.66,203
101113,2025-01-08 11:30:00,General,2.0,218
101114,2025-01-08 11:51:00,General,8.74,232
101115,2025-01-08 11:09:00,General,11.85,207
101116,2025-01-08 11:16:00,General,9.54,233
101117,2025-01-08 12:14:00,Technical,30.6,227
101118,2025-01-08 12:57:00,General,7.61,202
101119,2025-01-08 12:49:00,Billing,3.84,207
101120,2025-01-08 12:25:00,Technical,23.85,233
101121,2025-01-08 13:45:00,Technical,21.06,233
101122,2025-01-08 13:08:00,Billing,4.82,204
101123,2025-01-08 13:52:00,General,7.86,250
101124,2025-01-08 13:20:00,General,9.99,218
101125,2025-01-08 14:48:00,Billing,5.58,229
101126,2025-01-08 14:08:00,Billing,10.85,213
101127,2025-01-08 14:14:00,Billing,8.73,228
101128,2025-01-08 14:24:00,Billing,8.91,226
101129,2025-01-08 14:27:00,Billing,8.53,249
101130,2025-01-08 14:41:00,Technical,18.41,219
101131,2025-01-08 15:53:00,General,7.51,201
101132,2025-01-08 15:57:00,Billing,13.01,208
101133,2025-01-08 15:27:00,General,5.17,206
101134,2025-01-08 15:42:00,Technical,26.76,226
101135,2025-01-08 15:06:00,Billing,5.79,233
101136,2025-01-08 15:51:00,General,3.5,204
101137,2025-01-08 15:10:00,General,7.72,202
101138,2025-01-08 15:43:00,Technical,27.85,233
101139,2025-01-08 15:23:00,General,7.82,234
101140,2025-01-08 15:39:00,Technical,16.75,202
101141,2025-01-08 16:47:00,Billing,9.27,202
101142,2025-01-08 16:11:00,Billing,10.01,240
101143,2025-01-08 17:21:00,General,12.58,218
101144,2025-01-08 17:50:00,Billing,9.14,240
101145,2025-01-08 17:47:00,Technical,28.69,219
101146,2025-01-08 17:10:00,Billing,9.61,215
101147,2025-01-08 17:57:00,Technical,26.28,205
101148,2025-01-08 18:23:00,Billing,11.35,235
101149,2025-01-08 18:54:00,Billing,8.56,214
101150,2025-01-08 18:16:00,Technical,28.94,217
101151,2025-01-08 18:30:00,General,8.4,201
101152,2025-01-08 18:41:00,Technical,21.55,221
101153,2025-01-08 19:10:00,Technical,26.04,236
101154,2025-01-08 19:28:00,Billing,6.43,242
101155,2025-01-08 19:13:00,Technical,26.52,248
101156,2025-01-08 19:49:00,Technical,26.33,230
101157,2025-01-08 19:23:00,General,2.89,223
101158,2025-01-08 19:53:00,Technical,28.55,244
101159,2025-01-08 19:09:00,Billing,5.42,206
101160,2025-01-08 19:09:00,Technical,24.68,208
101161,2025-01-08 19:05:00,Billing,13.11,221
101162,2025-01-08 19:17:00,Billing,3.41,228
101163,2025-01-08 20:51:00,Technical,17.09,242
101164,2025-01-08 20:33:00,Billing,5.05,240
101165,2025-01-08 20:28:00,General,8.6,231
101166,2025-01-08 21:49:00,Technical,24.82,218
101167,2025-01-08 21:23:00,Billing,6.34,208
101168,2025-01-08 21:51:00,Billing,5.66,249
101169,2025-01-08 22:23:00,Billing,7.22,234
101170,2025-01-08 22:04:00,Billing,10.62,226
101171,2025-01-08 22:12:00,Technical,24.91,219
101172,2025-01-08 22:57:00,Billing,8.58,212
101173,2025-01-08 22:43:00,General,11.43,228
101174,2025-01-08 22:36:00,Technical,26.27,207
101175,2025-01-08 22:23:00,General,10.35,212
101176,2025-01-08 22:31:00,Billing,12.39,215
101177,2025-01-08 22:04:00,General,9.35,211
101178,2025-01-08 22:49:00,General,5.15,215
101179,2025-01-08 23:00:00,General,8.96,204
101180,2025-01-08 23:28:00,Billing,6.66,221
101181,2025-01-08 23:44:00,Technical,25.34,249
101182,2025-01-08 23:15:00,General,6.83,230
101183,2025-01-08 23:03:00,General,7.08,240
101184,2025-01-09 00:27:00,Technical,25.24,209
101185,2025-01-09 00:53:00,Technical,25.2,228
101186,2025-01-09 01:50:00,Billing,11.05,210
101187,2025-01-09 01:14:00,Billing,10.31,238
101188,2025-01-09 01:09:00,Billing,3.7,212
101189,2025-01-09 01:30:00,General,6.32,218
101190,2025-01-09 01:33:00,Billing,4.98,236
101191,2025-01-09 01:08:00,Technical,19.87,218
101192,2025-01-09 01:33:00,General,14.18,241
101193,2025-01-09 01:28:00,Technical,26.71,241
101194,2025-01-09 02:16:00,Billing,12.37,248
101195,2025-01-09 02:23:00,General,4.51,235
101196,2025-01-09 02:03:00,Technical,28.31,249
101197,2025-01-09 02:03:00,Billing,6.2,207
101198,2025-01-09 03:25:00,Technical,24.68,216
101199,2025-01-09 03:12:00,Technical,28.45,215
101200,2025-01-09 03:29:00,Technical,24.55,236
101201,2025-01-09 03:48:00,General,8.97,222
101202,2025-01-09 03:57:00,General,9.88,223
101203,2025-01-09 03:19:00,Billing,9.14,215
101204,2025-01-09 04:01:00,Technical,24.41,205
101205,2025-01-09 04:31:00,Billing,5.99,242
101206,2025-01-09 04:09:00,Billing,7.79,238
101207,2025-01-09 04:50:00,Billing,6.07,221
101208,2025-01-09 04:20:00,Billing,5.08,230
101209,2025-01-09 04:08:00,Billing,10.95,217
101210,2025-01-09 04:39:00,General,7.71,238
101211,2025-01-09 05:42:00,Technical,21.68,249
101212,2025-01-09 05:56:00,General,8.19,201
101213,2025-01-09 05:26:00,General,3.0,221
101214,2025-01-09 05:24:00,General,8.2,228
101215,2025-01-09 06:24:00,Technical,23.1,245
101216,2025-01-09 06:44:00,Technical,22.43,234
101217,2025-01-09 06:54:00,Billing,4.62,248
101218,2025-01-09 06:22:00,General,10.39,209
101219,2025-01-09 06:01:00,Billing,2.42,219
101220,2025-01-09 06:16:00,General,8.14,227
101221,2025-01-09 06:35:00,Billing,9.68,219
101222,2025-01-09 06:35:00,General,13.97,240
101223,2025-01-09 07:17:00,Technical,31.84,242
101224,2025-01-09 07:23:00,General,3.29,211
101225,2025-01-09 07:16:00,Billing,12.07,201
101226,2025-01-09 07:23:00,Billing,12.31,235
101227,2025-01-09 07:18:00,Technical,23.96,245
101228,2025-01-09 07:00:00,General,5.72,210
101229,2025-01-09 08:21:00,Technical,22.84,218
101230,2025-01-09 08:58:00,General,8.68,239
101231,2025-01-09 08:17:00,General,6.63,244
101232,2025-01-09 08:35:00,Technical,25.65,218
101233,2025-01-09 08:58:00,Billing,9.73,209
101234,2025-01-09 08:19:00,General,10.28,225
101235,2025-01-09 08:01:00,General,7.12,243
101236,2025-01-09 08:37:00,Billing,6.28,204
101237,2025-01-09 08:24:00,General,6.94,201
101238,2025-01-09 08:01:00,General,8.26,210
101239,2025-01-09 08:43:00,Technical,29.78,217
101240,2025-01-09 08:58:00,Billing,11.48,239
101241,2025-01-09 09:57:00,Technical,27.92,234
101242,2025-01-09 09:21:00,General,3.55,222
101243,2025-01-09 09:02:00,General,7.37,212
101244,2025-01-09 09:01:00,Technical,22.85,204
101245,2025-01-09 09:23:00,Billing,5.56,217
101246,2025-01-09 09:08:00,Billing,10.4,227
101247,2025-01-09 09:20:00,Technical,27.81,224
101248,2025-01-09 09:03:00,General,7.33,237
101249,2025-01-09 09:53:00,Billing,11.06,235
101250,2025-01-09 09:03:00,Billing,12.6,246
101251,2025-01-09 09:26:00,General,8.1,206
101252,2025-01-09 09:40:00,Technical,23.81,202
101253,2025-01-09 09:51:00,Billing,7.49,202
101254,2025-01-09 09:46:00,Billing,11.14,243
101255,2025-01-09 09:34:00,General,10.28,212
101256,2025-01-09 09:11:00,General,10.04,213
101257,2025-01-09 09:32:00,General,4.54,240
101258,2025-01-09 10:06:00,Billing,8.39,210
101259,2025-01-09 10:33:00,Technical,19.87,203
101260,2025-01-09 10:01:00,Billing,7.86,206
101261,2025-01-09 10:31:00,Billing,3.25,220
101262,2025-01-09 10:06:00,Billing,7.25,239
101263,2025-01-09 10:10:00,General,2.98,206
101264,2025-01-09 10:01:00,General,8.68,222
101265,2025-01-09 10:14:00,Technical,24.03,249
101266,2025-01-09 10:21:00,General,13.58,250
101267,2025-01-09 10:38:00,Technical,27.95,218
101268,2025-01-09 10:30:00,Technical,24.63,210
101269,2025-01-09 10:58:00,Billing,5.59,248
101270,2025-01-09 10:37:00,General,7.16,235
101271,2025-01-09 10:01:00,Technical,24.41,230
101272,2025-01-09 11:19:00,General,4.85,224
101273,2025-01-09 11:29:00,Technical,24.45,245
101274,2025-01-09 11:52:00,Billing,6.18,238
101275,2025-01-09 11:27:00,Billing,6.79,234
101276,2025-01-09 11:18:00,General,9.39,209
101277,2025-01-09 11:53:00,General,2.0,239
101278,2025-01-09 11:51:00,General,5.3,211
101279,2025-01-09 11:57:00,Billing,5.11,211
101280,2025-01-09 11:00:00,General,9.46,235
101281,2025-01-09 11:27:00,Technical,28.22,239
101282,2025-01-09 11:50:00,General,9.57,202
101283,2025-01-09 11:43:00,General,12.49,210
101284,2025-01-09 11:30:00,Billing,4.82,210
101285,2025-01-09 11:35:00,Billing,2.0,221
101286,2025-01-09 11:09:00,Billing,7.8,205
101287,2025-01-09 11:20:00,Billing,8.69,245
101288,2025-01-09 11:04:00,Technical,23.98,215
101289,2025-01-09 12:20:00,Technical,24.56,202
101290,2025-01-09 12:58:00,Technical,23.34,238
101291,2025-01-09 12:10:00,General,10.09,208
101292,2025-01-09 12:20:00,Billing,3.93,208
101293,2025-01-09 12:20:00,General,8.67,220
101294,2025-01-09 13:28:00,Technical,24.61,216
101295,2025-01-09 13:47:00,Technical,26.7,238
101296,2025-01-09 13:48:00,Billing,7.81,243
101297,2025-01-09 13:07:00,General,9.47,223
101298,2025-01-09 13:40:00,Technical,25.96,227
101299,2025-01-09 13:01:00,Technical,26.99,225
101300,2025-01-09 13:41:00,General,5.92,225
101301,2025-01-09 13:02:00,Billing,8.59,206
101302,2025-01-09 13:57:00,Technical,28.88,218
101303,2025-01-09 14:00:00,Billing,9.63,245
101304,2025-01-09 14:10:00,Technical,26.56,224
101305,2025-01-09 14:43:00,Billing,5.55,245
101306,2025-01-09 14:34:00,General,6.62,224
101307,2025-01-09 14:15:00,Technical,23.88,240
101308,2025-01-09 15:50:00,Technical,29.4,204
101309,2025-01-09 15:34:00,Technical,26.62,213
101310,2025-01-09 15:41:00,General,4.91,250
101311,2025-01-09 16:40:00,Technical,21.87,207
101312,2025-01-09 16:31:00,Billing,13.73,228
101313,2025-01-09 16:55:00,Technical,26.42,235
101314,2025-01-09 16:00:00,Billing,7.47,205
101315,2025-01-09 16:21:00,Billing,5.26,224
101316,2025-01-09 17:40:00,General,6.54,218
101317,2025-01-09 17:20:00,Technical,28.22,236
101318,2025-01-09 17:53:00,Technical,20.84,226
101319,2025-01-09 18:50:00,General,10.29,241
101320,2025-01-09 18:11:00,General,7.34,229
101321,2025-01-09 18:54:00,Technical,27.3,212
101322,2025-01-09 18:32:00,Billing,9.11,236
101323,2025-01-09 18:08:00,Billing,9.75,229
101324,2025-01-09 18:55:00,Technical,22.12,242
101325,2025-01-09 18:28:00,Billing,10.62,204
101326,2025-01-09 18:15:00,Technical,25.83,211
101327,2025-01-09 18:50:00,Technical,24.09,250
101328,2025-01-09 18:57:00,Technical,24.27,248
101329,2025-01-09 18:37:00,General,9.3,213
101330,2025-01-09 19:02:00,Billing,7.15,226
101331,2025-01-09 19:29:00,Billing,6.5,209
101332,2025-01-09 19:24:00,Billing,8.08,213
101333,2025-01-09 19:34:00,General,8.31,223
101334,2025-01-09 19:01:00,Billing,8.63,232
101335,2025-01-09 19:45:00,Technical,22.05,205
101336,2025-01-09 19:42:00,Technical,28.06,225
101337,2025-01-09 19:29:00,General,10.76,207
101338,2025-01-09 19:02:00,Billing,2.92,226
101339,2025-01-09 20:51:00,Technical,27.09,246
101340,2025-01-09 20:42:00,Technical,23.83,230
101341,2025-01-09 20:56:00,Technical,19.82,247
101342,2025-01-09 20:07:00,General,12.33,219
101343,2025-01-09 20:39:00,Billing,6.46,232
101344,2025-01-09 20:41:00,Technical,28.44,229
101345,2025-01-09 20:40:00,Technical,16.49,233
101346,2025-01-09 20:22:00,Technical,22.34,207
101347,2025-01-09 20:11:00,Technical,27.32,208
101348,2025-01-09 21:15:00,Technical,26.57,213
101349,2025-01-09 21:25:00,General,4.34,248
101350,2025-01-09 21:45:00,Technical,27.44,250
101351,2025-01-09 21:23:00,Technical,25.39,218
101352,2025-01-09 21:54:00,Technical,20.82,229
101353,2025-01-09 21:13:00,Billing,7.9,222
101354,2025-01-09 21:13:00,Technical,27.24,222
101355,2025-01-09 22:08:00,Billing,7.93,215
101356,2025-01-09 22:58:00,Technical,24.03,206
101357,2025-01-09 22:48:00,Billing,7.76,219
101358,2025-01-09 22:29:00,Billing,4.23,204
101359,2025-01-09 22:26:00,General,10.19,228
101360,2025-01-09 23:54:00,General,12.41,246
101361,2025-01-09 23:47:00,General,5.9,215
101362,2025-01-09 23:22:00,Technical,21.19,202
101363,2025-01-09 23:50:00,Technical,21.26,240
101364,2025-01-10 00:22:00,Technical,22.02,221
101365,2025-01-10 00:20:00,General,3.66,227
101366,2025-01-10 00:35:00,General,12.22,228
101367,2025-01-10 00:58:00,General,6.55,240
101368,2025-01-10 01:01:00,General,8.82,224
101369,2025-01-10 01:38:00,General,4.14,230
101370,2025-01-10 01:10:00,Billing,8.08,223
101371,2025-01-10 01:39:00,Billing,9.07,241
101372,2025-01-10 01:57:00,Billing,8.37,205
101373,2025-01-10 01:20:00,General,6.34,229
101374,2025-01-10 02:18:00,General,11.4,212
101375,2025-01-10 02:56:00,Technical,25.34,235
101376,2025-01-10 02:12:00,Technical,25.58,247
101377,2025-01-10 02:52:00,Billing,6.05,220
101378,2025-01-10 02:07:00,Technical,29.81,224
101379,2025-01-10 02:15:00,Technical,24.14,250
101380,2025-01-10 03:47:00,General,8.34,247
101381,2025-01-10 03:39:00,Technical,25.54,250
101382,2025-01-10 04:09:00,Billing,5.23,224
101383,2025-01-10 04:17:00,General,4.52,207
101384,2025-01-10 04:28:00,Technical,21.97,223
101385,2025-01-10 04:14:00,General,7.62,249
101386,2025-01-10 05:52:00,Billing,15.44,239
101387,2025-01-10 05:17:00,Billing,10.58,223
101388,2025-01-10 05:08:00,Billing,8.24,233
101389,2025-01-10 06:29:00,Billing,6.02,249
101390,2025-01-10 06:39:00,Billing,9.46,212
101391,2025-01-10 06:20:00,Billing,2.15,250
101392,2025-01-10 06:05:00,Billing,5.5,224
101393,2025-01-10 06:24:00,Billing,6.24,202
101394,2025-01-10 06:19:00,Billing,4.48,206
101395,2025-01-10 06:54:00,Billing,10.2,201
101396,2025-01-10 06:44:00,General,8.47,226
101397,2025-01-10 06:57:00,General,10.37,207
101398,2025-01-10 06:30:00,Billing,5.18,229
101399,2025-01-10 07:44:00,Billing,11.47,227
101400,2025-01-10 07:17:00,Billing,8.25,237
101401,2025-01-10 07:34:00,General,10.39,208
101402,2025-01-10 08:22:00,Billing,8.15,219
101403,2025-01-10 08:30:00,Billing,12.47,243
101404,2025-01-10 08:25:00,Billing,8.74,244
101405,2025-01-10 08:14:00,Billing,12.8,204
101406,2025-01-10 08:01:00,Technical,18.84,208
101407,2025-01-10 08:36:00,General,15.06,218
101408,2025-01-10 08:34:00,Billing,2.0,209
101409,2025-01-10 08:43:00,General,15.65,212
101410,2025-01-10 08:10:00,Billing,8.13,239
101411,2025-01-10 08:09:00,Billing,13.36,243
101412,2025-01-10 08:51:00,General,7.75,244
101413,2025-01-10 08:22:00,Billing,14.3,213
101414,2025-01-10 09:20:00,Technical,25.93,218
101415,2025-01-10 09:50:00,Billing,3.85,249
101416,2025-01-10 09:21:00,Billing,8.13,214
101417,2025-01-10 09:35:00,Technical,28.77,212
101418,2025-01-10 09:16:00,Billing,10.61,232
101419,2025-01-10 09:27:00,Billing,2.95,214
101420,2025-01-10 09:50:00,Billing,9.75,224
101421,2025-01-10 09:17:00,Billing,9.84,224
101422,2025-01-10 09:46:00,Technical,28.62,215
101423,2025-01-10 09:53:00,Technical,26.83,224
101424,2025-01-10 09:27:00,Billing,6.73,240
101425,2025-01-10 09:22:00,General,9.5,221
101426,2025-01-10 09:28:00,General,5.92,242
101427,2025-01-10 09:17:00,Billing,8.76,214
101428,2025-01-10 09:44:00,Technical,24.98,208
101429,2025-01-10 09:35:00,Billing,6.03,205
101430,2025-01-10 09:46:00,Billing,8.45,226
101431,2025-01-10 09:33:00,Billing,2.78,207
101432,2025-01-10 09:27:00,General,6.51,214
101433,2025-01-10 09:37:00,Billing,4.54,204
101434,2025-01-10 09:37:00,Billing,8.15,228
101435,2025-01-10 10:10:00,Billing,2.0,240
101436,2025-01-10 10:57:00,General,8.29,209
101437,2025-01-10 10:17:00,General,5.3,241
101438,2025-01-10 10:43:00,Billing,9.96,225
101439,2025-01-10 10:54:00,Technical,27.65,215
101440,2025-01-10 10:50:00,Billing,7.85,219
101441,2025-01-10 10:20:00,Technical,24.26,247
101442,2025-01-10 10:21:00,General,7.78,203
101443,2025-01-10 10:17:00,Billing,11.08,211
101444,2025-01-10 10:58:00,General,10.16,230
101445,2025-01-10 10:46:00,Technical,24.14,202
101446,2025-01-10 10:32:00,Technical,26.73,247
101447,2025-01-10 10:39:00,General,11.91,245
101448,2025-01-10 10:32:00,Technical,27.37,240
101449,2025-01-10 11:41:00,Technical,27.91,234
101450,2025-01-10 11:54:00,Billing,4.77,246
101451,2025-01-10 11:45:00,General,11.11,222
101452,2025-01-10 11:48:00,General,5.82,246
101453,2025-01-10 11:53:00,Billing,2.0,237
101454,2025-01-10 11:43:00,Billing,9.32,217
101455,2025-01-10 11:45:00,General,2.0,216
101456,2025-01-10 11:12:00,Billing,4.74,221
101457,2025-01-10 11:04:00,Billing,6.32,210
101458,2025-01-10 11:19:00,Technical,22.21,247
101459,2025-01-10 12:24:00,Technical,29.14,249
101460,2025-01-10 12:38:00,Billing,8.94,226
101461,2025-01-10 12:55:00,Billing,13.35,240
101462,2025-01-10 13:57:00,General,13.05,229
101463,2025-01-10 13:38:00,General,5.81,212
101464,2025-01-10 13:47:00,Billing,9.25,226
101465,2025-01-10 13:40:00,Technical,23.41,234
101466,2025-01-10 13:23:00,General,6.58,244
101467,2025-01-10 13:12:00,Billing,8.57,231
101468,2025-01-10 13:30:00,Technical,19.52,240
101469,2025-01-10 13:19:00,Technical,28.14,242
101470,2025-01-10 14:27:00,General,8.7,243
101471,2025-01-10 14:34:00,Billing,10.7,247
101472,2025-01-10 14:44:00,Technical,27.75,239
101473,2025-01-10 14:49:00,Billing,14.17,222
101474,2025-01-10 14:45:00,Billing,12.52,217
101475,2025-01-10 15:16:00,General,6.44,216
101476,2025-01-10 15:52:00,General,4.35,229
101477,2025-01-10 15:25:00,General,4.64,231
101478,2025-01-10 15:08:00,Billing,7.08,239
101479,2025-01-10 15:11:00,Technical,28.14,232
101480,2025-01-10 15:57:00,General,8.09,244
101481,2025-01-10 15:34:00,Technical,29.82,234
101482,2025-01-10 15:17:00,Billing,4.46,216
101483,2025-01-10 16:15:00,Billing,7.34,246
101484,2025-01-10 16:13:00,General,10.35,239
101485,2025-01-10 16:33:00,Billing,4.3,211
101486,2025-01-10 16:43:00,Technical,19.87,234
101487,2025-01-10 16:57:00,Billing,6.33,249
101488,2025-01-10 16:53:00,Billing,15.6,225
101489,2025-01-10 16:58:00,General,7.94,238
101490,2025-01-10 16:44:00,Technical,30.69,244
101491,2025-01-10 16:58:00,Billing,7.63,249
101492,2025-01-10 16:37:00,General,11.09,206
101493,2025-01-10 17:17:00,Technical,26.51,219
101494,2025-01-10 17:51:00,General,7.02,248
101495,2025-01-10 17:48:00,General,6.35,249
101496,2025-01-10 17:00:00,Technical,22.8,249
101497,2025-01-10 17:36:00,General,3.03,224
101498,2025-01-10 17:28:00,Technical,25.24,230
101499,2025-01-10 18:12:00,Technical,21.51,223
101500,2025-01-10 18:38:00,Billing,12.05,215
101501,2025-01-10 18:33:00,Technical,27.14,239
101502,2025-01-10 18:38:00,Technical,26.71,213
101503,2025-01-10 18:20:00,General,7.89,244
101504,2025-01-10 19:56:00,Billing,4.71,239
101505,2025-01-10 19:42:00,General,5.95,229
101506,2025-01-10 19:05:00,Billing,10.51,249
101507,2025-01-10 19:27:00,Technical,29.36,230
101508,2025-01-10 20:19:00,Technical,25.82,201
101509,2025-01-10 20:17:00,Billing,2.0,241
101510,2025-01-10 20:28:00,General,6.49,236
101511,2025-01-10 20:52:00,General,7.55,217
101512,2025-01-10 21:36:00,Billing,9.65,225
101513,2025-01-10 21:38:00,General,13.4,220
101514,2025-01-10 21:45:00,Technical,26.33,216
101515,2025-01-10 22:21:00,General,4.79,210
101516,2025-01-10 22:32:00,Technical,22.59,205
101517,2025-01-10 22:26:00,Billing,2.0,214
101518,2025-01-10 22:29:00,Billing,11.09,235
101519,2025-01-10 22:13:00,Billing,6.99,212
101520,2025-01-10 23:23:00,Billing,8.32,212
101521,2025-01-10 23:22:00,Billing,4.76,227
101522,2025-01-10 23:23:00,General,8.87,225
101523,2025-01-10 23:25:00,Billing,6.48,208
101524,2025-01-10 23:53:00,General,7.33,235
101525,2025-01-10 23:45:00,Technical,22.21,236
101526,2025-01-10 23:49:00,Billing,7.38,239
101527,2025-01-11 00:30:00,Technical,23.28,241
101528,2025-01-11 00:42:00,Technical,21.71,231
101529,2025-01-11 00:55:00,Technical,27.14,211
101530,2025-01-11 00:06:00,Technical,27.46,215
101531,2025-01-11 00:51:00,General,9.27,241
101532,2025-01-11 01:41:00,Technical,22.55,205
101533,2025-01-11 02:22:00,General,4.6,221
101534,2025-01-11 02:17:00,General,11.57,201
101535,2025-01-11 02:32:00,Billing,5.54,224
101536,2025-01-11 03:23:00,Billing,9.08,226
101537,2025-01-11 03:37:00,Billing,10.9,246
101538,2025-01-11 04:41:00,Technical,17.78,228
101539,2025-01-11 04:02:00,Technical,27.15,210
101540,2025-01-11 05:01:00,Technical,28.36,217
101541,2025-01-11 05:38:00,Technical,23.43,207
101542,2025-01-11 05:48:00,Billing,6.84,201
101543,2025-01-11 05:52:00,General,2.4,219
101544,2025-01-11 05:11:00,Technical,27.29,242
101545,2025-01-11 06:06:00,Technical,22.06,216
101546,2025-01-11 06:16:00,Billing,7.18,226
101547,2025-01-11 07:01:00,Technical,28.7,230
101548,2025-01-11 08:12:00,Technical,26.34,225
101549,2025-01-11 08:58:00,Billing,5.19,224
101550,2025-01-11 09:06:00,Billing,2.55,223
101551,2025-01-11 09:26:00,General,9.61,241
101552,2025-01-11 09:48:00,Billing,7.79,233
101553,2025-01-11 09:05:00,Billing,10.55,237
101554,2025-01-11 09:47:00,Billing,6.96,221
101555,2025-01-11 09:15:00,General,10.31,222
101556,2025-01-11 09:36:00,Technical,23.71,229
101557,2025-01-11 09:09:00,Billing,9.15,242
101558,2025-01-11 09:14:00,Billing,12.53,204
101559,2025-01-11 09:19:00,Billing,2.0,210
101560,2025-01-11 10:31:00,Billing,13.57,235
101561,2025-01-11 10:30:00,Technical,28.48,217
101562,2025-01-11 10:58:00,General,2.48,250
101563,2025-01-11 10:29:00,General,5.56,231
101564,2025-01-11 10:36:00,Billing,7.67,201
101565,2025-01-11 10:53:00,Billing,12.33,225
101566,2025-01-11 10:33:00,Technical,26.61,243
101567,2025-01-11 10:21:00,General,9.66,206
101568,2025-01-11 10:15:00,Billing,8.09,212
101569,2025-01-11 11:17:00,Technical,22.86,250
101570,2025-01-11 11:03:00,Billing,6.93,206
101571,2025-01-11 11:25:00,Billing,4.1,247
101572,2025-01-11 11:48:00,General,8.31,206
101573,2025-01-11 11:10:00,Billing,8.45,216
101574,2025-01-11 11:25:00,Billing,8.72,222
101575,2025-01-11 11:30:00,General,10.2,226
101576,2025-01-11 11:24:00,Billing,9.93,202
101577,2025-01-11 11:08:00,Billing,5.31,228
101578,2025-01-11 11:31:00,Billing,12.85,234
101579,2025-01-11 12:27:00,General,6.49,237
101580,2025-01-11 12:34:00,General,6.1,210
101581,2025-01-11 12:13:00,Billing,4.86,238
101582,2025-01-11 13:19:00,Technical,15.6,247
101583,2025-01-11 13:48:00,General,12.37,231
101584,2025-01-11 14:18:00,Billing,3.63,208
101585,2025-01-11 16:16:00,Billing,6.74,214
101586,2025-01-11 16:36:00,General,2.0,232
101587,2025-01-11 17:10:00,Billing,6.42,208
101588,2025-01-11 18:51:00,General,7.47,220
101589,2025-01-11 18:10:00,General,8.59,213
101590,2025-01-11 19:23:00,Technical,21.29,219
101591,2025-01-11 19:12:00,Technical,25.13,228
101592,2025-01-11 19:57:00,General,2.1,209
101593,2025-01-11 19:47:00,General,7.94,220
101594,2025-01-11 20:46:00,General,9.36,248
101595,2025-01-11 21:19:00,Technical,22.72,216
101596,2025-01-11 21:42:00,Technical,20.04,249
101597,2025-01-11 21:32:00,Technical,22.93,230
101598,2025-01-11 22:06:00,General,12.22,215
101599,2025-01-11 22:45:00,Billing,4.37,238
101600,2025-01-11 22:28:00,Technical,23.61,231
101601,2025-01-11 23:21:00,Technical,27.34,220
101602,2025-01-11 23:56:00,General,3.94,223
101603,2025-01-12 00:53:00,General,4.57,248
101604,2025-01-12 01:09:00,General,4.84,249
101605,2025-01-12 01:00:00,General,2.0,227
101606,2025-01-12 01:18:00,Technical,20.19,229
101607,2025-01-12 01:46:00,Billing,4.04,237
101608,2025-01-12 02:22:00,Billing,9.09,223
101609,2025-01-12 02:15:00,Billing,4.59,209
101610,2025-01-12 03:12:00,General,10.42,240
101611,2025-01-12 03:14:00,Technical,23.72,243
101612,2025-01-12 03:44:00,General,10.27,244
101613,2025-01-12 04:10:00,Technical,20.98,209
101614,2025-01-12 04:51:00,Billing,7.48,232
101615,2025-01-12 04:00:00,Billing,9.92,217
101616,2025-01-12 04:34:00,Technical,25.23,219
101617,2025-01-12 04:53:00,Technical,28.15,230
101618,2025-01-12 05:13:00,General,14.05,229
101619,2025-01-12 05:54:00,Billing,8.69,215
101620,2025-01-12 07:52:00,Billing,13.93,242
101621,2025-01-12 07:03:00,General,4.75,232
101622,2025-01-12 08:21:00,Billing,10.01,215
101623,2025-01-12 08:26:00,Billing,15.51,209
101624,2025-01-12 08:43:00,General,5.74,210
101625,2025-01-12 08:28:00,Technical,26.15,218
101626,2025-01-12 08:40:00,Technical,24.56,210
101627,2025-01-12 08:38:00,Technical,19.08,228
101628,2025-01-12 09:29:00,Technical,24.31,233
101629,2025-01-12 09:48:00,Billing,10.91,250
101630,2025-01-12 09:05:00,General,7.04,230
101631,2025-01-12 09:31:00,Billing,2.66,222
101632,2025-01-12 09:06:00,General,8.98,209
101633,2025-01-12 09:02:00,Billing,10.86,235
101634,2025-01-12 09:31:00,Billing,5.78,235
101635,2025-01-12 09:31:00,Technical,27.59,206
101636,2025-01-12 09:18:00,Technical,24.33,233
101637,2025-01-12 09:20:00,Billing,6.53,234
101638,2025-01-12 09:14:00,Billing,8.22,206
101639,2025-01-12 10:12:00,Billing,11.96,243
101640,2025-01-12 10:18:00,General,12.14,224
101641,2025-01-12 10:27:00,Technical,22.99,246
101642,2025-01-12 10:16:00,General,8.02,204
101643,2025-01-12 10:58:00,Technical,20.56,229
101644,2025-01-12 10:01:00,Technical,17.29,225
101645,2025-01-12 10:25:00,Technical,19.07,208
101646,2025-01-12 10:47:00,Technical,28.85,239
101647,2025-01-12 10:03:00,General,2.0,241
101648,2025-01-12 10:18:00,Billing,2.88,247
101649,2025-01-12 11:23:00,General,7.25,234
101650,2025-01-12 11:37:00,Billing,8.21,241
101651,2025-01-12 11:10:00,Technical,19.76,205
101652,2025-01-12 11:21:00,General,6.8,228
101653,2025-01-12 11:08:00,General,5.76,242
101654,2025-01-12 11:15:00,Billing,7.69,233
101655,2025-01-12 11:09:00,Technical,26.84,209
101656,2025-01-12 12:01:00,Technical,26.51,224
101657,2025-01-12 12:47:00,General,6.01,207
101658,2025-01-12 13:03:00,Technical,21.19,229
101659,2025-01-12 13:42:00,Technical,25.41,250
101660,2025-01-12 13:16:00,General,4.01,236
101661,2025-01-12 14:36:00,General,12.88,247
101662,2025-01-12 14:57:00,Billing,2.04,205
101663,2025-01-12 14:31:00,Billing,2.29,234
101664,2025-01-12 14:12:00,Billing,5.57,201
101665,2025-01-12 14:32:00,General,13.67,238
101666,2025-01-12 14:56:00,Billing,11.91,249
101667,2025-01-12 14:48:00,General,8.33,247
101668,2025-01-12 15:18:00,Technical,27.68,243
101669,2025-01-12 15:01:00,Billing,8.59,209
101670,2025-01-12 15:16:00,Billing,3.03,249
101671,2025-01-12 15:19:00,Billing,6.46,250
101672,2025-01-12 16:54:00,General,2.29,220
101673,2025-01-12 16:53:00,Billing,8.77,216
101674,2025-01-12 16:21:00,Technical,26.88,212
101675,2025-01-12 17:09:00,Billing,7.76,231
101676,2025-01-12 17:40:00,Billing,3.77,245
101677,2025-01-12 17:45:00,Billing,9.09,221
101678,2025-01-12 18:47:00,Billing,9.37,220
101679,2025-01-12 19:21:00,Technical,31.29,243
101680,2025-01-12 19:34:00,General,14.03,204
101681,2025-01-12 19:20:00,Billing,10.34,226
101682,2025-01-12 19:25:00,Billing,5.12,222
101683,2025-01-12 20:42:00,Technical,26.59,237
101684,2025-01-12 20:08:00,Billing,5.87,213
101685,2025-01-12 21:07:00,Technical,26.43,243
101686,2025-01-12 21:23:00,Technical,21.85,203
101687,2025-01-12 22:21:00,Technical,22.32,218
101688,2025-01-12 22:30:00,General,13.57,233
101689,2025-01-12 22:10:00,General,11.74,233
101690,2025-01-12 23:52:00,Billing,12.15,243
101691,2025-01-12 23:16:00,General,14.17,226
101692,2025-01-13 00:35:00,Technical,21.32,203
101693,2025-01-13 00:54:00,General,6.23,217
101694,2025-01-13 00:00:00,Billing,2.16,221
101695,2025-01-13 00:51:00,Billing,5.32,218
101696,2025-01-13 01:27:00,Technical,21.01,204
101697,2025-01-13 01:43:00,Technical,24.28,203
101698,2025-01-13 01:00:00,Billing,9.01,235
101699,2025-01-13 02:28:00,Billing,9.94,226
101700,2025-01-13 02:21:00,Billing,9.08,248
101701,2025-01-13 02:20:00,General,5.27,241
101702,2025-01-13 02:20:00,Billing,5.55,226
101703,2025-01-13 02:34:00,Technical,25.96,238
101704,2025-01-13 02:53:00,Technical,20.56,219
101705,2025-01-13 03:32:00,Technical,30.02,229
101706,2025-01-13 03:51:00,Billing,13.09,210
101707,2025-01-13 03:40:00,Billing,10.11,231
101708,2025-01-13 03:44:00,Billing,6.82,232
101709,2025-01-13 03:33:00,Billing,8.63,233
101710,2025-01-13 03:17:00,General,5.32,232
101711,2025-01-13 03:06:00,Billing,9.57,233
101712,2025-01-13 03:51:00,General,9.94,204
101713,2025-01-13 04:25:00,Billing,4.7,233
101714,2025-01-13 04:51:00,General,11.54,242
101715,2025-01-13 04:41:00,Billing,9.21,209
101716,2025-01-13 04:50:00,Billing,8.31,216
101717,2025-01-13 04:13:00,General,2.0,203
101718,2025-01-13 05:20:00,Billing,6.4,239
101719,2025-01-13 05:07:00,Billing,2.0,242
101720,2025-01-13 05:18:00,General,10.06,246
101721,2025-01-13 05:40:00,Technical,23.86,242
101722,2025-01-13 05:03:00,General,3.27,230
101723,2025-01-13 05:22:00,Technical,24.26,218
101724,2025-01-13 06:23:00,Technical,29.1,246
101725,2025-01-13 06:31:00,Technical,25.38,207
101726,2025-01-13 06:23:00,General,10.93,208
101727,2025-01-13 06:37:00,Billing,8.0,222
101728,2025-01-13 06:32:00,Billing,8.41,210
101729,2025-01-13 07:21:00,Billing,9.5,209
101730,2025-01-13 07:44:00,Technical,24.7,208
101731,2025-01-13 07:58:00,Billing,13.64,233
101732,2025-01-13 07:58:00,Billing,9.3,216
101733,2025-01-13 07:17:00,General,6.82,201
101734,2025-01-13 07:52:00,General,5.01,231
101735,2025-01-13 08:15:00,Technical,26.56,216
101736,2025-01-13 08:52:00,General,9.26,248
101737,2025-01-13 08:37:00,General,11.77,222
101738,2025-01-13 08:16:00,Billing,2.28,237
101739,2025-01-13 08:24:00,General,6.35,213
101740,2025-01-13 08:34:00,General,4.47,233
101741,2025-01-13 08:49:00,Technical,25.68,244
101742,2025-01-13 08:26:00,Billing,5.22,236
101743,2025-01-13 08:55:00,Billing,7.33,234
101744,2025-01-13 08:09:00,General,8.49,225
101745,2025-01-13 08:40:00,General,4.83,234
101746,2025-01-13 08:16:00,Billing,10.04,223
101747,2025-01-13 08:48:00,Billing,5.71,209
101748,2025-01-13 08:07:00,Technical,25.5,201
101749,2025-01-13 08:03:00,General,10.84,213
101750,2025-01-13 08:22:00,General,8.6,224
101751,2025-01-13 08:04:00,General,7.41,217
101752,2025-01-13 08:20:00,Billing,7.73,202
101753,2025-01-13 08:36:00,General,8.1,215
101754,2025-01-13 08:07:00,General,6.43,243
101755,2025-01-13 08:35:00,General,5.12,226
101756,2025-01-13 09:02:00,Billing,8.8,207
101757,2025-01-13 09:14:00,Technical,24.57,240
101758,2025-01-13 09:42:00,General,2.68,249
101759,2025-01-13 09:39:00,Technical,24.98,201
101760,2025-01-13 09:02:00,Technical,23.07,236
101761,2025-01-13 09:32:00,Technical,26.29,241
101762,2025-01-13 09:04:00,Technical,27.71,237
101763,2025-01-13 09:22:00,Billing,4.98,214
101764,2025-01-13 09:53:00,Technical,23.2,204
101765,2025-01-13 09:30:00,Technical,28.33,231
101766,2025-01-13 09:45:00,Billing,5.96,210
101767,2025-01-13 09:36:00,Billing,2.37,223
101768,2025-01-13 09:12:00,Billing,7.59,250
101769,2025-01-13 09:00:00,Technical,27.32,240
101770,2025-01-13 09:37:00,Billing,10.24,248
101771,2025-01-13 09:16:00,Technical,25.35,243
101772,2025-01-13 09:30:00,General,3.29,206
101773,2025-01-13 09:25:00,Technical,21.59,219
101774,2025-01-13 09:36:00,Technical,25.54,226
101775,2025-01-13 09:50:00,General,5.81,232
101776,2025-01-13 09:01:00,Billing,6.21,242
101777,2025-01-13 09:56:00,Technical,24.78,212
101778,2025-01-13 10:21:00,Technical,27.47,225
101779,2025-01-13 10:05:00,General,5.49,218
101780,2025-01-13 10:54:00,Billing,5.71,243
101781,2025-01-13 10:56:00,General,8.63,207
101782,2025-01-13 10:56:00,Technical,22.55,213
101783,2025-01-13 10:53:00,General,3.63,229
101784,2025-01-13 10:34:00,General,9.37,210
101785,2025-01-13 10:06:00,Billing,7.35,246
101786,2025-01-13 10:07:00,General,2.0,236
101787,2025-01-13 10:46:00,General,11.48,240
101788,2025-01-13 10:12:00,Billing,11.22,221
101789,2025-01-13 10:18:00,Technical,24.08,233
101790,2025-01-13 10:34:00,Technical,28.87,228
101791,2025-01-13 10:54:00,General,10.6,244
101792,2025-01-13 10:04:00,Billing,10.51,241
101793,2025-01-13 10:46:00,Technical,23.08,212
101794,2025-01-13 10:25:00,Billing,11.66,239
101795,2025-01-13 11:55:00,Technical,25.07,231
101796,2025-01-13 11:31:00,Technical,25.43,218
101797,2025-01-13 11:38:00,Billing,10.61,207
101798,2025-01-13 11:34:00,General,11.41,211
101799,2025-01-13 11:56:00,Billing,7.54,204
101800,2025-01-13 11:03:00,Billing,6.86,238
101801,2025-01-13 11:46:00,Technical,21.04,201
101802,2025-01-13 12:50:00,Billing,10.69,216
101803,2025-01-13 12:44:00,Billing,9.41,236
101804,2025-01-13 12:39:00,Billing,4.17,219
101805,2025-01-13 12:01:00,Technical,27.24,242
101806,2025-01-13 12:42:00,Technical,23.47,231
101807,2025-01-13 12:55:00,Billing,6.87,244
101808,2025-01-13 13:39:00,Technical,27.18,203
101809,2025-01-13 13:14:00,Technical,27.42,246
101810,2025-01-13 13:56:00,Billing,3.59,206
101811,2025-01-13 13:10:00,Billing,6.97,226
101812,2025-01-13 13:42:00,Technical,23.49,218
101813,2025-01-13 14:27:00,Technical,26.68,239
101814,2025-01-13 14:51:00,General,2.9,235
101815,2025-01-13 14:50:00,Technical,24.8,219
101816,2025-01-13 14:46:00,Billing,6.63,216
101817,2025-01-13 14:37:00,General,11.85,211
101818,2025-01-13 15:42:00,Billing,5.73,229
101819,2025-01-13 15:32:00,Technical,26.08,207
101820,2025-01-13 16:32:00,General,9.11,220
101821,2025-01-13 16:04:00,General,9.49,223
101822,2025-01-13 16:54:00,Technical,21.32,219
101823,2025-01-13 16:28:00,Technical,22.48,206
101824,2025-01-13 17:18:00,Billing,4.32,207
101825,2025-01-13 17:46:00,Billing,11.9,238
101826,2025-01-13 17:27:00,General,14.11,207
101827,2025-01-13 17:57:00,Billing,9.07,207
101828,2025-01-13 18:36:00,Technical,26.93,227
101829,2025-01-13 18:52:00,Billing,8.46,230
101830,2025-01-13 18:40:00,Billing,4.81,242
101831,2025-01-13 18:53:00,Billing,2.7,205
101832,2025-01-13 18:19:00,Billing,4.88,210
101833,2025-01-13 19:10:00,General,10.1,202
101834,2025-01-13 19:50:00,Technical,25.34,204
101835,2025-01-13 19:49:00,Billing,9.22,220
101836,2025-01-13 19:16:00,General,4.91,226
101837,2025-01-13 19:22:00,Billing,4.08,248
101838,2025-01-13 20:43:00,Technical,24.02,208
101839,2025-01-13 20:30:00,Technical,28.33,210
101840,2025-01-13 20:31:00,General,6.02,220
101841,2025-01-13 21:06:00,General,5.67,206
101842,2025-01-13 21:56:00,Billing,3.33,229
101843,2025-01-13 21:20:00,General,12.26,246
101844,2025-01-13 21:26:00,General,10.43,212
101845,2025-01-13 22:36:00,General,6.2,247
101846,2025-01-13 22:53:00,Billing,13.49,219
101847,2025-01-13 22:31:00,Billing,7.26,212
101848,2025-01-13 22:07:00,Technical,23.08,204
101849,2025-01-13 23:55:00,General,11.71,241
101850,2025-01-13 23:19:00,Billing,10.02,223
101851,2025-01-13 23:33:00,Technical,23.35,233
101852,2025-01-13 23:21:00,General,10.72,234
101853,2025-01-13 23:09:00,General,9.52,215
101854,2025-01-14 00:28:00,Billing,4.1,206
101855,2025-01-14 00:23:00,Billing,6.16,229
101856,2025-01-14 00:00:00,General,12.5,243
101857,2025-01-14 00:11:00,General,6.35,214
101858,2025-01-14 00:35:00,Billing,7.76,202
101859,2025-01-14 00:49:00,Technical,26.53,214
101860,2025-01-14 00:01:00,Billing,2.0,239
101861,2025-01-14 00:18:00,Billing,7.37,216
101862,2025-01-14 00:29:00,Technical,24.88,245
101863,2025-01-14 00:56:00,Billing,7.66,236
101864,2025-01-14 01:09:00,Billing,8.13,216
101865,2025-01-14 01:41:00,Billing,9.6,210
101866,2025-01-14 01:46:00,Billing,9.47,225
101867,2025-01-14 01:49:00,Billing,7.31,204
101868,2025-01-14 01:35:00,Billing,9.72,206
101869,2025-01-14 01:15:00,Technical,22.42,219
101870,2025-01-14 02:58:00,Billing,6.11,201
101871,2025-01-14 02:17:00,General,13.49,226
101872,2025-01-14 02:05:00,Technical,27.87,201
101873,2025-01-14 02:50:00,Billing,3.81,243
101874,2025-01-14 03:57:00,Billing,6.68,210
101875,2025-01-14 04:17:00,Technical,23.21,226
101876,2025-01-14 05:12:00,Billing,9.97,210
101877,2025-01-14 05:45:00,Technical,24.58,217
101878,2025-01-14 05:09:00,Billing,7.54,220
101879,2025-01-14 05:15:00,General,6.96,237
101880,2025-01-14 05:25:00,General,5.63,248
101881,2025-01-14 06:24:00,Billing,12.12,242
101882,2025-01-14 06:51:00,General,6.69,215
101883,2025-01-14 06:06:00,Billing,12.49,229
101884,2025-01-14 06:04:00,Billing,3.18,204
101885,2025-01-14 06:34:00,Billing,6.88,217
101886,2025-01-14 06:53:00,Billing,11.74,215
101887,2025-01-14 06:36:00,Technical,27.6,237
101888,2025-01-14 07:39:00,Technical,28.2,217
101889,2025-01-14 07:56:00,General,7.23,208
101890,2025-01-14 07:47:00,General,4.33,241
101891,2025-01-14 07:53:00,Technical,29.27,214
101892,2025-01-14 07:55:00,Technical,21.96,231
101893,2025-01-14 08:23:00,Billing,9.35,209
101894,2025-01-14 08:50:00,Billing,10.53,211
101895,2025-01-14 08:57:00,Billing,9.81,242
101896,2025-01-14 08:49:00,Billing,9.5,236
101897,2025-01-14 08:04:00,Billing,8.03,237
101898,2025-01-14 08:39:00,General,9.12,202
101899,2025-01-14 08:44:00,Billing,11.24,239
101900,2025-01-14 08:04:00,Technical,20.16,212
101901,2025-01-14 08:21:00,Technical,25.26,238
101902,2025-01-14 08:22:00,General,10.23,242
101903,2025-01-14 09:57:00,Billing,9.96,244
101904,2025-01-14 09:36:00,Billing,9.67,230
101905,2025-01-14 09:52:00,Billing,2.0,216
101906,2025-01-14 09:46:00,General,10.68,206
101907,2025-01-14 09:52:00,Technical,25.39,245
101908,2025-01-14 09:23:00,Technical,20.33,211
101909,2025-01-14 09:20:00,Billing,5.8,226
101910,2025-01-14 09:54:00,General,4.12,226
101911,2025-01-14 09:30:00,General,8.66,248
101912,2025-01-14 09:43:00,General,7.89,214
101913,2025-01-14 09:51:00,General,6.47,209
101914,2025-01-14 09:18:00,Technical,26.91,243
101915,2025-01-14 09:28:00,General,9.5,206
101916,2025-01-14 09:27:00,Technical,29.37,238
101917,2025-01-14 09:16:00,General,10.71,214
101918,2025-01-14 09:30:00,Technical,24.88,230
101919,2025-01-14 09:17:00,Technical,22.82,235
101920,2025-01-14 09:23:00,Technical,21.89,235
101921,2025-01-14 09:50:00,Billing,5.12,218
101922,2025-01-14 09:48:00,Billing,5.93,230
101923,2025-01-14 09:21:00,Technical,25.42,244
101924,2025-01-14 09:45:00,General,7.22,207
101925,2025-01-14 10:35:00,Billing,2.48,238
101926,2025-01-14 10:04:00,Billing,10.53,242
101927,2025-01-14 10:25:00,General,6.15,214
101928,2025-01-14 10:37:00,Technical,25.18,201
101929,2025-01-14 10:43:00,Billing,3.13,247
101930,2025-01-14 10:42:00,General,7.0,216
101931,2025-01-14 10:31:00,General,10.14,205
101932,2025-01-14 10:05:00,Technical,27.25,236
101933,2025-01-14 10:58:00,Billing,8.72,205
101934,2025-01-14 10:27:00,Billing,7.94,214
101935,2025-01-14 10:35:00,Billing,2.77,227
101936,2025-01-14 10:44:00,Technical,25.32,241
101937,2025-01-14 10:41:00,Technical,24.45,244
101938,2025-01-14 10:13:00,Technical,28.32,201
101939,2025-01-14 10:06:00,General,8.6,215
101940,2025-01-14 10:08:00,Billing,6.36,215
101941,2025-01-14 10:34:00,Technical,30.45,224
101942,2025-01-14 10:30:00,General,8.69,240
101943,2025-01-14 11:29:00,General,7.74,239
101944,2025-01-14 11:54:00,Billing,9.26,233
101945,2025-01-14 11:15:00,Billing,8.3,212
101946,2025-01-14 11:29:00,Billing,8.78,226
101947,2025-01-14 11:57:00,Technical,26.44,239
101948,2025-01-14 11:06:00,General,10.81,208
101949,2025-01-14 11:13:00,Technical,27.33,212
101950,2025-01-14 11:52:00,Billing,8.27,229
101951,2025-01-14 11:00:00,General,8.2,234
101952,2025-01-14 11:40:00,General,4.25,203
101953,2025-01-14 11:14:00,Technical,25.63,231
101954,2025-01-14 11:16:00,Billing,10.32,221
101955,2025-01-14 12:20:00,Technical,25.54,218
101956,2025-01-14 12:11:00,Billing,4.92,221
101957,2025-01-14 12:06:00,Technical,23.69,226
101958,2025-01-14 12:20:00,Technical,25.86,231
101959,2025-01-14 13:27:00,Billing,13.68,214
101960,2025-01-14 13:23:00,General,11.15,220
101961,2025-01-14 13:29:00,Technical,24.76,224
101962,2025-01-14 13:51:00,Technical,26.0,215
101963,2025-01-14 13:11:00,Billing,2.0,229
101964,2025-01-14 14:14:00,Technical,30.04,242
101965,2025-01-14 14:26:00,Technical,22.35,223
101966,2025-01-14 14:42:00,General,10.44,243
101967,2025-01-14 15:02:00,Billing,9.0,250
101968,2025-01-14 15:04:00,Billing,5.14,209
101969,2025-01-14 15:25:00,Billing,9.55,218
101970,2025-01-14 15:48:00,General,7.21,217
101971,2025-01-14 15:22:00,Technical,26.1,234
101972,2025-01-14 15:18:00,General,14.19,228
101973,2025-01-14 15:03:00,Billing,8.47,224
101974,2025-01-14 16:14:00,Billing,2.0,241
101975,2025-01-14 16:09:00,Technical,21.5,220
101976,2025-01-14 16:01:00,Billing,5.57,219
101977,2025-01-14 16:07:00,Billing,2.57,238
101978,2025-01-14 16:50:00,General,8.03,218
101979,2025-01-14 16:33:00,Billing,3.99,232
101980,2025-01-14 16:18:00,Billing,6.73,247
101981,2025-01-14 16:28:00,Billing,10.12,233
101982,2025-01-14 16:26:00,Technical,26.92,215
101983,2025-01-14 17:00:00,General,8.24,212
101984,2025-01-14 17:24:00,Technical,21.98,204
101985,2025-01-14 17:54:00,Technical,25.0,226
101986,2025-01-14 17:05:00,Billing,7.48,219
101987,2025-01-14 17:51:00,Billing,11.0,208
101988,2025-01-14 17:18:00,General,7.72,228
101989,2025-01-14 17:46:00,Billing,8.09,204
101990,2025-01-14 18:18:00,Technical,21.73,237
101991,2025-01-14 18:12:00,General,8.87,213
101992,2025-01-14 19:07:00,Billing,6.21,220
101993,2025-01-14 19:16:00,Technical,24.49,228
101994,2025-01-14 19:32:00,Billing,11.76,222
101995,2025-01-14 19:12:00,General,9.69,227
101996,2025-01-14 19:36:00,General,4.75,234
101997,2025-01-14 19:33:00,Technical,26.98,248
101998,2025-01-14 19:36:00,Technical,30.8,248
101999,2025-01-14 19:16:00,Technical,25.77,224
102000,2025-01-14 20:07:00,Billing,5.5,210
102001,2025-01-14 20:19:00,Billing,6.34,208
102002,2025-01-14 20:42:00,Billing,2.0,208
102003,2025-01-14 20:46:00,Technical,21.9,228
102004,2025-01-14 20:50:00,Billing,5.16,212
102005,2025-01-14 20:51:00,Technical,22.68,236
102006,2025-01-14 21:13:00,Technical,23.13,228
102007,2025-01-14 21:09:00,General,5.71,203
102008,2025-01-14 22:25:00,Technical,27.84,243
102009,2025-01-14 22:00:00,General,8.17,237
102010,2025-01-14 22:20:00,Billing,4.51,231
102011,2025-01-14 22:53:00,Billing,6.93,222
102012,2025-01-14 23:44:00,Billing,6.71,229
102013,2025-01-14 23:07:00,Technical,27.42,223
102014,2025-01-14 23:31:00,Technical,23.77,205
102015,2025-01-14 23:31:00,General,8.69,238
102016,2025-01-14 23:55:00,Technical,20.87,202
102017,2025-01-14 23:17:00,Technical,21.64,201
102018,2025-01-15 00:13:00,Technical,22.51,205
102019,2025-01-15 00:33:00,Technical,27.89,216
102020,2025-01-15 00:13:00,Billing,11.32,244
102021,2025-01-15 00:43:00,Technical,24.06,220
102022,2025-01-15 01:10:00,General,6.9,232
102023,2025-01-15 01:05:00,Billing,10.11,224
102024,2025-01-15 01:26:00,Billing,5.01,238
102025,2025-01-15 01:44:00,Technical,19.74,239
102026,2025-01-15 02:41:00,Technical,24.41,218
102027,2025-01-15 02:31:00,General,7.3,221
102028,2025-01-15 02:16:00,Billing,6.66,209
102029,2025-01-15 02:13:00,General,18.24,246
102030,2025-01-15 02:45:00,General,13.53,241
102031,2025-01-15 03:17:00,Technical,20.91,235
102032,2025-01-15 03:38:00,General,7.2,211
102033,2025-01-15 03:10:00,Technical,24.45,247
102034,2025-01-15 03:48:00,Billing,4.24,245
102035,2025-01-15 03:32:00,Technical,23.33,233
102036,2025-01-15 03:37:00,Billing,9.76,206
102037,2025-01-15 03:14:00,Technical,27.89,204
102038,2025-01-15 03:30:00,Billing,10.31,232
102039,2025-01-15 04:20:00,General,6.42,212
102040,2025-01-15 04:19:00,Billing,8.16,250
102041,2025-01-15 04:58:00,Technical,25.23,214
102042,2025-01-15 05:48:00,Technical,28.87,213
102043,2025-01-15 05:47:00,Technical,25.17,225
102044,2025-01-15 05:37:00,Billing,11.41,243
102045,2025-01-15 05:22:00,Technical,26.2,214
102046,2025-01-15 05:33:00,Billing,3.91,206
102047,2025-01-15 05:49:00,Technical,23.4,240
102048,2025-01-15 05:43:00,Billing,4.92,215
102049,2025-01-15 05:56:00,General,12.31,235
102050,2025-01-15 06:33:00,Billing,4.51,207
102051,2025-01-15 06:03:00,General,6.93,234
102052,2025-01-15 06:22:00,Technical,25.99,215
102053,2025-01-15 06:08:00,Technical,28.17,243
102054,2025-01-15 06:20:00,Billing,13.86,209
102055,2025-01-15 06:37:00,General,10.06,222
102056,2025-01-15 07:40:00,Billing,7.6,244
102057,2025-01-15 07:21:00,Billing,5.64,213
102058,2025-01-15 08:10:00,General,11.87,231
102059,2025-01-15 08:30:00,Billing,12.19,214
102060,2025-01-15 08:34:00,General,8.4,201
102061,2025-01-15 08:03:00,Technical,30.91,223
102062,2025-01-15 08:51:00,Technical,23.39,232
102063,2025-01-15 08:14:00,General,11.72,212
102064,2025-01-15 08:16:00,General,13.99,248
102065,2025-01-15 08:19:00,Billing,5.05,209
102066,2025-01-15 08:13:00,Technical,20.01,217
102067,2025-01-15 08:32:00,Billing,9.86,201
102068,2025-01-15 08:50:00,Billing,4.23,228
102069,2025-01-15 08:19:00,Technical,27.64,219
102070,2025-01-15 08:37:00,Technical,28.29,207
102071,2025-01-15 08:06:00,Billing,2.0,250
102072,2025-01-15 08:19:00,Billing,9.11,242
102073,2025-01-15 08:15:00,General,3.32,217
102074,2025-01-15 08:17:00,General,7.37,202
102075,2025-01-15 09:20:00,Technical,21.75,230
102076,2025-01-15 09:53:00,Technical,22.97,214
102077,2025-01-15 09:14:00,General,6.99,217
102078,2025-01-15 09:45:00,Billing,8.38,223
102079,2025-01-15 09:14:00,Technical,25.79,224
102080,2025-01-15 09:38:00,General,8.3,206
102081,2025-01-15 09:12:00,Billing,2.0,244
102082,2025-01-15 09:21:00,Billing,6.59,224
102083,2025-01-15 09:47:00,General,12.59,212
102084,2025-01-15 09:22:00,General,5.37,238
102085,2025-01-15 09:49:00,Technical,26.98,235
102086,2025-01-15 09:12:00,General,5.44,205
102087,2025-01-15 09:50:00,General,6.79,221
102088,2025-01-15 09:20:00,Billing,10.93,225
102089,2025-01-15 10:21:00,General,8.79,204
102090,2025-01-15 10:38:00,General,4.32,242
102091,2025-01-15 10:15:00,Billing,8.24,202
102092,2025-01-15 10:56:00,General,7.08,245
102093,2025-01-15 10:49:00,Billing,12.09,229
102094,2025-01-15 10:43:00,General,11.06,219
102095,2025-01-15 10:54:00,Technical,31.06,244
102096,2025-01-15 10:38:00,Billing,3.94,245
102097,2025-01-15 10:37:00,General,2.22,213
102098,2025-01-15 10:54:00,General,13.13,220
102099,2025-01-15 10:03:00,Billing,10.31,205
102100,2025-01-15 10:27:00,Technical,21.59,233
102101,2025-01-15 10:54:00,General,10.47,250
102102,2025-01-15 10:09:00,General,9.64,242
102103,2025-01-15 11:02:00,General,7.48,240
102104,2025-01-15 11:01:00,Billing,3.13,239
102105,2025-01-15 11:43:00,Technical,20.02,234
102106,2025-01-15 11:10:00,Billing,4.15,242
102107,2025-01-15 11:24:00,Billing,7.95,249
102108,2025-01-15 11:13:00,Billing,5.13,219
102109,2025-01-15 11:16:00,Billing,8.42,235
102110,2025-01-15 11:00:00,General,7.23,245
102111,2025-01-15 11:06:00,Billing,8.83,246
102112,2025-01-15 11:25:00,General,5.44,215
102113,2025-01-15 11:07:00,General,6.07,213
102114,2025-01-15 11:53:00,Billing,2.25,226
102115,2025-01-15 11:33:00,Technical,20.59,209
102116,2025-01-15 11:30:00,General,10.16,215
102117,2025-01-15 11:13:00,Technical,30.46,248
102118,2025-01-15 11:02:00,Technical,21.57,222
102119,2025-01-15 11:11:00,General,7.03,205
102120,2025-01-15 11:37:00,Technical,28.76,224
102121,2025-01-15 11:05:00,Technical,30.12,240
102122,2025-01-15 11:03:00,General,9.61,233
102123,2025-01-15 11:35:00,Billing,14.61,243
102124,2025-01-15 11:11:00,General,10.71,227
102125,2025-01-15 11:41:00,General,7.32,203
102126,2025-01-15 11:41:00,Billing,7.75,224
102127,2025-01-15 11:05:00,Billing,10.31,220
102128,2025-01-15 12:45:00,General,10.59,237
102129,2025-01-15 12:24:00,Billing,7.95,227
102130,2025-01-15 12:28:00,Billing,4.02,247
102131,2025-01-15 12:25:00,General,10.11,220
102132,2025-01-15 12:58:00,Billing,10.49,203
102133,2025-01-15 13:07:00,Billing,5.76,205
102134,2025-01-15 13:35:00,General,4.0,206
102135,2025-01-15 13:35:00,General,10.61,238
102136,2025-01-15 13:03:00,General,9.28,244
102137,2025-01-15 13:35:00,Technical,28.03,250
102138,2025-01-15 13:20:00,Technical,30.35,216
102139,2025-01-15 14:36:00,Technical,31.82,232
102140,2025-01-15 14:06:00,General,11.13,243
102141,2025-01-15 14:36:00,Billing,7.95,238
102142,2025-01-15 14:23:00,General,10.68,243
102143,2025-01-15 14:16:00,General,8.37,208
102144,2025-01-15 14:21:00,Technical,22.37,216
102145,2025-01-15 14:17:00,Technical,27.04,203
102146,2025-01-15 14:39:00,Billing,6.15,215
102147,2025-01-15 15:03:00,Technical,21.67,229
102148,2025-01-15 15:47:00,General,2.0,243
102149,2025-01-15 15:31:00,Technical,23.34,201
102150,2025-01-15 15:10:00,Billing,3.47,226
102151,2025-01-15 15:54:00,Billing,2.96,201
102152,2025-01-15 15:58:00,Billing,8.36,244
102153,2025-01-15 15:57:00,Billing,13.64,249
102154,2025-01-15 15:20:00,Billing,8.36,224
102155,2025-01-15 16:01:00,General,5.02,214
102156,2025-01-15 17:50:00,General,16.54,246
102157,2025-01-15 17:44:00,General,7.07,236
102158,2025-01-15 17:06:00,Billing,10.39,207
102159,2025-01-15 17:02:00,General,12.49,245
102160,2025-01-15 17:36:00,Technical,26.9,231
102161,2025-01-15 18:48:00,Billing,8.21,204
102162,2025-01-15 18:16:00,Technical,26.54,231
102163,2025-01-15 18:21:00,Billing,2.7,230
102164,2025-01-15 19:28:00,Technical,23.65,248
102165,2025-01-15 19:02:00,Billing,8.88,202
102166,2025-01-15 19:04:00,Billing,13.29,207
102167,2025-01-15 19:31:00,Technical,33.38,249
102168,2025-01-15 20:56:00,Billing,7.36,211
102169,2025-01-15 20:47:00,General,9.86,245
102170,2025-01-15 20:53:00,Technical,22.4,248
102171,2025-01-15 20:05:00,Technical,26.52,234
102172,2025-01-15 20:31:00,General,8.11,226
102173,2025-01-15 21:55:00,Technical,24.49,210
102174,2025-01-15 21:30:00,Billing,9.1,250
102175,2025-01-15 21:20:00,Technical,27.51,236
102176,2025-01-15 21:08:00,General,12.1,230
102177,2025-01-15 22:08:00,General,7.83,218
102178,2025-01-15 22:09:00,Billing,6.99,209
102179,2025-01-15 22:34:00,General,6.12,223
102180,2025-01-15 22:19:00,Billing,14.81,224
102181,2025-01-15 22:44:00,General,8.16,206
102182,2025-01-15 22:37:00,General,13.6,202
102183,2025-01-15 22:53:00,Billing,12.8,221
102184,2025-01-15 22:45:00,Technical,25.11,238
102185,2025-01-15 22:13:00,Billing,9.13,250
102186,2025-01-15 22:42:00,Billing,6.03,213
102187,2025-01-15 23:33:00,Technical,25.39,217
102188,2025-01-15 23:46:00,Billing,7.81,239
102189,2025-01-15 23:53:00,General,2.95,226
102190,2025-01-15 23:47:00,Technical,28.05,233
102191,2025-01-16 00:31:00,Billing,6.79,207
102192,2025-01-16 00:04:00,Billing,2.0,223
102193,2025-01-16 00:25:00,Technical,23.85,242
102194,2025-01-16 00:26:00,General,8.87,218
102195,2025-01-16 01:57:00,General,6.28,215
102196,2025-01-16 01:29:00,General,3.45,227
102197,2025-01-16 01:32:00,Billing,9.49,226
102198,2025-01-16 01:49:00,General,11.94,201
102199,2025-01-16 01:01:00,Billing,7.95,201
102200,2025-01-16 02:05:00,General,5.83,203
102201,2025-01-16 02:20:00,Billing,5.31,213
102202,2025-01-16 03:45:00,General,3.53,230
102203,2025-01-16 03:09:00,Technical,23.06,243
102204,2025-01-16 03:49:00,Billing,11.57,204
102205,2025-01-16 03:57:00,Technical,27.0,239
102206,2025-01-16 03:27:00,General,4.88,243
102207,2025-01-16 03:33:00,General,10.45,217
102208,2025-01-16 03:23:00,General,5.53,239
102209,2025-01-16 04:03:00,Billing,6.45,245
102210,2025-01-16 04:01:00,General,9.43,211
102211,2025-01-16 04:09:00,General,10.6,203
102212,2025-01-16 04:39:00,General,8.55,250
102213,2025-01-16 04:23:00,General,10.25,217
102214,2025-01-16 04:01:00,Technical,25.05,221
102215,2025-01-16 04:34:00,Technical,22.27,249
102216,2025-01-16 05:23:00,Technical,23.97,222
102217,2025-01-16 05:41:00,Billing,10.7,245
102218,2025-01-16 05:18:00,Technical,19.44,219
102219,2025-01-16 05:18:00,Technical,29.09,213
102220,2025-01-16 05:01:00,Technical,19.75,247
102221,2025-01-16 05:26:00,Technical,19.7,207
102222,2025-01-16 05:03:00,Technical,28.57,214
102223,2025-01-16 05:12:00,General,5.19,203
102224,2025-01-16 05:02:00,Technical,22.01,201
102225,2025-01-16 05:48:00,General,4.82,235
102226,2025-01-16 05:20:00,Technical,28.25,226
102227,2025-01-16 05:39:00,Technical,24.0,204
102228,2025-01-16 06:45:00,Billing,2.0,218
102229,2025-01-16 06:16:00,Billing,5.95,238
102230,2025-01-16 06:05:00,Technical,24.79,221
102231,2025-01-16 06:06:00,General,4.48,236
102232,2025-01-16 06:09:00,Technical,23.83,250
102233,2025-01-16 06:07:00,General,8.93,246
102234,2025-01-16 06:25:00,Billing,9.97,206
102235,2025-01-16 06:35:00,Billing,2.12,212
102236,2025-01-16 07:11:00,Billing,6.77,244
102237,2025-01-16 07:52:00,Technical,29.42,216
102238,2025-01-16 07:12:00,Technical,28.99,241
102239,2025-01-16 07:36:00,General,4.47,250
102240,2025-01-16 07:03:00,Billing,12.73,238
102241,2025-01-16 07:09:00,Billing,7.86,201
102242,2025-01-16 07:58:00,Billing,9.63,209
102243,2025-01-16 08:05:00,Technical,25.52,220
102244,2025-01-16 08:33:00,Billing,11.95,219
102245,2025-01-16 08:17:00,Technical,24.72,240
102246,2025-01-16 08:35:00,Billing,7.74,217
102247,2025-01-16 08:08:00,General,6.63,220
102248,2025-01-16 08:35:00,General,12.63,227
102249,2025-01-16 08:00:00,Billing,8.73,217
102250,2025-01-16 08:31:00,Billing,9.41,245
102251,2025-01-16 08:19:00,Technical,29.4,238
102252,2025-01-16 08:34:00,General,7.42,236
102253,2025-01-16 08:08:00,Billing,9.46,230
102254,2025-01-16 08:24:00,General,2.3,210
102255,2025-01-16 08:06:00,Billing,7.02,242
102256,2025-01-16 08:31:00,Technical,24.43,227
102257,2025-01-16 08:36:00,Billing,8.2,223
102258,2025-01-16 08:41:00,General,8.0,236
102259,2025-01-16 08:28:00,Technical,23.72,210
102260,2025-01-16 08:28:00,General,8.6,218
102261,2025-01-16 08:56:00,Technical,24.97,216
102262,2025-01-16 08:21:00,Billing,10.19,236
102263,2025-01-16 09:50:00,General,12.62,215
102264,2025-01-16 09:11:00,General,11.12,201
102265,2025-01-16 09:40:00,General,4.94,250
102266,2025-01-16 09:11:00,Billing,8.19,207
102267,2025-01-16 09:14:00,General,10.75,238
102268,2025-01-16 09:54:00,General,2.0,206
102269,2025-01-16 09:56:00,Technical,24.36,233
102270,2025-01-16 09:36:00,Technical,27.51,208
102271,2025-01-16 09:12:00,Billing,11.99,240
102272,2025-01-16 09:37:00,General,9.98,232
102273,2025-01-16 09:12:00,Billing,5.25,223
102274,2025-01-16 09:01:00,Billing,12.26,230
102275,2025-01-16 10:04:00,Billing,5.53,248
102276,2025-01-16 10:51:00,Billing,10.16,239
102277,2025-01-16 10:22:00,Billing,8.96,248
102278,2025-01-16 10:15:00,General,10.93,213
102279,2025-01-16 10:08:00,General,10.79,226
102280,2025-01-16 10:52:00,General,4.95,232
102281,2025-01-16 10:57:00,Billing,6.9,216
102282,2025-01-16 10:15:00,Technical,24.72,238
102283,2025-01-16 10:29:00,General,7.93,234
102284,2025-01-16 10:14:00,Billing,7.55,250
102285,2025-01-16 10:12:00,Billing,9.5,221
102286,2025-01-16 10:26:00,Billing,14.71,235
102287,2025-01-16 10:33:00,Technical,26.07,247
102288,2025-01-16 10:32:00,Technical,22.86,233
102289,2025-01-16 11:24:00,General,11.14,245
102290,2025-01-16 11:11:00,Billing,9.58,229
102291,2025-01-16 11:23:00,Billing,10.9,213
102292,2025-01-16 11:53:00,Billing,5.57,234
102293,2025-01-16 11:01:00,Technical,21.45,247
102294,2025-01-16 11:41:00,General,2.0,228
102295,2025-01-16 11:10:00,Technical,26.33,210
102296,2025-01-16 11:44:00,General,4.53,218
102297,2025-01-16 11:05:00,Technical,27.18,210
102298,2025-01-16 11:44:00,Technical,33.47,250
102299,2025-01-16 11:45:00,Billing,6.94,205
102300,2025-01-16 11:14:00,Billing,11.67,239
102301,2025-01-16 11:06:00,General,8.75,220
102302,2025-01-16 11:22:00,Technical,20.46,219
102303,2025-01-16 11:19:00,Billing,3.33,239
102304,2025-01-16 11:45:00,Billing,2.32,247
102305,2025-01-16 11:45:00,Billing,9.89,239
102306,2025-01-16 11:28:00,Technical,24.0,206
102307,2025-01-16 11:16:00,Billing,2.0,214
102308,2025-01-16 11:39:00,General,7.6,239
102309,2025-01-16 11:35:00,Billing,9.73,250
102310,2025-01-16 11:30:00,Billing,6.43,246
102311,2025-01-16 11:16:00,Billing,15.22,219
102312,2025-01-16 11:03:00,General,9.34,217
102313,2025-01-16 12:37:00,Billing,8.9,221
102314,2025-01-16 12:38:00,General,12.34,208
102315,2025-01-16 12:54:00,Technical,26.81,234
102316,2025-01-16 13:48:00,Technical,23.04,227
102317,2025-01-16 13:44:00,General,5.46,233
102318,2025-01-16 14:45:00,Billing,6.3,208
102319,2025-01-16 14:38:00,Billing,14.82,228
102320,2025-01-16 14:19:00,Technical,24.04,224
102321,2025-01-16 14:57:00,Billing,13.62,245
102322,2025-01-16 14:54:00,Billing,13.21,250
102323,2025-01-16 14:14:00,Billing,8.84,245
102324,2025-01-16 14:01:00,Technical,28.36,235
102325,2025-01-16 15:32:00,Billing,10.42,202
102326,2025-01-16 15:14:00,Technical,30.92,231
102327,2025-01-16 15:13:00,Billing,10.16,206
102328,2025-01-16 15:16:00,General,12.48,216
102329,2025-01-16 15:51:00,Billing,6.55,232
102330,2025-01-16 15:32:00,Billing,8.89,210
102331,2025-01-16 15:48:00,Billing,8.94,249
102332,2025-01-16 15:07:00,Billing,15.03,213
102333,2025-01-16 16:45:00,Technical,27.12,217
102334,2025-01-16 16:48:00,Technical,20.89,218
102335,2025-01-16 16:58:00,General,10.08,232
102336,2025-01-16 16:42:00,General,11.24,247
102337,2025-01-16 16:55:00,General,12.13,202
102338,2025-01-16 17:55:00,Billing,8.98,231
102339,2025-01-16 17:25:00,Technical,22.49,213
102340,2025-01-16 17:28:00,Technical,24.48,220
102341,2025-01-16 17:49:00,General,10.14,227
102342,2025-01-16 17:38:00,General,7.79,215
102343,2025-01-16 17:47:00,Technical,28.64,224
102344,2025-01-16 17:15:00,General,3.68,235
102345,2025-01-16 18:00:00,Technical,23.68,202
102346,2025-01-16 18:50:00,Technical,28.77,209
102347,2025-01-16 18:05:00,Technical,16.55,230
102348,2025-01-16 18:39:00,Billing,13.78,202
102349,2025-01-16 18:38:00,Technical,21.69,210
102350,2025-01-16 18:03:00,Billing,12.45,235
102351,2025-01-16 18:35:00,General,4.06,231
102352,2025-01-16 19:20:00,Technical,23.25,243
102353,2025-01-16 19:52:00,General,8.76,221
102354,2025-01-16 20:46:00,General,10.6,224
102355,2025-01-16 20:51:00,Technical,29.0,223
102356,2025-01-16 20:29:00,General,10.01,213
102357,2025-01-16 20:28:00,General,8.92,238
102358,2025-01-16 20:14:00,Technical,26.55,223
102359,2025-01-16 20:36:00,Billing,5.48,229
102360,2025-01-16 21:44:00,Technical,27.84,201
102361,2025-01-16 22:00:00,Billing,10.02,225
102362,2025-01-16 22:43:00,Billing,3.62,243
102363,2025-01-16 22:05:00,Billing,8.71,225
102364,2025-01-16 22:12:00,General,9.32,241
102365,2025-01-16 22:49:00,Billing,6.44,221
102366,2025-01-16 22:08:00,Billing,7.69,202
102367,2025-01-16 22:29:00,Billing,6.53,222
102368,2025-01-16 23:19:00,Technical,26.17,235
102369,2025-01-16 23:36:00,General,8.59,241
102370,2025-01-16 23:26:00,Billing,11.37,242
102371,2025-01-17 00:20:00,Billing,6.5,201
102372,2025-01-17 00:24:00,General,12.88,213
102373,2025-01-17 00:07:00,General,7.13,205
102374,2025-01-17 00:22:00,Billing,8.36,211
102375,2025-01-17 01:14:00,Billing,8.97,232
102376,2025-01-17 01:57:00,General,5.49,202
102377,2025-01-17 01:40:00,General,3.8,218
102378,2025-01-17 01:48:00,Billing,2.95,221
102379,2025-01-17 01:52:00,Billing,5.94,240
102380,2025-01-17 01:32:00,Technical,20.41,223
102381,2025-01-17 01:52:00,Technical,24.63,249
102382,2025-01-17 02:17:00,General,9.4,230
102383,2025-01-17 02:12:00,Technical,19.52,224
102384,2025-01-17 02:29:00,Billing,5.85,238
102385,2025-01-17 02:40:00,General,10.83,230
102386,2025-01-17 03:19:00,Technical,20.74,214
102387,2025-01-17 03:24:00,General,8.45,203
102388,2025-01-17 03:37:00,Technical,28.61,204
102389,2025-01-17 03:29:00,General,10.05,219
102390,2025-01-17 03:13:00,General,11.48,236
102391,2025-01-17 04:25:00,Technical,23.69,212
102392,2025-01-17 04:21:00,Billing,9.22,241
102393,2025-01-17 04:14:00,Billing,10.75,235
102394,2025-01-17 04:43:00,General,6.7,232
102395,2025-01-17 04:38:00,Billing,5.57,209
102396,2025-01-17 04:33:00,General,9.94,210
102397,2025-01-17 04:56:00,Billing,7.87,224
102398,2025-01-17 04:37:00,Technical,20.67,244
102399,2025-01-17 05:40:00,Billing,10.56,247
102400,2025-01-17 05:44:00,Technical,22.24,202
102401,2025-01-17 05:22:00,Billing,6.16,215
102402,2025-01-17 05:34:00,Technical,19.75,236
102403,2025-01-17 05:52:00,General,8.85,241
102404,2025-01-17 05:38:00,Billing,11.75,250
102405,2025-01-17 06:15:00,Billing,5.66,238
102406,2025-01-17 06:29:00,Technical,22.13,227
102407,2025-01-17 06:24:00,Billing,6.7,246
102408,2025-01-17 06:28:00,Technical,20.09,238
102409,2025-01-17 06:08:00,Billing,7.19,213
102410,2025-01-17 06:55:00,Technical,30.76,247
102411,2025-01-17 06:31:00,Billing,8.59,207
102412,2025-01-17 06:45:00,Billing,14.03,219
102413,2025-01-17 06:53:00,Billing,4.87,226
102414,2025-01-17 07:42:00,Billing,11.11,205
102415,2025-01-17 07:42:00,Billing,10.24,208
102416,2025-01-17 07:41:00,General,3.57,249
102417,2025-01-17 08:14:00,Technical,28.17,234
102418,2025-01-17 08:08:00,Technical,22.41,224
102419,2025-01-17 08:45:00,General,11.41,216
102420,2025-01-17 08:48:00,Billing,10.28,245
102421,2025-01-17 08:38:00,Technical,23.17,233
102422,2025-01-17 08:27:00,Technical,27.41,245
102423,2025-01-17 08:39:00,General,14.57,215
102424,2025-01-17 08:29:00,Technical,24.44,218
102425,2025-01-17 08:11:00,General,11.1,227
102426,2025-01-17 08:20:00,General,8.39,217
102427,2025-01-17 08:17:00,Billing,6.23,237
102428,2025-01-17 08:57:00,General,6.43,203
102429,2025-01-17 09:18:00,Technical,22.27,245
102430,2025-01-17 09:22:00,Billing,2.7,227
102431,2025-01-17 09:35:00,Technical,32.21,212
102432,2025-01-17 09:39:00,Billing,2.41,235
102433,2025-01-17 09:30:00,Billing,10.36,238
102434,2025-01-17 09:14:00,Technical,25.02,213
102435,2025-01-17 09:15:00,General,8.39,232
102436,2025-01-17 09:07:00,Technical,23.57,236
102437,2025-01-17 09:45:00,General,10.43,243
102438,2025-01-17 09:06:00,General,6.99,208
102439,2025-01-17 09:16:00,Technical,28.64,245
102440,2025-01-17 09:34:00,Technical,23.56,247
102441,2025-01-17 09:05:00,Billing,5.26,204
102442,2025-01-17 09:05:00,Technical,20.48,213
102443,2025-01-17 09:27:00,General,6.33,230
102444,2025-01-17 09:44:00,Technical,24.83,242
102445,2025-01-17 09:00:00,Billing,5.33,213
102446,2025-01-17 10:46:00,Technical,28.2,219
102447,2025-01-17 10:36:00,Billing,4.27,237
102448,2025-01-17 10:35:00,Billing,10.34,218
102449,2025-01-17 10:03:00,Billing,8.06,214
102450,2025-01-17 10:14:00,Billing,10.43,207
102451,2025-01-17 10:21:00,Technical,25.69,222
102452,2025-01-17 10:46:00,Billing,16.04,215
102453,2025-01-17 10:04:00,Billing,6.85,202
102454,2025-01-17 10:26:00,Billing,7.8,231
102455,2025-01-17 10:46:00,General,9.65,243
102456,2025-01-17 10:15:00,Technical,24.82,228
102457,2025-01-17 10:21:00,Billing,10.91,241
102458,2025-01-17 10:58:00,Technical,26.03,234
102459,2025-01-17 11:36:00,General,7.91,247
102460,2025-01-17 11:25:00,General,12.06,226
102461,2025-01-17 11:57:00,General,2.0,210
102462,2025-01-17 11:26:00,General,13.54,209
102463,2025-01-17 11:09:00,Technical,25.33,209
102464,2025-01-17 11:23:00,Technical,20.02,229
102465,2025-01-17 11:06:00,Billing,7.22,243
102466,2025-01-17 11:43:00,General,13.27,239
102467,2025-01-17 11:05:00,General,6.38,225
102468,2025-01-17 11:48:00,Billing,5.18,217
102469,2025-01-17 11:33:00,Billing,6.84,208
102470,2025-01-17 11:53:00,Billing,6.09,242
102471,2025-01-17 11:26:00,Billing,10.22,214
102472,2025-01-17 12:04:00,General,7.47,219
102473,2025-01-17 12:33:00,Technical,24.71,235
102474,2025-01-17 12:26:00,Technical,25.43,241
102475,2025-01-17 13:31:00,Billing,5.01,218
102476,2025-01-17 13:09:00,Technical,25.16,210
102477,2025-01-17 13:33:00,Technical,20.28,228
102478,2025-01-17 13:06:00,General,9.16,209
102479,2025-01-17 13:33:00,Billing,8.06,223
102480,2025-01-17 14:41:00,Billing,9.43,232
102481,2025-01-17 14:28:00,Technical,23.27,240
102482,2025-01-17 14:21:00,Technical,24.03,242
102483,2025-01-17 14:09:00,Technical,24.9,229
102484,2025-01-17 14:20:00,Billing,7.97,217
102485,2025-01-17 15:05:00,Billing,2.51,226
102486,2025-01-17 15:04:00,Billing,8.0,237
102487,2025-01-17 15:34:00,Billing,8.16,230
102488,2025-01-17 15:19:00,Billing,11.15,213
102489,2025-01-17 15:45:00,Technical,26.73,231
102490,2025-01-17 15:10:00,Billing,2.02,225
102491,2025-01-17 16:00:00,General,7.4,242
102492,2025-01-17 16:45:00,Billing,2.77,205
102493,2025-01-17 16:25:00,Billing,4.83,206
102494,2025-01-17 16:54:00,Technical,25.37,234
102495,2025-01-17 16:50:00,Billing,9.76,244
102496,2025-01-17 16:10:00,Billing,12.53,225
102497,2025-01-17 16:21:00,Billing,8.65,237
102498,2025-01-17 17:37:00,General,9.17,225
102499,2025-01-17 17:58:00,Billing,5.8,245
102500,2025-01-17 17:20:00,General,3.34,215
102501,2025-01-17 17:52:00,Billing,8.42,250
102502,2025-01-17 17:13:00,Technical,25.23,206
102503,2025-01-17 17:51:00,Technical,26.41,208
102504,2025-01-17 17:50:00,General,11.29,205
102505,2025-01-17 18:40:00,Technical,24.74,214
102506,2025-01-17 18:10:00,Technical,23.0,205
102507,2025-01-17 18:31:00,General,10.68,236
102508,2025-01-17 18:16:00,General,9.64,212
102509,2025-01-17 18:16:00,Billing,8.39,210
102510,2025-01-17 19:57:00,General,2.0,218
102511,2025-01-17 19:16:00,Technical,26.29,207
102512,2025-01-17 20:51:00,General,5.9,238
102513,2025-01-17 20:23:00,Technical,24.37,235
102514,2025-01-17 20:01:00,Technical,24.71,213
102515,2025-01-17 20:44:00,Billing,7.41,230
102516,2025-01-17 20:43:00,Technical,24.8,233
102517,2025-01-17 21:03:00,General,11.67,238
102518,2025-01-17 21:52:00,Billing,9.31,237
102519,2025-01-17 21:54:00,Billing,4.98,211
102520,2025-01-17 21:17:00,Technical,23.16,244
102521,2025-01-17 21:09:00,Technical,27.74,207
102522,2025-01-17 21:01:00,Billing,6.43,230
102523,2025-01-17 22:49:00,Technical,31.45,235
102524,2025-01-17 22:35:00,General,6.2,220
102525,2025-01-17 23:27:00,General,10.03,248
102526,2025-01-17 23:45:00,Billing,8.15,209
102527,2025-01-17 23:49:00,Billing,7.42,211
102528,2025-01-17 23:34:00,Billing,6.8,215
102529,2025-01-18 00:24:00,Billing,8.49,211
102530,2025-01-18 00:01:00,General,11.54,218
102531,2025-01-18 00:04:00,Billing,7.01,220
102532,2025-01-18 01:42:00,General,7.06,219
102533,2025-01-18 01:35:00,Billing,4.94,232
102534,2025-01-18 01:35:00,Billing,11.46,206
102535,2025-01-18 01:20:00,General,4.9,212
102536,2025-01-18 01:03:00,Billing,5.05,231
102537,2025-01-18 03:14:00,General,5.94,237
102538,2025-01-18 03:27:00,Billing,11.83,217
102539,2025-01-18 03:30:00,Technical,32.42,211
102540,2025-01-18 03:02:00,General,10.61,218
102541,2025-01-18 03:19:00,Billing,8.98,229
102542,2025-01-18 03:20:00,General,5.74,229
102543,2025-01-18 03:09:00,General,2.0,213
102544,2025-01-18 04:01:00,General,2.0,204
102545,2025-01-18 04:56:00,Billing,4.57,233
102546,2025-01-18 05:27:00,Billing,10.54,214
102547,2025-01-18 06:55:00,General,9.94,241
102548,2025-01-18 06:07:00,Billing,3.78,233
102549,2025-01-18 06:28:00,Billing,2.88,232
102550,2025-01-18 06:22:00,Technical,28.27,240
102551,2025-01-18 06:23:00,Billing,2.95,217
102552,2025-01-18 07:26:00,Billing,8.35,249
102553,2025-01-18 07:03:00,Billing,2.0,244
102554,2025-01-18 07:19:00,Billing,7.8,234
102555,2025-01-18 08:44:00,Technical,24.53,207
102556,2025-01-18 08:02:00,General,7.7,215
102557,2025-01-18 08:51:00,Billing,7.18,246
102558,2025-01-18 08:05:00,General,9.86,231
102559,2025-01-18 08:14:00,General,6.87,229
102560,2025-01-18 08:32:00,General,2.48,248
102561,2025-01-18 08:09:00,Technical,25.86,233
102562,2025-01-18 08:12:00,Billing,13.57,224
102563,2025-01-18 08:31:00,General,2.68,216
102564,2025-01-18 08:46:00,General,12.8,212
102565,2025-01-18 08:50:00,Billing,6.82,221
102566,2025-01-18 08:11:00,General,12.07,214
102567,2025-01-18 09:36:00,General,12.02,232
102568,2025-01-18 09:15:00,Billing,9.85,220
102569,2025-01-18 09:46:00,General,9.67,250
102570,2025-01-18 09:14:00,Billing,4.56,229
102571,2025-01-18 09:03:00,Billing,9.3,249
102572,2025-01-18 09:02:00,Billing,10.62,232
102573,2025-01-18 09:37:00,Technical,25.52,222
102574,2025-01-18 09:00:00,Technical,21.38,224
102575,2025-01-18 09:11:00,Billing,13.48,210
102576,2025-01-18 09:10:00,Technical,19.8,216
102577,2025-01-18 09:46:00,Technical,28.79,214
102578,2025-01-18 09:07:00,General,13.29,219
102579,2025-01-18 09:29:00,Billing,10.59,222
102580,2025-01-18 10:00:00,Technical,28.46,222
102581,2025-01-18 10:04:00,General,9.31,231
102582,2025-01-18 10:27:00,Technical,23.39,216
102583,2025-01-18 10:11:00,General,6.97,220
102584,2025-01-18 10:44:00,Billing,10.31,227
102585,2025-01-18 10:47:00,Billing,6.45,221
102586,2025-01-18 10:49:00,Technical,24.49,226
102587,2025-01-18 10:27:00,Technical,26.03,208
102588,2025-01-18 10:37:00,Billing,10.47,229
102589,2025-01-18 10:31:00,Technical,23.53,210
102590,2025-01-18 11:27:00,Technical,19.71,227
102591,2025-01-18 11:37:00,Billing,10.98,243
102592,2025-01-18 11:37:00,General,4.09,249
102593,2025-01-18 11:40:00,General,4.13,217
102594,2025-01-18 11:00:00,General,9.02,225
102595,2025-01-18 11:56:00,Billing,7.61,208
102596,2025-01-18 11:43:00,Billing,5.19,230
102597,2025-01-18 11:54:00,General,4.77,244
102598,2025-01-18 11:57:00,Technical,22.95,216
102599,2025-01-18 12:54:00,Billing,6.62,235
102600,2025-01-18 12:45:00,Technical,26.69,250
102601,2025-01-18 13:25:00,General,10.05,239
102602,2025-01-18 13:50:00,Technical,25.38,222
102603,2025-01-18 14:08:00,Billing,6.47,249
102604,2025-01-18 14:13:00,Billing,2.73,232
102605,2025-01-18 14:39:00,Billing,4.89,250
102606,2025-01-18 14:48:00,Technical,22.05,208
102607,2025-01-18 15:40:00,Billing,4.86,218
102608,2025-01-18 15:26:00,General,5.47,217
102609,2025-01-18 15:48:00,General,9.12,250
102610,2025-01-18 15:58:00,Billing,10.76,203
102611,2025-01-18 15:13:00,General,12.21,246
102612,2025-01-18 16:17:00,Technical,21.36,231
102613,2025-01-18 16:15:00,General,7.61,210
102614,2025-01-18 16:19:00,Billing,10.86,201
102615,2025-01-18 16:11:00,Billing,7.1,230
102616,2025-01-18 17:41:00,Technical,24.54,218
102617,2025-01-18 17:42:00,Billing,7.82,222
102618,2025-01-18 17:48:00,General,3.18,226
102619,2025-01-18 17:15:00,Billing,9.13,238
102620,2025-01-18 17:19:00,Billing,4.77,249
102621,2025-01-18 18:09:00,Billing,7.42,218
102622,2025-01-18 18:35:00,Billing,5.38,225
102623,2025-01-18 18:30:00,General,11.91,231
102624,2025-01-18 18:21:00,Technical,28.5,223
102625,2025-01-18 19:56:00,Technical,29.77,239
102626,2025-01-18 19:35:00,Technical,24.39,215
102627,2025-01-18 19:04:00,Technical,27.94,239
102628,2025-01-18 20:06:00,Technical,19.9,209
102629,2025-01-18 20:57:00,Billing,5.8,212
102630,2025-01-18 20:45:00,Technical,21.89,206
102631,2025-01-18 21:03:00,Technical,27.64,229
102632,2025-01-18 21:22:00,Technical,26.47,245
102633,2025-01-18 22:33:00,Technical,21.46,239
102634,2025-01-18 22:44:00,Technical,28.83,207
102635,2025-01-18 22:02:00,Technical,24.82,215
102636,2025-01-18 22:38:00,General,9.27,209
102637,2025-01-18 22:39:00,Billing,4.61,214
102638,2025-01-18 22:33:00,Billing,2.77,213
102639,2025-01-18 22:51:00,General,5.93,239
102640,2025-01-18 23:47:00,Technical,21.91,211
102641,2025-01-18 23:02:00,Billing,10.01,228
102642,2025-01-19 00:14:00,General,10.77,236
102643,2025-01-19 00:45:00,Billing,6.44,211
102644,2025-01-19 00:26:00,Technical,25.98,210
102645,2025-01-19 00:19:00,Technical,27.17,229
102646,2025-01-19 01:21:00,General,4.99,221
102647,2025-01-19 01:42:00,Billing,7.92,215
102648,2025-01-19 01:45:00,Billing,11.65,233
102649,2025-01-19 01:58:00,Technical,25.47,239
102650,2025-01-19 01:45:00,Technical,21.31,203
102651,2025-01-19 02:35:00,General,3.04,223
102652,2025-01-19 02:39:00,Billing,12.6,243
102653,2025-01-19 03:33:00,General,9.26,232
102654,2025-01-19 03:38:00,Billing,11.96,220
102655,2025-01-19 03:54:00,General,3.99,226
102656,2025-01-19 03:24:00,Technical,19.39,216
102657,2025-01-19 05:51:00,General,6.93,214
102658,2025-01-19 05:52:00,General,3.43,220
102659,2025-01-19 05:46:00,Billing,8.41,221
102660,2025-01-19 06:20:00,General,5.16,246
102661,2025-01-19 06:06:00,Billing,7.97,217
102662,2025-01-19 06:34:00,Billing,10.82,229
102663,2025-01-19 07:30:00,General,5.86,205
102664,2025-01-19 07:35:00,Technical,22.22,227
102665,2025-01-19 07:28:00,Technical,30.3,245
102666,2025-01-19 07:03:00,Billing,12.11,211
102667,2025-01-19 08:20:00,Billing,7.73,235
102668,2025-01-19 08:24:00,General,5.8,232
102669,2025-01-19 08:23:00,Billing,6.04,239
102670,2025-01-19 08:24:00,Billing,8.48,236
102671,2025-01-19 08:57:00,General,4.65,239
102672,2025-01-19 08:32:00,Technical,19.76,236
102673,2025-01-19 08:15:00,Technical,24.02,218
102674,2025-01-19 08:27:00,Billing,9.31,245
102675,2025-01-19 08:00:00,General,10.4,232
102676,2025-01-19 08:45:00,General,11.06,224
102677,2025-01-19 08:38:00,Billing,8.04,239
102678,2025-01-19 09:43:00,Billing,12.01,231
102679,2025-01-19 09:58:00,General,7.44,241
102680,2025-01-19 09:35:00,Billing,7.79,217
102681,2025-01-19 09:13:00,Technical,24.52,249
102682,2025-01-19 09:53:00,General,3.64,217
102683,2025-01-19 09:39:00,Technical,19.64,225
102684,2025-01-19 09:29:00,Billing,7.49,220
102685,2025-01-19 09:58:00,Billing,8.65,225
102686,2025-01-19 09:43:00,Billing,6.89,226
102687,2025-01-19 10:21:00,Technical,25.71,210
102688,2025-01-19 10:03:00,Billing,9.15,218
102689,2025-01-19 10:32:00,Billing,5.03,234
102690,2025-01-19 10:33:00,Billing,8.08,248
102691,2025-01-19 10:12:00,Billing,6.97,233
102692,2025-01-19 10:36:00,Technical,25.17,204
102693,2025-01-19 10:57:00,Billing,4.65,228
102694,2025-01-19 10:52:00,Technical,30.28,227
102695,2025-01-19 10:41:00,General,13.48,201
102696,2025-01-19 10:52:00,Billing,5.2,221
102697,2025-01-19 11:49:00,Billing,10.02,239
102698,2025-01-19 11:44:00,Billing,8.26,232
102699,2025-01-19 11:00:00,General,4.98,233
102700,2025-01-19 11:46:00,Billing,12.14,206
102701,2025-01-19 11:03:00,General,8.11,245
102702,2025-01-19 11:07:00,Billing,8.77,239
102703,2025-01-19 11:34:00,Technical,25.66,217
102704,2025-01-19 11:41:00,General,12.3,246
102705,2025-01-19 11:18:00,Billing,8.21,208
102706,2025-01-19 11:22:00,General,6.89,213
102707,2025-01-19 11:19:00,Technical,21.73,228
102708,2025-01-19 11:19:00,General,8.78,248
102709,2025-01-19 12:06:00,General,6.64,203
102710,2025-01-19 12:39:00,Technical,22.85,223
102711,2025-01-19 12:28:00,Technical,27.87,204
102712,2025-01-19 13:43:00,General,11.11,248
102713,2025-01-19 13:54:00,Technical,22.58,202
102714,2025-01-19 14:47:00,Billing,13.73,223
102715,2025-01-19 14:12:00,Billing,3.38,237
102716,2025-01-19 14:21:00,Billing,5.61,239
102717,2025-01-19 15:04:00,General,5.6,201
102718,2025-01-19 15:09:00,General,6.67,232
102719,2025-01-19 15:14:00,Technical,24.21,215
102720,2025-01-19 15:14:00,Technical,29.0,235
102721,2025-01-19 15:56:00,General,3.6,208
102722,2025-01-19 16:55:00,Technical,28.53,225
102723,2025-01-19 16:24:00,General,6.27,202
102724,2025-01-19 16:29:00,General,8.14,226
102725,2025-01-19 16:02:00,General,7.49,249
102726,2025-01-19 16:43:00,Billing,11.37,201
102727,2025-01-19 17:40:00,Billing,9.29,244
102728,2025-01-19 17:08:00,Billing,4.9,223
102729,2025-01-19 18:08:00,Billing,7.77,217
102730,2025-01-19 18:42:00,Billing,3.88,228
102731,2025-01-19 18:10:00,General,2.0,224
102732,2025-01-19 18:41:00,Technical,22.25,239
102733,2025-01-19 18:18:00,General,8.18,212
102734,2025-01-19 18:45:00,General,7.06,212
102735,2025-01-19 19:36:00,Billing,7.36,248
102736,2025-01-19 19:37:00,Technical,27.43,223
102737,2025-01-19 19:03:00,Billing,5.33,230
102738,2025-01-19 19:23:00,Billing,7.91,218
102739,2025-01-19 20:26:00,Billing,6.8,248
102740,2025-01-19 20:09:00,General,13.64,246
102741,2025-01-19 21:51:00,Billing,8.49,220
102742,2025-01-19 21:43:00,General,4.33,240
102743,2025-01-19 22:33:00,Technical,22.32,203
102744,2025-01-19 22:31:00,General,8.88,231
102745,2025-01-19 22:26:00,General,8.34,205
102746,2025-01-19 23:48:00,Technical,27.59,250
102747,2025-01-19 23:24:00,Billing,5.51,204
102748,2025-01-19 23:08:00,General,2.13,205
102749,2025-01-20 00:53:00,Technical,20.9,221
102750,2025-01-20 00:38:00,Technical,24.12,205
102751,2025-01-20 00:14:00,Technical,24.84,234
102752,2025-01-20 00:29:00,Billing,6.86,222
102753,2025-01-20 01:02:00,General,10.22,240
102754,2025-01-20 01:04:00,General,11.14,231
102755,2025-01-20 01:42:00,General,7.4,201
102756,2025-01-20 02:52:00,General,12.3,229
102757,2025-01-20 02:05:00,Billing,2.42,203
102758,2025-01-20 02:21:00,Technical,24.78,203
102759,2025-01-20 02:32:00,Billing,7.15,224
102760,2025-01-20 02:47:00,General,11.13,227
102761,2025-01-20 03:42:00,General,8.36,214
102762,2025-01-20 03:47:00,General,7.37,203
102763,2025-01-20 03:52:00,General,5.53,247
102764,2025-01-20 03:51:00,Technical,27.83,209
102765,2025-01-20 03:45:00,Technical,25.16,211
102766,2025-01-20 04:34:00,Technical,23.09,209
102767,2025-01-20 04:48:00,Billing,6.12,218
102768,2025-01-20 05:22:00,Technical,24.55,212
102769,2025-01-20 05:49:00,General,3.1,240
102770,2025-01-20 05:06:00,Billing,9.35,217
102771,2025-01-20 05:49:00,Billing,12.42,224
102772,2025-01-20 05:20:00,Billing,10.61,210
102773,2025-01-20 06:16:00,Billing,3.68,236
102774,2025-01-20 06:17:00,Billing,5.51,201
102775,2025-01-20 06:01:00,Billing,7.02,215
102776,2025-01-20 06:20:00,General,5.61,242
102777,2025-01-20 06:19:00,Billing,11.06,247
102778,2025-01-20 06:49:00,General,9.79,245
102779,2025-01-20 06:07:00,Billing,8.94,227
102780,2025-01-20 07:18:00,Technical,26.25,224
102781,2025-01-20 07:33:00,Technical,20.68,222
102782,2025-01-20 07:58:00,Billing,6.28,238
102783,2025-01-20 07:27:00,Billing,6.99,210
102784,2025-01-20 07:41:00,General,5.52,210
102785,2025-01-20 07:57:00,Technical,25.72,221
102786,2025-01-20 08:39:00,Billing,10.65,221
102787,2025-01-20 08:46:00,General,11.3,239
102788,2025-01-20 08:01:00,General,6.0,207
102789,2025-01-20 08:21:00,General,4.77,250
102790,2025-01-20 08:13:00,Technical,26.76,244
102791,2025-01-20 08:35:00,General,7.62,213
102792,2025-01-20 08:38:00,Billing,6.38,248
102793,2025-01-20 08:58:00,General,7.09,213
102794,2025-01-20 08:00:00,Technical,25.91,208
102795,2025-01-20 08:20:00,Technical,17.65,222
102796,2025-01-20 08:18:00,Technical,22.82,201
102797,2025-01-20 09:22:00,Technical,24.56,205
102798,2025-01-20 09:07:00,Technical,19.92,237
102799,2025-01-20 09:44:00,Billing,10.39,226
102800,2025-01-20 09:04:00,General,4.05,228
102801,2025-01-20 09:16:00,General,8.03,223
102802,2025-01-20 09:51:00,General,2.52,249
102803,2025-01-20 09:29:00,Technical,28.01,203
102804,2025-01-20 09:45:00,Technical,24.92,250
102805,2025-01-20 09:25:00,Billing,11.41,201
102806,2025-01-20 09:05:00,Technical,22.09,218
102807,2025-01-20 09:55:00,Billing,6.51,203
102808,2025-01-20 09:39:00,Billing,2.0,217
102809,2025-01-20 09:40:00,General,2.0,212
102810,2025-01-20 09:24:00,Billing,6.42,229
102811,2025-01-20 09:03:00,Billing,5.11,214
102812,2025-01-20 09:35:00,Technical,29.77,210
102813,2025-01-20 09:15:00,General,8.54,214
102814,2025-01-20 10:38:00,General,5.46,201
102815,2025-01-20 10:56:00,Billing,8.07,203
102816,2025-01-20 10:31:00,General,8.58,233
102817,2025-01-20 10:29:00,Technical,29.56,246
102818,2025-01-20 10:34:00,General,4.06,229
102819,2025-01-20 10:00:00,Billing,10.03,210
102820,2025-01-20 10:21:00,Billing,5.23,226
102821,2025-01-20 10:20:00,Billing,8.81,231
102822,2025-01-20 10:32:00,General,4.92,207
102823,2025-01-20 10:10:00,Technical,20.2,223
102824,2025-01-20 10:51:00,Technical,27.11,228
102825,2025-01-20 10:03:00,Billing,5.37,210
102826,2025-01-20 10:48:00,General,4.57,243
102827,2025-01-20 10:52:00,Technical,20.41,232
102828,2025-01-20 10:16:00,Technical,26.45,227
102829,2025-01-20 10:18:00,Technical,24.09,212
102830,2025-01-20 10:14:00,Billing,8.37,247
102831,2025-01-20 11:19:00,Billing,9.84,241
102832,2025-01-20 11:45:00,Technical,25.37,230
102833,2025-01-20 11:15:00,Billing,8.31,215
102834,2025-01-20 11:22:00,Billing,5.28,215
102835,2025-01-20 11:07:00,General,2.0,231
102836,2025-01-20 11:18:00,General,7.56,223
102837,2025-01-20 11:52:00,General,7.17,229
102838,2025-01-20 11:27:00,Technical,24.64,201
102839,2025-01-20 11:38:00,Billing,9.06,234
102840,2025-01-20 11:04:00,General,9.28,223
102841,2025-01-20 11:32:00,Billing,5.2,250
102842,2025-01-20 11:40:00,General,9.26,212
102843,2025-01-20 11:54:00,Billing,6.51,211
102844,2025-01-20 11:06:00,General,5.56,231
102845,2025-01-20 11:18:00,Billing,4.5,238
102846,2025-01-20 11:29:00,General,7.65,211
102847,2025-01-20 12:23:00,Billing,4.53,233
102848,2025-01-20 12:20:00,Billing,10.32,205
102849,2025-01-20 12:20:00,Billing,6.51,204
102850,2025-01-20 13:14:00,General,10.11,206
102851,2025-01-20 13:55:00,Technical,19.68,249
102852,2025-01-20 13:47:00,Billing,8.25,208
102853,2025-01-20 13:50:00,Technical,25.22,243
102854,2025-01-20 13:11:00,Billing,6.21,247
102855,2025-01-20 14:47:00,Billing,9.14,217
102856,2025-01-20 15:11:00,Billing,7.19,218
102857,2025-01-20 15:47:00,Billing,9.07,243
102858,2025-01-20 15:56:00,General,10.96,229
102859,2025-01-20 15:24:00,Technical,28.34,224
102860,2025-01-20 16:47:00,General,3.23,247
102861,2025-01-20 16:39:00,Technical,26.2,240
102862,2025-01-20 16:57:00,Billing,9.99,204
102863,2025-01-20 16:16:00,General,6.47,231
102864,2025-01-20 16:11:00,Billing,8.01,237
102865,2025-01-20 16:49:00,Technical,24.34,220
102866,2025-01-20 16:19:00,General,6.28,236
102867,2025-01-20 16:14:00,Billing,10.73,250
102868,2025-01-20 17:40:00,Billing,9.21,219
102869,2025-01-20 17:00:00,Technical,23.99,241
102870,2025-01-20 17:14:00,Technical,24.79,250
102871,2025-01-20 17:17:00,Billing,5.96,216
102872,2025-01-20 17:29:00,Billing,6.69,202
102873,2025-01-20 17:56:00,Billing,7.88,205
102874,2025-01-20 17:33:00,Billing,13.72,220
102875,2025-01-20 17:19:00,General,8.46,225
102876,2025-01-20 17:42:00,Technical,26.82,239
102877,2025-01-20 17:04:00,Billing,9.42,202
102878,2025-01-20 17:29:00,Billing,6.79,237
102879,2025-01-20 18:53:00,Technical,27.47,247
102880,2025-01-20 18:44:00,Technical,24.1,218
102881,2025-01-20 18:54:00,General,9.56,230
102882,2025-01-20 18:04:00,Billing,5.79,241
102883,2025-01-20 18:26:00,Billing,4.55,216
102884,2025-01-20 18:39:00,Technical,21.25,245
102885,2025-01-20 19:53:00,Technical,23.73,232
102886,2025-01-20 19:04:00,Billing,11.98,225
102887,2025-01-20 20:19:00,Technical,23.87,215
102888,2025-01-20 20:10:00,Billing,11.32,227
102889,2025-01-20 20:33:00,Technical,30.52,238
102890,2025-01-20 21:18:00,Technical,24.82,232
102891,2025-01-20 21:40:00,Technical,25.14,211
102892,2025-01-20 21:52:00,Billing,2.0,237
102893,2025-01-20 21:27:00,Billing,10.5,232
102894,2025-01-20 21:07:00,General,5.88,214
102895,2025-01-20 21:23:00,General,5.46,213
102896,2025-01-20 22:54:00,Billing,6.3,233
102897,2025-01-20 22:02:00,Billing,13.4,238
102898,2025-01-20 22:50:00,Billing,7.13,217
102899,2025-01-20 22:19:00,Technical,22.15,214
102900,2025-01-20 22:29:00,General,7.1,208
102901,2025-01-20 23:21:00,Billing,7.04,201
102902,2025-01-20 23:41:00,Technical,24.35,243
102903,2025-01-20 23:19:00,Technical,23.71,236
102904,2025-01-20 23:24:00,Billing,6.92,229
102905,2025-01-20 23:20:00,Billing,6.89,241
102906,2025-01-20 23:49:00,Technical,27.34,218
102907,2025-01-20 23:39:00,Billing,4.71,226
102908,2025-01-20 23:32:00,Billing,6.3,231
102909,2025-01-20 23:11:00,General,5.46,225
102910,2025-01-20 23:50:00,Billing,12.3,203
102911,2025-01-20 23:07:00,Technical,25.57,232
102912,2025-01-20 23:55:00,Technical,24.7,217
102913,2025-01-21 00:52:00,General,8.32,246
102914,2025-01-21 00:44:00,General,6.19,206
102915,2025-01-21 00:03:00,Technical,29.38,222
102916,2025-01-21 00:43:00,Technical,26.57,222
102917,2025-01-21 00:37:00,General,5.19,209
102918,2025-01-21 00:19:00,General,4.84,208
102919,2025-01-21 00:50:00,General,9.04,219
102920,2025-01-21 01:05:00,General,2.07,247
102921,2025-01-21 01:09:00,Billing,6.51,215
102922,2025-01-21 01:14:00,Technical,25.37,226
102923,2025-01-21 01:40:00,General,7.35,205
102924,2025-01-21 01:02:00,General,8.83,203
102925,2025-01-21 01:16:00,Billing,9.7,210
102926,2025-01-21 02:55:00,Billing,3.31,221
102927,2025-01-21 02:42:00,General,7.44,227
102928,2025-01-21 02:57:00,Technical,23.84,249
102929,2025-01-21 02:41:00,General,15.94,230
102930,2025-01-21 03:54:00,Billing,7.38,205
102931,2025-01-21 03:16:00,Technical,24.32,214
102932,2025-01-21 03:28:00,General,6.03,236
102933,2025-01-21 04:58:00,General,4.77,203
102934,2025-01-21 04:49:00,Billing,6.24,250
102935,2025-01-21 04:04:00,Billing,2.0,230
102936,2025-01-21 04:46:00,General,14.02,221
102937,2025-01-21 04:03:00,Billing,7.38,221
102938,2025-01-21 04:33:00,Technical,24.91,206
102939,2025-01-21 04:05:00,General,9.0,205
102940,2025-01-21 04:12:00,Technical,26.85,243
102941,2025-01-21 05:53:00,General,5.74,223
102942,2025-01-21 05:44:00,Technical,29.94,250
102943,2025-01-21 05:35:00,Billing,7.47,217
102944,2025-01-21 05:05:00,Technical,24.91,210
102945,2025-01-21 05:22:00,Billing,8.36,248
102946,2025-01-21 06:44:00,Billing,7.09,219
102947,2025-01-21 06:30:00,Billing,5.6,244
102948,2025-01-21 06:26:00,Technical,27.02,210
102949,2025-01-21 06:18:00,Billing,4.92,209
102950,2025-01-21 06:52:00,General,8.66,201
102951,2025-01-21 07:05:00,Billing,12.39,231
102952,2025-01-21 07:16:00,Technical,23.05,218
102953,2025-01-21 07:55:00,Billing,6.94,226
102954,2025-01-21 07:20:00,Technical,29.56,229
102955,2025-01-21 07:02:00,Billing,8.35,231
102956,2025-01-21 07:32:00,Technical,26.92,233
102957,2025-01-21 08:14:00,Technical,26.07,234
102958,2025-01-21 08:24:00,Billing,10.21,215
102959,2025-01-21 08:01:00,Technical,26.86,217
102960,2025-01-21 08:23:00,Billing,4.17,219
102961,2025-01-21 08:48:00,Billing,4.75,210
102962,2025-01-21 08:58:00,Technical,24.67,250
102963,2025-01-21 08:00:00,Technical,30.49,203
102964,2025-01-21 08:56:00,General,12.36,226
102965,2025-01-21 08:21:00,General,13.64,225
102966,2025-01-21 08:08:00,Technical,22.74,226
102967,2025-01-21 08:30:00,Technical,20.21,219
102968,2025-01-21 08:44:00,Technical,25.49,205
102969,2025-01-21 08:01:00,Technical,26.19,223
102970,2025-01-21 08:46:00,Technical,24.65,227
102971,2025-01-21 09:54:00,General,7.93,231
102972,2025-01-21 09:55:00,Technical,24.41,205
102973,2025-01-21 09:41:00,Billing,6.83,208
102974,2025-01-21 09:56:00,Billing,10.87,225
102975,2025-01-21 09:14:00,General,4.41,244
102976,2025-01-21 09:12:00,Billing,3.53,208
102977,2025-01-21 09:35:00,Billing,8.44,206
102978,2025-01-21 09:58:00,General,3.48,207
102979,2025-01-21 09:55:00,General,10.52,249
102980,2025-01-21 09:45:00,General,6.56,202
102981,2025-01-21 09:29:00,Billing,9.55,203
102982,2025-01-21 09:31:00,General,8.99,206
102983,2025-01-21 09:20:00,Billing,5.24,204
102984,2025-01-21 10:39:00,Billing,5.28,225
102985,2025-01-21 10:22:00,Billing,8.08,202
102986,2025-01-21 10:09:00,Billing,6.69,214
102987,2025-01-21 10:13:00,Technical,24.9,235
102988,2025-01-21 10:15:00,General,16.05,250
102989,2025-01-21 10:19:00,General,6.02,210
102990,2025-01-21 10:02:00,Billing,9.42,211
102991,2025-01-21 10:47:00,Technical,24.0,208
102992,2025-01-21 10:29:00,General,9.53,213
102993,2025-01-21 10:40:00,Billing,6.74,246
102994,2025-01-21 10:36:00,General,2.0,231
102995,2025-01-21 11:43:00,Billing,11.28,218
102996,2025-01-21 11:09:00,Billing,6.24,201
102997,2025-01-21 11:38:00,Technical,22.75,249
102998,2025-01-21 11:36:00,Billing,10.62,218
102999,2025-01-21 11:32:00,Technical,22.52,204
103000,2025-01-21 11:07:00,Technical,26.3,240
103001,2025-01-21 11:00:00,Technical,25.4,215
103002,2025-01-21 11:52:00,General,9.27,226
103003,2025-01-21 11:39:00,General,5.19,203
103004,2025-01-21 11:46:00,Technical,25.3,239
103005,2025-01-21 11:20:00,Billing,6.43,241
103006,2025-01-21 11:23:00,Technical,24.15,241
103007,2025-01-21 11:17:00,Billing,7.18,215
103008,2025-01-21 11:28:00,Technical,27.49,221
103009,2025-01-21 11:56:00,Technical,25.36,249
103010,2025-01-21 11:30:00,Billing,9.88,247
103011,2025-01-21 11:41:00,General,8.18,203
103012,2025-01-21 12:53:00,Billing,8.6,206
103013,2025-01-21 12:27:00,Technical,24.8,214
103014,2025-01-21 12:03:00,Billing,6.65,250
103015,2025-01-21 12:53:00,Billing,2.0,215
103016,2025-01-21 12:37:00,Billing,11.63,235
103017,2025-01-21 12:44:00,General,8.71,213
103018,2025-01-21 13:09:00,Billing,7.87,213
103019,2025-01-21 14:46:00,General,5.38,217
103020,2025-01-21 14:23:00,Billing,8.53,223
103021,2025-01-21 14:20:00,General,7.52,226
103022,2025-01-21 14:22:00,Technical,27.99,245
103023,2025-01-21 14:42:00,General,11.54,245
103024,2025-01-21 14:47:00,Technical,18.72,227
103025,2025-01-21 15:30:00,Billing,6.92,238
103026,2025-01-21 15:55:00,Billing,8.36,240
103027,2025-01-21 15:57:00,Technical,21.6,249
103028,2025-01-21 15:30:00,Billing,7.61,202
103029,2025-01-21 15:12:00,Technical,23.33,218
103030,2025-01-21 15:23:00,Technical,18.99,229
103031,2025-01-21 15:04:00,General,4.49,235
103032,2025-01-21 16:04:00,Billing,7.81,229
103033,2025-01-21 16:48:00,Billing,7.76,203
103034,2025-01-21 16:10:00,Billing,7.89,209
103035,2025-01-21 17:16:00,General,8.78,203
103036,2025-01-21 17:51:00,General,11.12,238
103037,2025-01-21 17:06:00,Billing,2.51,226
103038,2025-01-21 17:42:00,Billing,3.53,214
103039,2025-01-21 18:51:00,Technical,25.67,241
103040,2025-01-21 18:27:00,Technical,23.73,221
103041,2025-01-21 18:09:00,General,11.08,250
103042,2025-01-21 18:03:00,General,3.45,203
103043,2025-01-21 18:17:00,Billing,6.95,223
103044,2025-01-21 19:11:00,Technical,22.77,231
103045,2025-01-21 19:18:00,General,3.62,246
103046,2025-01-21 19:58:00,Billing,11.16,239
103047,2025-01-21 19:47:00,Billing,10.83,216
103048,2025-01-21 19:07:00,Technical,30.28,223
103049,2025-01-21 20:37:00,Billing,7.62,250
103050,2025-01-21 20:18:00,Billing,9.76,208
103051,2025-01-21 20:03:00,Billing,5.76,231
103052,2025-01-21 21:02:00,General,7.28,223
103053,2025-01-21 21:49:00,General,4.81,236
103054,2025-01-21 21:19:00,Billing,4.22,205
103055,2025-01-21 21:44:00,General,3.53,214
103056,2025-01-21 21:00:00,General,8.15,222
103057,2025-01-21 21:50:00,Technical,23.87,240
103058,2025-01-21 22:37:00,Billing,13.73,222
103059,2025-01-21 22:47:00,General,10.7,247
103060,2025-01-21 22:28:00,Billing,5.37,243
103061,2025-01-21 22:20:00,Billing,9.66,221
103062,2025-01-21 22:55:00,Billing,8.0,202
103063,2025-01-21 22:56:00,Billing,14.84,245
103064,2025-01-21 23:07:00,Billing,11.06,215
103065,2025-01-21 23:18:00,Technical,26.4,240
103066,2025-01-21 23:33:00,Billing,7.31,211
103067,2025-01-21 23:39:00,Billing,9.5,241
103068,2025-01-21 23:48:00,General,2.63,216
103069,2025-01-21 23:13:00,Billing,9.44,230
103070,2025-01-21 23:17:00,Technical,21.67,211
103071,2025-01-22 00:12:00,Billing,10.18,224
103072,2025-01-22 00:44:00,Billing,9.06,229
103073,2025-01-22 00:01:00,Technical,26.18,241
103074,2025-01-22 00:16:00,Technical,31.9,223
103075,2025-01-22 01:37:00,General,3.68,244
103076,2025-01-22 01:01:00,Billing,11.03,234
103077,2025-01-22 01:06:00,Billing,11.9,238
103078,2025-01-22 01:08:00,Technical,25.35,210
103079,2025-01-22 02:33:00,Technical,25.68,247
103080,2025-01-22 02:20:00,General,7.14,226
103081,2025-01-22 02:04:00,Billing,10.33,233
103082,2025-01-22 02:52:00,Billing,7.76,205
103083,2025-01-22 02:50:00,General,10.51,247
103084,2025-01-22 02:58:00,Billing,5.22,227
103085,2025-01-22 02:09:00,Billing,10.87,213
103086,2025-01-22 03:45:00,General,6.28,233
103087,2025-01-22 03:39:00,Billing,3.12,250
103088,2025-01-22 03:17:00,Billing,6.37,242
103089,2025-01-22 03:56:00,Billing,12.13,206
103090,2025-01-22 04:25:00,Technical,24.45,244
103091,2025-01-22 05:19:00,Billing,11.96,233
103092,2025-01-22 05:46:00,Billing,11.9,224
103093,2025-01-22 05:33:00,Technical,22.86,212
103094,2025-01-22 05:45:00,General,7.0,211
103095,2025-01-22 05:24:00,Technical,20.41,239
103096,2025-01-22 05:27:00,Billing,3.85,236
103097,2025-01-22 06:05:00,General,8.05,214
103098,2025-01-22 06:45:00,Technical,24.32,219
103099,2025-01-22 06:18:00,Billing,7.07,209
103100,2025-01-22 07:02:00,General,7.27,202
103101,2025-01-22 07:40:00,Billing,5.71,240
103102,2025-01-22 07:01:00,Billing,10.24,234
103103,2025-01-22 07:53:00,General,14.06,239
103104,2025-01-22 07:44:00,Technical,27.03,220
103105,2025-01-22 08:33:00,Technical,24.98,208
103106,2025-01-22 08:30:00,General,5.38,216
103107,2025-01-22 08:37:00,Billing,5.24,248
103108,2025-01-22 08:57:00,General,11.31,236
103109,2025-01-22 08:18:00,Billing,8.53,212
103110,2025-01-22 08:41:00,General,4.88,239
103111,2025-01-22 08:16:00,Billing,7.34,218
103112,2025-01-22 08:57:00,Billing,3.73,206
103113,2025-01-22 08:01:00,General,5.86,201
103114,2025-01-22 08:47:00,Technical,26.02,223
103115,2025-01-22 08:45:00,General,9.81,203
103116,2025-01-22 08:32:00,Billing,9.01,215
103117,2025-01-22 08:26:00,General,6.08,237
103118,2025-01-22 08:55:00,Billing,7.09,210
103119,2025-01-22 08:20:00,Billing,8.58,214
103120,2025-01-22 08:06:00,Technical,18.65,217
103121,2025-01-22 08:55:00,Billing,11.74,220
103122,2025-01-22 08:54:00,General,12.62,227
103123,2025-01-22 09:11:00,Technical,22.8,240
103124,2025-01-22 09:23:00,Technical,25.08,229
103125,2025-01-22 09:33:00,Billing,8.21,220
103126,2025-01-22 09:29:00,General,6.69,231
103127,2025-01-22 09:40:00,General,3.57,220
103128,2025-01-22 09:58:00,Technical,20.29,210
103129,2025-01-22 09:37:00,General,9.01,201
103130,2025-01-22 09:32:00,Billing,5.05,215
103131,2025-01-22 09:20:00,General,2.0,203
103132,2025-01-22 09:55:00,Billing,10.08,245
103133,2025-01-22 09:49:00,General,6.97,221
103134,2025-01-22 09:39:00,General,11.87,249
103135,2025-01-22 10:48:00,Billing,8.4,242
103136,2025-01-22 10:07:00,General,4.98,226
103137,2025-01-22 10:39:00,Technical,31.69,248
103138,2025-01-22 10:53:00,General,12.46,221
103139,2025-01-22 10:46:00,General,2.0,224
103140,2025-01-22 10:42:00,Technical,30.1,226
103141,2025-01-22 10:10:00,Billing,9.92,229
103142,2025-01-22 10:19:00,Billing,6.56,234
103143,2025-01-22 10:01:00,Billing,2.0,244
103144,2025-01-22 10:27:00,Technical,30.98,248
103145,2025-01-22 10:09:00,Billing,8.65,249
103146,2025-01-22 10:28:00,Technical,26.17,229
103147,2025-01-22 10:22:00,Billing,8.22,227
103148,2025-01-22 11:25:00,Billing,16.48,223
103149,2025-01-22 11:36:00,Billing,12.08,208
103150,2025-01-22 11:27:00,General,5.13,245
103151,2025-01-22 11:50:00,Billing,8.89,226
103152,2025-01-22 11:38:00,Technical,24.2,218
103153,2025-01-22 11:49:00,Billing,8.35,223
103154,2025-01-22 11:00:00,Billing,11.39,228
103155,2025-01-22 11:46:00,Billing,7.87,246
103156,2025-01-22 11:48:00,Technical,23.5,205
103157,2025-01-22 11:14:00,Billing,2.0,215
103158,2025-01-22 11:42:00,General,11.0,206
103159,2025-01-22 11:01:00,Technical,27.63,215
103160,2025-01-22 11:51:00,Billing,4.65,230
103161,2025-01-22 11:00:00,Billing,7.17,238
103162,2025-01-22 11:26:00,Billing,8.39,218
103163,2025-01-22 11:48:00,Billing,7.72,232
103164,2025-01-22 11:20:00,General,4.52,246
103165,2025-01-22 11:36:00,Technical,23.94,216
103166,2025-01-22 11:24:00,General,5.64,246
103167,2025-01-22 11:34:00,General,8.77,217
103168,2025-01-22 12:31:00,Billing,11.81,207
103169,2025-01-22 12:51:00,Billing,11.89,244
103170,2025-01-22 12:17:00,Technical,22.41,234
103171,2025-01-22 12:50:00,Billing,10.08,238
103172,2025-01-22 12:00:00,Billing,8.96,216
103173,2025-01-22 12:14:00,Technical,21.05,233
103174,2025-01-22 13:12:00,Technical,22.87,249
103175,2025-01-22 13:41:00,General,9.79,203
103176,2025-01-22 13:50:00,General,12.26,217
103177,2025-01-22 13:34:00,Technical,19.15,238
103178,2025-01-22 13:47:00,Billing,3.98,239
103179,2025-01-22 14:19:00,Billing,5.34,202
103180,2025-01-22 14:51:00,Billing,4.26,214
103181,2025-01-22 14:33:00,General,9.41,235
103182,2025-01-22 14:30:00,General,3.0,214
103183,2025-01-22 14:47:00,Billing,12.36,243
103184,2025-01-22 15:35:00,Billing,6.93,229
103185,2025-01-22 15:20:00,General,11.26,247
103186,2025-01-22 15:53:00,Billing,5.6,228
103187,2025-01-22 15:30:00,Technical,24.95,233
103188,2025-01-22 15:00:00,Technical,30.71,242
103189,2025-01-22 15:26:00,Billing,9.97,225
103190,2025-01-22 15:06:00,General,7.17,205
103191,2025-01-22 16:09:00,Technical,24.79,221
103192,2025-01-22 16:39:00,Technical,23.69,235
103193,2025-01-22 16:35:00,Technical,23.46,227
103194,2025-01-22 16:09:00,General,8.89,240
103195,2025-01-22 17:42:00,General,8.55,245
103196,2025-01-22 17:39:00,Billing,2.0,222
103197,2025-01-22 17:50:00,Technical,25.67,244
103198,2025-01-22 17:41:00,Technical,28.35,248
103199,2025-01-22 17:37:00,Technical,26.93,209
103200,2025-01-22 17:48:00,Billing,11.28,227
103201,2025-01-22 17:35:00,General,10.27,234
103202,2025-01-22 18:28:00,Billing,13.39,226
103203,2025-01-22 18:01:00,Billing,8.51,225
103204,2025-01-22 18:26:00,Billing,6.78,245
103205,2025-01-22 19:49:00,Billing,9.61,210
103206,2025-01-22 19:24:00,Technical,25.08,239
103207,2025-01-22 19:40:00,Technical,24.76,239
103208,2025-01-22 19:35:00,General,11.38,216
103209,2025-01-22 19:12:00,General,3.4,237
103210,2025-01-22 19:04:00,Billing,7.83,218
103211,2025-01-22 19:31:00,General,7.76,207
103212,2025-01-22 19:42:00,Technical,27.82,231
103213,2025-01-22 19:32:00,General,8.23,229
103214,2025-01-22 20:25:00,Technical,28.65,240
103215,2025-01-22 20:31:00,Technical,23.21,233
103216,2025-01-22 20:04:00,Billing,11.95,205
103217,2025-01-22 20:34:00,Billing,11.27,222
103218,2025-01-22 21:33:00,Billing,5.37,223
103219,2025-01-22 21:18:00,Billing,5.05,207
103220,2025-01-22 21:50:00,Billing,8.49,215
103221,2025-01-22 21:02:00,Billing,5.77,204
103222,2025-01-22 21:11:00,General,2.0,203
103223,2025-01-22 21:22:00,Technical,24.85,240
103224,2025-01-22 22:18:00,Billing,6.28,238
103225,2025-01-22 22:41:00,Technical,27.45,223
103226,2025-01-22 22:41:00,Billing,14.94,203
103227,2025-01-22 22:18:00,Technical,22.6,242
103228,2025-01-22 22:08:00,Billing,5.62,205
103229,2025-01-22 22:41:00,Technical,19.71,234
103230,2025-01-22 22:02:00,Billing,6.03,215
103231,2025-01-22 22:37:00,General,8.58,220
103232,2025-01-22 22:56:00,Technical,28.62,237
103233,2025-01-22 22:32:00,Billing,11.46,233
103234,2025-01-22 23:55:00,Technical,31.24,250
103235,2025-01-23 00:00:00,Technical,23.62,232
103236,2025-01-23 00:20:00,Technical,23.49,224
103237,2025-01-23 00:46:00,Billing,4.83,209
103238,2025-01-23 00:39:00,Billing,10.04,201
103239,2025-01-23 00:46:00,General,2.38,219
103240,2025-01-23 00:28:00,Billing,7.42,213
103241,2025-01-23 00:16:00,Billing,3.98,233
103242,2025-01-23 01:12:00,Billing,16.52,208
103243,2025-01-23 01:27:00,Technical,19.62,202
103244,2025-01-23 01:47:00,Technical,22.29,210
103245,2025-01-23 02:27:00,General,11.04,221
103246,2025-01-23 02:18:00,Billing,2.68,245
103247,2025-01-23 02:10:00,Billing,9.03,238
103248,2025-01-23 02:36:00,Billing,4.5,247
103249,2025-01-23 02:22:00,Billing,12.41,236
103250,2025-01-23 03:25:00,Technical,21.33,245
103251,2025-01-23 03:15:00,Billing,2.0,230
103252,2025-01-23 03:05:00,Billing,9.97,204
103253,2025-01-23 03:25:00,General,13.42,237
103254,2025-01-23 03:18:00,Technical,31.81,243
103255,2025-01-23 04:56:00,Technical,25.57,224
103256,2025-01-23 04:08:00,Billing,5.81,219
103257,2025-01-23 05:55:00,Billing,11.29,205
103258,2025-01-23 05:24:00,Billing,6.6,230
103259,2025-01-23 05:06:00,General,6.89,204
103260,2025-01-23 05:29:00,Billing,6.96,239
103261,2025-01-23 05:34:00,Technical,27.55,224
103262,2025-01-23 05:58:00,General,10.72,239
103263,2025-01-23 05:25:00,Billing,3.64,236
103264,2025-01-23 05:45:00,General,9.35,245
103265,2025-01-23 05:14:00,Technical,23.23,231
103266,2025-01-23 05:25:00,General,10.03,214
103267,2025-01-23 06:42:00,Billing,9.73,228
103268,2025-01-23 06:42:00,Billing,7.14,238
103269,2025-01-23 06:18:00,Billing,10.87,220
103270,2025-01-23 06:58:00,Billing,13.71,249
103271,2025-01-23 07:08:00,Billing,7.67,219
103272,2025-01-23 07:53:00,Technical,25.68,245
103273,2025-01-23 07:03:00,Technical,24.3,215
103274,2025-01-23 07:07:00,General,7.04,207
103275,2025-01-23 07:12:00,Technical,26.44,219
103276,2025-01-23 07:34:00,Billing,2.0,225
103277,2025-01-23 07:11:00,Technical,26.44,247
103278,2025-01-23 07:01:00,General,8.64,245
103279,2025-01-23 07:39:00,Billing,7.71,223
103280,2025-01-23 07:50:00,General,13.31,223
103281,2025-01-23 08:16:00,Billing,8.99,232
103282,2025-01-23 08:11:00,Billing,12.03,207
103283,2025-01-23 08:51:00,Technical,23.3,214
103284,2025-01-23 08:40:00,Billing,12.31,217
103285,2025-01-23 08:50:00,General,7.84,239
103286,2025-01-23 08:23:00,Technical,23.23,215
103287,2025-01-23 08:06:00,General,13.88,209
103288,2025-01-23 08:09:00,Billing,10.12,201
103289,2025-01-23 08:48:00,Billing,10.33,250
103290,2025-01-23 08:21:00,General,9.28,218
103291,2025-01-23 08:46:00,Billing,5.06,213
103292,2025-01-23 09:11:00,Billing,6.07,209
103293,2025-01-23 09:47:00,Billing,5.81,218
103294,2025-01-23 09:19:00,Technical,27.21,219
103295,2025-01-23 09:25:00,Billing,10.78,210
103296,2025-01-23 09:50:00,Billing,11.53,230
103297,2025-01-23 09:47:00,General,13.5,213
103298,2025-01-23 09:26:00,Billing,5.59,250
103299,2025-01-23 09:54:00,Billing,6.59,201
103300,2025-01-23 09:32:00,Billing,8.26,238
103301,2025-01-23 09:14:00,Technical,26.52,214
103302,2025-01-23 09:09:00,Billing,11.0,250
103303,2025-01-23 09:46:00,Technical,28.55,236
103304,2025-01-23 09:31:00,Technical,27.09,243
103305,2025-01-23 09:55:00,Billing,9.94,201
103306,2025-01-23 09:58:00,Billing,3.68,219
103307,2025-01-23 09:42:00,General,14.29,249
103308,2025-01-23 09:34:00,Technical,25.82,231
103309,2025-01-23 10:38:00,General,7.94,238
103310,2025-01-23 10:10:00,General,9.02,220
103311,2025-01-23 10:37:00,Technical,25.97,249
103312,2025-01-23 10:41:00,Technical,20.74,224
103313,2025-01-23 10:06:00,Technical,25.74,211
103314,2025-01-23 10:39:00,General,11.01,220
103315,2025-01-23 10:06:00,General,5.29,207
103316,2025-01-23 10:38:00,General,8.59,204
103317,2025-01-23 10:16:00,Technical,25.13,201
103318,2025-01-23 10:10:00,General,4.01,243
103319,2025-01-23 10:24:00,Billing,9.28,239
103320,2025-01-23 10:11:00,General,13.31,241
103321,2025-01-23 10:22:00,Technical,18.95,221
103322,2025-01-23 10:25:00,Technical,29.17,237
103323,2025-01-23 10:09:00,General,10.28,207
103324,2025-01-23 10:45:00,General,13.98,226
103325,2025-01-23 10:43:00,Billing,9.33,228
103326,2025-01-23 10:39:00,Billing,3.94,248
103327,2025-01-23 10:38:00,Billing,7.78,212
103328,2025-01-23 10:42:00,Billing,6.69,248
103329,2025-01-23 11:03:00,Billing,8.37,250
103330,2025-01-23 11:41:00,General,10.01,237
103331,2025-01-23 11:25:00,General,6.5,240
103332,2025-01-23 11:48:00,General,7.28,221
103333,2025-01-23 11:26:00,Technical,24.33,223
103334,2025-01-23 11:04:00,General,2.0,209
103335,2025-01-23 11:17:00,Technical,27.62,222
103336,2025-01-23 11:36:00,Billing,9.09,243
103337,2025-01-23 11:13:00,Billing,11.05,219
103338,2025-01-23 11:49:00,General,9.58,202
103339,2025-01-23 11:14:00,General,2.0,232
103340,2025-01-23 11:46:00,General,2.0,223
103341,2025-01-23 11:42:00,Billing,11.09,241
103342,2025-01-23 11:39:00,Billing,6.64,221
103343,2025-01-23 12:29:00,General,9.57,236
103344,2025-01-23 12:55:00,Billing,12.86,221
103345,2025-01-23 12:02:00,Billing,7.05,231
103346,2025-01-23 12:06:00,Billing,11.03,208
103347,2025-01-23 12:10:00,General,7.75,247
103348,2025-01-23 13:04:00,Billing,2.0,221
103349,2025-01-23 13:36:00,General,6.23,211
103350,2025-01-23 13:51:00,Billing,2.0,203
103351,2025-01-23 13:53:00,Billing,4.84,211
103352,2025-01-23 14:36:00,Billing,3.84,230
103353,2025-01-23 14:36:00,Billing,9.78,247
103354,2025-01-23 14:05:00,Technical,23.26,234
103355,2025-01-23 14:36:00,Billing,5.43,236
103356,2025-01-23 14:03:00,Technical,30.75,232
103357,2025-01-23 15:05:00,Technical,27.49,224
103358,2025-01-23 15:46:00,Billing,7.27,241
103359,2025-01-23 15:55:00,Billing,8.37,234
103360,2025-01-23 15:24:00,Billing,4.56,206
103361,2025-01-23 15:15:00,Billing,10.61,248
103362,2025-01-23 16:10:00,Billing,6.22,239
103363,2025-01-23 16:21:00,Technical,24.93,236
103364,2025-01-23 16:03:00,Billing,5.56,211
103365,2025-01-23 16:09:00,General,8.54,228
103366,2025-01-23 16:58:00,Technical,21.58,221
103367,2025-01-23 16:23:00,Technical,26.88,230
103368,2025-01-23 17:22:00,Billing,9.13,206
103369,2025-01-23 17:06:00,General,2.0,248
103370,2025-01-23 17:51:00,Billing,9.42,245
103371,2025-01-23 18:28:00,General,10.73,235
103372,2025-01-23 18:01:00,Billing,10.53,233
103373,2025-01-23 19:40:00,Technical,24.15,232
103374,2025-01-23 19:20:00,Billing,10.45,212
103375,2025-01-23 20:33:00,General,13.49,248
103376,2025-01-23 20:06:00,General,8.06,226
103377,2025-01-23 20:29:00,Technical,25.12,231
103378,2025-01-23 20:44:00,Billing,10.21,237
103379,2025-01-23 20:42:00,Billing,7.15,220
103380,2025-01-23 21:35:00,Technical,23.62,206
103381,2025-01-23 21:01:00,General,6.46,218
103382,2025-01-23 21:46:00,General,9.62,242
103383,2025-01-23 21:44:00,General,4.29,247
103384,2025-01-23 21:25:00,General,10.98,211
103385,2025-01-23 21:00:00,Billing,7.24,211
103386,2025-01-23 22:50:00,General,7.61,246
103387,2025-01-23 22:06:00,Billing,9.38,212
103388,2025-01-23 22:35:00,Technical,23.18,207
103389,2025-01-23 23:29:00,Billing,5.17,205
103390,2025-01-23 23:10:00,Technical,20.7,226
103391,2025-01-23 23:05:00,General,6.04,243
103392,2025-01-23 23:33:00,Billing,2.43,224
103393,2025-01-24 00:57:00,Billing,9.46,234
103394,2025-01-24 00:33:00,Billing,9.99,203
103395,2025-01-24 00:52:00,General,15.81,234
103396,2025-01-24 00:38:00,Billing,9.43,207
103397,2025-01-24 00:07:00,Billing,5.25,232
103398,2025-01-24 01:46:00,Technical,31.53,240
103399,2025-01-24 01:08:00,Technical,19.53,230
103400,2025-01-24 01:03:00,Technical,23.84,206
103401,2025-01-24 01:15:00,Billing,10.18,226
103402,2025-01-24 01:56:00,General,8.18,227
103403,2025-01-24 01:36:00,Technical,23.81,219
103404,2025-01-24 01:44:00,Billing,9.1,202
103405,2025-01-24 02:58:00,Billing,7.91,204
103406,2025-01-24 02:40:00,General,8.27,224
103407,2025-01-24 02:01:00,Billing,8.99,233
103408,2025-01-24 02:42:00,General,8.18,205
103409,2025-01-24 02:08:00,Billing,10.98,213
103410,2025-01-24 02:54:00,General,4.27,204
103411,2025-01-24 02:08:00,Billing,6.83,207
103412,2025-01-24 03:31:00,Billing,8.32,245
103413,2025-01-24 03:23:00,Billing,6.74,214
103414,2025-01-24 03:39:00,Billing,10.39,216
103415,2025-01-24 03:27:00,General,7.33,204
103416,2025-01-24 03:19:00,Billing,5.81,226
103417,2025-01-24 03:25:00,Technical,20.44,222
103418,2025-01-24 04:55:00,General,6.49,215
103419,2025-01-24 04:51:00,Billing,4.96,207
103420,2025-01-24 04:44:00,Technical,26.81,216
103421,2025-01-24 04:58:00,General,9.88,247
103422,2025-01-24 04:20:00,Billing,10.99,241
103423,2025-01-24 04:50:00,General,11.16,205
103424,2025-01-24 04:30:00,Technical,27.46,217
103425,2025-01-24 04:21:00,Billing,13.13,245
103426,2025-01-24 05:22:00,Technical,22.02,208
103427,2025-01-24 05:25:00,Technical,24.32,228
103428,2025-01-24 05:19:00,General,9.59,220
103429,2025-01-24 06:08:00,Technical,29.07,215
103430,2025-01-24 06:31:00,Technical,24.54,212
103431,2025-01-24 06:31:00,General,10.88,209
103432,2025-01-24 06:31:00,Technical,24.9,219
103433,2025-01-24 07:21:00,Billing,5.61,236
103434,2025-01-24 07:33:00,Billing,7.4,248
103435,2025-01-24 07:37:00,Technical,25.19,230
103436,2025-01-24 07:22:00,Technical,26.29,234
103437,2025-01-24 07:32:00,General,7.36,217
103438,2025-01-24 08:36:00,Technical,26.24,207
103439,2025-01-24 08:13:00,Technical,25.73,204
103440,2025-01-24 08:29:00,Billing,7.79,216
103441,2025-01-24 08:28:00,Technical,27.18,225
103442,2025-01-24 08:02:00,General,10.04,230
103443,2025-01-24 08:35:00,General,7.45,221
103444,2025-01-24 08:54:00,Technical,21.21,215
103445,2025-01-24 08:47:00,General,5.89,247
103446,2025-01-24 08:38:00,General,14.94,213
103447,2025-01-24 08:29:00,Technical,25.62,204
103448,2025-01-24 08:23:00,General,10.82,247
103449,2025-01-24 08:18:00,General,2.83,238
103450,2025-01-24 08:55:00,Technical,25.21,215
103451,2025-01-24 09:05:00,Billing,2.0,223
103452,2025-01-24 09:19:00,General,10.77,201
103453,2025-01-24 09:16:00,General,9.39,229
103454,2025-01-24 09:25:00,General,10.38,213
103455,2025-01-24 09:12:00,General,7.06,238
103456,2025-01-24 09:53:00,Billing,6.41,230
103457,2025-01-24 09:32:00,Billing,2.04,247
103458,2025-01-24 09:06:00,Technical,26.94,208
103459,2025-01-24 09:00:00,General,10.11,203
103460,2025-01-24 09:37:00,Technical,23.36,227
103461,2025-01-24 09:09:00,Technical,20.76,212
103462,2025-01-24 09:21:00,General,4.73,245
103463,2025-01-24 09:35:00,Billing,7.02,236
103464,2025-01-24 09:26:00,Technical,25.96,219
103465,2025-01-24 09:00:00,Technical,29.94,205
103466,2025-01-24 09:55:00,General,7.56,233
103467,2025-01-24 09:48:00,General,7.77,211
103468,2025-01-24 09:55:00,Technical,25.85,229
103469,2025-01-24 09:33:00,Billing,9.73,218
103470,2025-01-24 09:41:00,Billing,2.26,230
103471,2025-01-24 09:09:00,Technical,26.33,243
103472,2025-01-24 09:26:00,General,13.07,204
103473,2025-01-24 09:32:00,Technical,22.32,238
103474,2025-01-24 10:10:00,General,10.94,235
103475,2025-01-24 10:02:00,Billing,2.0,222
103476,2025-01-24 10:06:00,Technical,24.84,220
103477,2025-01-24 10:05:00,General,5.77,236
103478,2025-01-24 10:42:00,General,13.03,216
103479,2025-01-24 10:01:00,Technical,24.42,201
103480,2025-01-24 10:04:00,Billing,7.14,221
103481,2025-01-24 10:23:00,Billing,5.53,232
103482,2025-01-24 10:32:00,Billing,4.99,207
103483,2025-01-24 10:22:00,General,8.99,232
103484,2025-01-24 10:38:00,Technical,21.38,236
103485,2025-01-24 10:17:00,Billing,6.05,216
103486,2025-01-24 10:07:00,Billing,8.56,224
103487,2025-01-24 10:29:00,Technical,27.94,220
103488,2025-01-24 11:17:00,Billing,14.32,223
103489,2025-01-24 11:53:00,Technical,20.23,226
103490,2025-01-24 11:31:00,Technical,24.27,212
103491,2025-01-24 11:06:00,Technical,32.74,222
103492,2025-01-24 11:02:00,Technical,28.23,229
103493,2025-01-24 11:27:00,Billing,8.53,223
103494,2025-01-24 11:33:00,Technical,26.27,217
103495,2025-01-24 11:45:00,General,6.31,234
103496,2025-01-24 11:09:00,Billing,9.53,210
103497,2025-01-24 11:20:00,Billing,10.93,213
103498,2025-01-24 11:30:00,Technical,24.56,249
103499,2025-01-24 12:10:00,Technical,22.09,214
103500,2025-01-24 12:26:00,General,6.08,208
103501,2025-01-24 12:04:00,General,12.98,212
103502,2025-01-24 12:48:00,General,10.36,226
103503,2025-01-24 12:40:00,General,9.38,247
103504,2025-01-24 12:52:00,Technical,20.68,245
103505,2025-01-24 12:07:00,Technical,19.17,230
103506,2025-01-24 12:44:00,Technical,19.28,219
103507,2025-01-24 12:03:00,Billing,7.81,219
103508,2025-01-24 12:35:00,Technical,23.34,204
103509,2025-01-24 13:44:00,Billing,9.44,228
103510,2025-01-24 13:01:00,General,7.13,216
103511,2025-01-24 13:17:00,Technical,25.02,239
103512,2025-01-24 13:46:00,General,2.37,225
103513,2025-01-24 13:23:00,General,9.92,245
103514,2025-01-24 13:03:00,Billing,14.4,250
103515,2025-01-24 13:30:00,Technical,27.01,229
103516,2025-01-24 14:25:00,General,11.43,214
103517,2025-01-24 14:55:00,Technical,25.34,210
103518,2025-01-24 14:43:00,Billing,6.43,209
103519,2025-01-24 14:06:00,General,3.65,226
103520,2025-01-24 14:18:00,Billing,11.09,235
103521,2025-01-24 15:56:00,Billing,6.59,226
103522,2025-01-24 15:34:00,General,5.0,238
103523,2025-01-24 15:12:00,Technical,23.81,233
103524,2025-01-24 15:14:00,Technical,25.16,250
103525,2025-01-24 15:02:00,General,8.43,236
103526,2025-01-24 15:09:00,Technical,25.81,216
103527,2025-01-24 15:43:00,Technical,28.63,225
103528,2025-01-24 15:18:00,Billing,3.95,238
103529,2025-01-24 15:34:00,Billing,9.77,222
103530,2025-01-24 15:05:00,Billing,5.98,217
103531,2025-01-24 15:30:00,Technical,29.08,236
103532,2025-01-24 15:00:00,Billing,13.04,221
103533,2025-01-24 15:22:00,General,2.0,209
103534,2025-01-24 15:00:00,Billing,4.47,210
103535,2025-01-24 16:00:00,Billing,12.87,205
103536,2025-01-24 16:33:00,Technical,25.53,248
103537,2025-01-24 16:15:00,Billing,5.85,229
103538,2025-01-24 16:41:00,Technical,25.5,217
103539,2025-01-24 16:03:00,Billing,3.89,225
103540,2025-01-24 16:06:00,Billing,9.49,249
103541,2025-01-24 16:48:00,General,12.45,236
103542,2025-01-24 17:08:00,Billing,8.39,206
103543,2025-01-24 17:37:00,Technical,27.0,209
103544,2025-01-24 17:43:00,Billing,7.32,240
103545,2025-01-24 17:34:00,Billing,2.81,223
103546,2025-01-24 17:46:00,Billing,8.21,201
103547,2025-01-24 17:53:00,Billing,8.77,213
103548,2025-01-24 18:35:00,Technical,19.74,201
103549,2025-01-24 18:13:00,General,15.97,217
103550,2025-01-24 18:40:00,General,7.66,240
103551,2025-01-24 18:17:00,Billing,7.97,240
103552,2025-01-24 18:56:00,Technical,23.26,233
103553,2025-01-24 19:10:00,General,7.95,206
103554,2025-01-24 19:39:00,Technical,22.72,248
103555,2025-01-24 19:32:00,General,5.54,217
103556,2025-01-24 19:46:00,General,10.7,213
103557,2025-01-24 19:09:00,Billing,6.18,232
103558,2025-01-24 19:02:00,General,3.49,233
103559,2025-01-24 20:53:00,Technical,24.81,239
103560,2025-01-24 20:29:00,Billing,8.23,208
103561,2025-01-24 20:02:00,Billing,6.14,215
103562,2025-01-24 20:17:00,Technical,18.38,238
103563,2025-01-24 20:49:00,Technical,24.21,230
103564,2025-01-24 20:11:00,General,8.32,244
103565,2025-01-24 21:40:00,General,10.12,208
103566,2025-01-24 21:43:00,Billing,7.77,238
103567,2025-01-24 21:47:00,Technical,25.24,241
103568,2025-01-24 21:57:00,Billing,7.99,233
103569,2025-01-24 21:46:00,Billing,8.67,218
103570,2025-01-24 22:46:00,General,3.72,213
103571,2025-01-24 22:54:00,Technical,22.28,231
103572,2025-01-24 22:51:00,Technical,27.12,210
103573,2025-01-24 22:43:00,Billing,9.52,231
103574,2025-01-24 23:53:00,Billing,5.6,202
103575,2025-01-24 23:08:00,Billing,7.33,250
103576,2025-01-24 23:08:00,Billing,7.96,231
103577,2025-01-24 23:43:00,Technical,30.95,245
103578,2025-01-24 23:52:00,General,6.89,245
103579,2025-01-24 23:16:00,General,7.78,247
103580,2025-01-25 00:24:00,Technical,23.23,225
103581,2025-01-25 00:11:00,Technical,22.34,211
103582,2025-01-25 00:46:00,Technical,19.51,236
103583,2025-01-25 00:42:00,Billing,8.73,209
103584,2025-01-25 00:45:00,General,7.07,235
103585,2025-01-25 00:52:00,General,8.44,228
103586,2025-01-25 01:04:00,Billing,6.58,207
103587,2025-01-25 01:21:00,Technical,23.81,210
103588,2025-01-25 01:27:00,Technical,24.39,223
103589,2025-01-25 01:28:00,General,7.73,209
103590,2025-01-25 01:12:00,Technical,24.88,233
103591,2025-01-25 01:32:00,Billing,12.16,210
103592,2025-01-25 02:45:00,General,5.91,210
103593,2025-01-25 02:24:00,Technical,22.43,223
103594,2025-01-25 02:46:00,Billing,11.17,240
103595,2025-01-25 02:34:00,General,7.6,213
103596,2025-01-25 02:08:00,Billing,4.5,228
103597,2025-01-25 02:26:00,General,15.21,218
103598,2025-01-25 02:24:00,General,4.09,213
103599,2025-01-25 03:55:00,Billing,6.65,236
103600,2025-01-25 04:44:00,Technical,29.6,241
103601,2025-01-25 05:00:00,Billing,10.43,202
103602,2025-01-25 06:55:00,Technical,23.09,208
103603,2025-01-25 06:30:00,General,10.45,245
103604,2025-01-25 06:55:00,Technical,31.2,250
103605,2025-01-25 07:27:00,Technical,30.14,236
103606,2025-01-25 07:47:00,General,11.69,220
103607,2025-01-25 07:57:00,General,7.89,245
103608,2025-01-25 07:03:00,Technical,18.09,237
103609,2025-01-25 07:52:00,Technical,24.92,214
103610,2025-01-25 07:18:00,General,10.17,242
103611,2025-01-25 08:00:00,Technical,20.99,205
103612,2025-01-25 08:45:00,General,6.73,209
103613,2025-01-25 08:03:00,Billing,9.43,244
103614,2025-01-25 08:02:00,Billing,3.56,222
103615,2025-01-25 08:17:00,Technical,22.24,225
103616,2025-01-25 08:01:00,Technical,25.55,217
103617,2025-01-25 08:58:00,Technical,28.96,242
103618,2025-01-25 08:16:00,Technical,22.0,209
103619,2025-01-25 08:23:00,General,9.84,239
103620,2025-01-25 08:52:00,Billing,10.39,224
103621,2025-01-25 09:31:00,General,8.5,239
103622,2025-01-25 09:56:00,General,8.88,217
103623,2025-01-25 10:47:00,Technical,24.41,218
103624,2025-01-25 10:50:00,Technical,23.36,243
103625,2025-01-25 10:04:00,Technical,24.71,209
103626,2025-01-25 10:23:00,Billing,9.3,208
103627,2025-01-25 10:16:00,Billing,11.96,234
103628,2025-01-25 10:29:00,Billing,8.6,230
103629,2025-01-25 10:56:00,Billing,9.38,246
103630,2025-01-25 10:16:00,General,7.91,203
103631,2025-01-25 10:39:00,Billing,6.04,236
103632,2025-01-25 10:14:00,General,8.36,237
103633,2025-01-25 11:23:00,Billing,2.0,249
103634,2025-01-25 11:02:00,Technical,23.4,219
103635,2025-01-25 11:02:00,General,10.78,236
103636,2025-01-25 11:15:00,Technical,23.31,217
103637,2025-01-25 11:23:00,Billing,6.97,217
103638,2025-01-25 11:10:00,Billing,7.28,212
103639,2025-01-25 11:04:00,Technical,24.18,220
103640,2025-01-25 11:22:00,Billing,9.43,209
103641,2025-01-25 11:35:00,Billing,8.76,248
103642,2025-01-25 11:15:00,Technical,25.06,248
103643,2025-01-25 11:06:00,Technical,27.09,225
103644,2025-01-25 12:56:00,Billing,8.39,232
103645,2025-01-25 12:07:00,Billing,11.08,202
103646,2025-01-25 12:21:00,General,2.62,206
103647,2025-01-25 12:33:00,Technical,24.86,231
103648,2025-01-25 13:11:00,General,7.13,218
103649,2025-01-25 14:41:00,General,9.27,219
103650,2025-01-25 14:53:00,Billing,12.23,223
103651,2025-01-25 14:58:00,Billing,4.17,236
103652,2025-01-25 14:44:00,Billing,3.15,236
103653,2025-01-25 14:09:00,General,9.22,201
103654,2025-01-25 15:43:00,Technical,24.41,224
103655,2025-01-25 15:40:00,Billing,3.54,203
103656,2025-01-25 15:57:00,General,6.38,213
103657,2025-01-25 15:01:00,Billing,9.27,202
103658,2025-01-25 16:43:00,Billing,7.58,230
103659,2025-01-25 16:09:00,Technical,28.51,242
103660,2025-01-25 17:04:00,Billing,8.02,242
103661,2025-01-25 17:58:00,Billing,9.39,214
103662,2025-01-25 18:44:00,Technical,21.73,229
103663,2025-01-25 18:18:00,General,12.07,217
103664,2025-01-25 18:13:00,Billing,4.97,217
103665,2025-01-25 18:33:00,Technical,22.0,227
103666,2025-01-25 19:46:00,Billing,14.11,237
103667,2025-01-25 20:08:00,Technical,29.09,227
103668,2025-01-25 20:17:00,Billing,5.69,220
103669,2025-01-25 20:31:00,Billing,5.37,229
103670,2025-01-25 21:37:00,Billing,7.31,228
103671,2025-01-25 21:44:00,Technical,25.5,223
103672,2025-01-25 22:26:00,Billing,6.79,245
103673,2025-01-25 22:11:00,Billing,10.57,204
103674,2025-01-25 22:00:00,General,7.79,218
103675,2025-01-25 22:19:00,Billing,6.93,241
103676,2025-01-25 22:20:00,General,10.57,213
103677,2025-01-25 22:53:00,Billing,11.31,232
103678,2025-01-25 23:27:00,Billing,6.72,203
103679,2025-01-26 00:46:00,Technical,22.88,202
103680,2025-01-26 00:36:00,Technical,27.59,244
103681,2025-01-26 00:01:00,Technical,21.38,227
103682,2025-01-26 00:25:00,Technical,26.42,216
103683,2025-01-26 02:53:00,Billing,3.59,232
103684,2025-01-26 02:48:00,General,4.25,213
103685,2025-01-26 02:21:00,Technical,22.88,207
103686,2025-01-26 03:31:00,General,10.05,223
103687,2025-01-26 03:02:00,Technical,25.34,237
103688,2025-01-26 03:36:00,General,10.23,231
103689,2025-01-26 03:01:00,Billing,5.29,231
103690,2025-01-26 04:57:00,Billing,7.63,246
103691,2025-01-26 05:01:00,General,6.99,232
103692,2025-01-26 05:02:00,Technical,24.58,218
103693,2025-01-26 05:54:00,Technical,25.06,238
103694,2025-01-26 05:33:00,Billing,5.44,247
103695,2025-01-26 06:47:00,General,5.52,249
103696,2025-01-26 07:04:00,Billing,4.44,225
103697,2025-01-26 07:14:00,Billing,8.64,219
103698,2025-01-26 07:13:00,Billing,12.53,238
103699,2025-01-26 07:17:00,Billing,9.15,201
103700,2025-01-26 08:25:00,General,11.21,242
103701,2025-01-26 08:40:00,Technical,23.83,202
103702,2025-01-26 08:18:00,Billing,7.71,212
103703,2025-01-26 08:01:00,General,7.45,211
103704,2025-01-26 08:37:00,General,6.34,225
103705,2025-01-26 09:55:00,Technical,22.71,211
103706,2025-01-26 09:26:00,Billing,6.39,220
103707,2025-01-26 09:38:00,Technical,30.34,244
103708,2025-01-26 09:00:00,Technical,25.54,229
103709,2025-01-26 09:29:00,Technical,22.05,240
103710,2025-01-26 09:50:00,General,10.18,236
103711,2025-01-26 09:34:00,Technical,27.71,236
103712,2025-01-26 09:51:00,Technical,18.69,245
103713,2025-01-26 09:22:00,Billing,2.0,225
103714,2025-01-26 09:05:00,Billing,9.53,235
103715,2025-01-26 09:55:00,Billing,10.82,204
103716,2025-01-26 09:25:00,Technical,30.35,234
103717,2025-01-26 10:34:00,Technical,25.9,245
103718,2025-01-26 10:14:00,Technical,22.83,208
103719,2025-01-26 10:25:00,Billing,2.02,230
103720,2025-01-26 10:40:00,Technical,27.44,218
103721,2025-01-26 10:17:00,Technical,24.08,237
103722,2025-01-26 10:50:00,Billing,3.63,205
103723,2025-01-26 10:22:00,Billing,14.12,242
103724,2025-01-26 10:31:00,Billing,14.82,244
103725,2025-01-26 11:57:00,Technical,27.82,217
103726,2025-01-26 11:08:00,Billing,2.78,237
103727,2025-01-26 11:33:00,Billing,6.8,208
103728,2025-01-26 11:08:00,Billing,6.61,214
103729,2025-01-26 11:40:00,General,11.04,232
103730,2025-01-26 11:43:00,General,13.45,211
103731,2025-01-26 11:58:00,Technical,25.97,211
103732,2025-01-26 11:53:00,General,5.81,247
103733,2025-01-26 11:41:00,Billing,10.16,235
103734,2025-01-26 11:56:00,Technical,25.57,238
103735,2025-01-26 11:31:00,Technical,24.8,208
103736,2025-01-26 11:51:00,Billing,5.31,238
103737,2025-01-26 11:22:00,General,9.06,205
103738,2025-01-26 12:05:00,General,5.07,209
103739,2025-01-26 12:30:00,Technical,27.93,226
103740,2025-01-26 12:21:00,Technical,28.36,222
103741,2025-01-26 12:14:00,Billing,9.94,217
103742,2025-01-26 13:06:00,General,12.2,225
103743,2025-01-26 13:39:00,Billing,4.98,243
103744,2025-01-26 13:31:00,General,11.1,231
103745,2025-01-26 13:38:00,Technical,20.69,222
103746,2025-01-26 14:31:00,General,6.53,225
103747,2025-01-26 14:37:00,General,11.11,238
103748,2025-01-26 15:39:00,Technical,26.38,247
103749,2025-01-26 16:33:00,General,4.7,211
103750,2025-01-26 16:11:00,Billing,9.59,245
103751,2025-01-26 16:03:00,General,6.46,242
103752,2025-01-26 16:38:00,Billing,11.77,230
103753,2025-01-26 17:47:00,Billing,11.54,239
103754,2025-01-26 17:27:00,Billing,13.44,219
103755,2025-01-26 17:29:00,Billing,4.42,221
103756,2025-01-26 17:50:00,Billing,7.98,236
103757,2025-01-26 18:28:00,General,6.24,223
103758,2025-01-26 18:20:00,General,11.29,222
103759,2025-01-26 20:03:00,Technical,24.52,248
103760,2025-01-26 20:55:00,General,6.08,222
103761,2025-01-26 20:14:00,Billing,11.91,224
103762,2025-01-26 21:01:00,Billing,4.92,249
103763,2025-01-26 21:28:00,General,8.51,235
103764,2025-01-26 21:19:00,General,9.11,242
103765,2025-01-26 22:30:00,General,8.03,218
103766,2025-01-26 22:33:00,Billing,12.82,216
103767,2025-01-26 22:51:00,Technical,21.58,233
103768,2025-01-26 22:25:00,Technical,23.49,237
103769,2025-01-26 23:04:00,Technical,29.45,202
103770,2025-01-27 00:26:00,Billing,4.48,206
103771,2025-01-27 00:30:00,Billing,11.91,222
103772,2025-01-27 00:53:00,Technical,24.04,230
103773,2025-01-27 00:35:00,General,4.38,222
103774,2025-01-27 00:50:00,General,10.24,240
103775,2025-01-27 00:21:00,Billing,6.8,217
103776,2025-01-27 01:17:00,Technical,22.42,222
103777,2025-01-27 01:08:00,Technical,22.55,246
103778,2025-01-27 01:43:00,Billing,4.39,209
103779,2025-01-27 01:49:00,General,14.35,209
103780,2025-01-27 01:09:00,Technical,27.68,242
103781,2025-01-27 01:21:00,General,15.2,237
103782,2025-01-27 01:24:00,Billing,5.99,228
103783,2025-01-27 01:05:00,General,6.56,212
103784,2025-01-27 01:54:00,Billing,6.73,215
103785,2025-01-27 01:04:00,Technical,28.5,215
103786,2025-01-27 02:27:00,Billing,9.29,244
103787,2025-01-27 02:10:00,Billing,12.15,208
103788,2025-01-27 02:45:00,Technical,26.59,228
103789,2025-01-27 02:06:00,Technical,22.7,230
103790,2025-01-27 03:46:00,General,10.79,206
103791,2025-01-27 03:50:00,Billing,8.56,238
103792,2025-01-27 04:11:00,Technical,25.04,223
103793,2025-01-27 04:38:00,Billing,9.58,209
103794,2025-01-27 05:52:00,Billing,12.24,246
103795,2025-01-27 05:03:00,Billing,7.59,220
103796,2025-01-27 05:17:00,Technical,25.39,239
103797,2025-01-27 05:53:00,Technical,27.29,236
103798,2025-01-27 05:37:00,Technical,28.25,215
103799,2025-01-27 05:07:00,Technical,24.92,240
103800,2025-01-27 06:05:00,Technical,22.21,214
103801,2025-01-27 06:58:00,Billing,14.06,231
103802,2025-01-27 06:09:00,Billing,11.47,217
103803,2025-01-27 06:29:00,Technical,26.51,244
103804,2025-01-27 06:43:00,General,2.0,222
103805,2025-01-27 07:22:00,General,6.13,205
103806,2025-01-27 07:26:00,Billing,4.96,242
103807,2025-01-27 07:04:00,General,8.19,215
103808,2025-01-27 07:21:00,Billing,9.57,234
103809,2025-01-27 07:10:00,Billing,14.51,232
103810,2025-01-27 08:10:00,Billing,6.38,246
103811,2025-01-27 08:06:00,General,6.7,246
103812,2025-01-27 08:09:00,Technical,26.2,221
103813,2025-01-27 08:00:00,General,13.56,234
103814,2025-01-27 08:05:00,General,6.48,231
103815,2025-01-27 08:42:00,Billing,5.76,236
103816,2025-01-27 08:35:00,Technical,30.84,235
103817,2025-01-27 08:56:00,General,5.57,221
103818,2025-01-27 08:31:00,General,12.68,222
103819,2025-01-27 08:15:00,General,5.96,242
103820,2025-01-27 08:37:00,Technical,25.33,224
103821,2025-01-27 08:56:00,Technical,20.72,244
103822,2025-01-27 08:44:00,Billing,2.45,228
103823,2025-01-27 08:25:00,Billing,10.46,211
103824,2025-01-27 08:50:00,General,11.81,203
103825,2025-01-27 08:39:00,General,8.98,246
103826,2025-01-27 08:35:00,Technical,30.23,236
103827,2025-01-27 08:56:00,Billing,7.82,202
103828,2025-01-27 08:51:00,Technical,22.23,236
103829,2025-01-27 08:00:00,General,7.93,218
103830,2025-01-27 08:54:00,General,9.29,228
103831,2025-01-27 08:41:00,General,10.15,225
103832,2025-01-27 09:26:00,Billing,7.82,221
103833,2025-01-27 09:41:00,General,7.19,207
103834,2025-01-27 09:31:00,Technical,21.29,234
103835,2025-01-27 09:01:00,Technical,26.97,210
103836,2025-01-27 09:16:00,General,11.07,218
103837,2025-01-27 09:14:00,General,2.67,212
103838,2025-01-27 09:33:00,Technical,30.66,216
103839,2025-01-27 09:06:00,Billing,4.32,233
103840,2025-01-27 09:10:00,Technical,24.42,243
103841,2025-01-27 09:14:00,Technical,22.72,246
103842,2025-01-27 09:41:00,Technical,22.1,228
103843,2025-01-27 09:07:00,Billing,11.44,227
103844,2025-01-27 09:21:00,Technical,24.4,201
103845,2025-01-27 09:24:00,Billing,13.97,236
103846,2025-01-27 09:18:00,Technical,20.61,233
103847,2025-01-27 09:29:00,General,8.21,212
103848,2025-01-27 09:14:00,Technical,20.77,248
103849,2025-01-27 09:33:00,General,8.03,236
103850,2025-01-27 09:03:00,Billing,7.76,206
103851,2025-01-27 09:31:00,Technical,27.33,216
103852,2025-01-27 09:25:00,General,4.26,231
103853,2025-01-27 09:53:00,Billing,6.0,238
103854,2025-01-27 09:08:00,Technical,25.08,220
103855,2025-01-27 10:54:00,Technical,29.29,217
103856,2025-01-27 10:14:00,General,17.29,215
103857,2025-01-27 10:01:00,Technical,25.09,223
103858,2025-01-27 10:47:00,General,8.39,242
103859,2025-01-27 10:08:00,Billing,3.49,245
103860,2025-01-27 10:09:00,General,4.32,223
103861,2025-01-27 10:22:00,Technical,26.34,240
103862,2025-01-27 11:39:00,Technical,22.81,246
103863,2025-01-27 11:21:00,Technical,25.03,239
103864,2025-01-27 11:41:00,General,11.2,201
103865,2025-01-27 11:18:00,Technical,23.03,234
103866,2025-01-27 11:27:00,Billing,6.45,234
103867,2025-01-27 11:58:00,General,8.8,219
103868,2025-01-27 11:42:00,General,2.81,203
103869,2025-01-27 11:06:00,Technical,22.67,226
103870,2025-01-27 11:30:00,Technical,32.88,229
103871,2025-01-27 11:34:00,Technical,24.49,217
103872,2025-01-27 11:23:00,General,6.41,210
103873,2025-01-27 11:29:00,Billing,8.29,229
103874,2025-01-27 11:17:00,Billing,6.75,241
103875,2025-01-27 11:16:00,Technical,24.37,211
103876,2025-01-27 12:51:00,Billing,9.97,206
103877,2025-01-27 12:11:00,General,8.23,209
103878,2025-01-27 12:43:00,Technical,27.39,232
103879,2025-01-27 12:48:00,General,2.0,216
103880,2025-01-27 12:07:00,Technical,24.07,244
103881,2025-01-27 13:03:00,Billing,7.28,226
103882,2025-01-27 13:37:00,Technical,25.2,204
103883,2025-01-27 14:02:00,Billing,6.7,244
103884,2025-01-27 14:45:00,General,7.44,223
103885,2025-01-27 14:29:00,General,6.06,240
103886,2025-01-27 15:24:00,General,5.77,238
103887,2025-01-27 15:29:00,General,7.15,234
103888,2025-01-27 15:57:00,Billing,8.08,227
103889,2025-01-27 15:20:00,Billing,11.04,219
103890,2025-01-27 15:14:00,Billing,9.42,243
103891,2025-01-27 15:50:00,Technical,20.07,220
103892,2025-01-27 15:32:00,General,6.95,247
103893,2025-01-27 15:38:00,General,4.74,239
103894,2025-01-27 15:47:00,General,12.57,205
103895,2025-01-27 16:33:00,Technical,26.31,249
103896,2025-01-27 16:07:00,Technical,24.14,211
103897,2025-01-27 16:17:00,Technical,25.9,250
103898,2025-01-27 16:28:00,Technical,24.72,221
103899,2025-01-27 16:11:00,General,8.97,236
103900,2025-01-27 16:17:00,Technical,24.96,239
103901,2025-01-27 16:10:00,General,6.26,235
103902,2025-01-27 16:47:00,Technical,26.52,217
103903,2025-01-27 16:43:00,Technical,22.81,208
103904,2025-01-27 17:35:00,General,3.48,222
103905,2025-01-27 17:33:00,Billing,10.98,224
103906,2025-01-27 18:50:00,Billing,3.92,248
103907,2025-01-27 18:13:00,General,7.73,241
103908,2025-01-27 18:35:00,General,11.77,221
103909,2025-01-27 18:11:00,General,9.68,215
103910,2025-01-27 18:37:00,Billing,7.81,214
103911,2025-01-27 18:04:00,Billing,11.51,230
103912,2025-01-27 19:02:00,Technical,26.22,206
103913,2025-01-27 19:23:00,Technical,25.23,245
103914,2025-01-27 19:54:00,Billing,4.25,214
103915,2025-01-27 19:13:00,Billing,10.19,216
103916,2025-01-27 19:56:00,General,9.25,216
103917,2025-01-27 19:27:00,Billing,7.6,218
103918,2025-01-27 20:27:00,Technical,22.34,232
103919,2025-01-27 20:55:00,Billing,8.32,210
103920,2025-01-27 20:54:00,Technical,22.76,243
103921,2025-01-27 20:32:00,Technical,26.25,239
103922,2025-01-27 21:06:00,General,5.37,204
103923,2025-01-27 21:09:00,Technical,24.51,215
103924,2025-01-27 21:35:00,Billing,8.82,227
103925,2025-01-27 21:16:00,Billing,6.39,245
103926,2025-01-27 22:09:00,General,9.73,240
103927,2025-01-27 22:11:00,Technical,28.25,230
103928,2025-01-27 22:21:00,Billing,7.83,218
103929,2025-01-27 23:44:00,Technical,28.6,233
103930,2025-01-27 23:49:00,Billing,5.46,241
103931,2025-01-27 23:29:00,Billing,5.06,246
103932,2025-01-27 23:32:00,Technical,16.54,213
103933,2025-01-27 23:39:00,General,6.83,239
103934,2025-01-27 23:56:00,Billing,10.09,244
103935,2025-01-27 23:58:00,Billing,4.68,231
103936,2025-01-28 00:11:00,Billing,9.53,205
103937,2025-01-28 00:34:00,General,10.27,220
103938,2025-01-28 00:41:00,Billing,5.85,210
103939,2025-01-28 00:19:00,General,7.69,229
103940,2025-01-28 01:17:00,General,2.93,218
103941,2025-01-28 01:39:00,General,6.17,250
103942,2025-01-28 02:38:00,Billing,5.04,230
103943,2025-01-28 02:50:00,General,5.43,220
103944,2025-01-28 02:50:00,General,9.6,224
103945,2025-01-28 02:42:00,Technical,27.13,209
103946,2025-01-28 03:51:00,Billing,5.6,201
103947,2025-01-28 03:37:00,Billing,10.17,234
103948,2025-01-28 03:19:00,General,4.51,216
103949,2025-01-28 03:23:00,General,4.33,230
103950,2025-01-28 04:37:00,General,6.1,230
103951,2025-01-28 04:30:00,Technical,21.08,220
103952,2025-01-28 04:07:00,General,11.9,245
103953,2025-01-28 04:14:00,General,9.52,212
103954,2025-01-28 04:19:00,Technical,26.28,210
103955,2025-01-28 04:29:00,Technical,19.58,230
103956,2025-01-28 04:31:00,General,8.03,235
103957,2025-01-28 04:06:00,General,8.1,207
103958,2025-01-28 04:18:00,Technical,23.31,250
103959,2025-01-28 04:37:00,Billing,12.98,202
103960,2025-01-28 04:14:00,Billing,4.77,206
103961,2025-01-28 04:10:00,General,10.09,208
103962,2025-01-28 04:23:00,Billing,5.36,221
103963,2025-01-28 05:15:00,Billing,4.39,206
103964,2025-01-28 05:17:00,Billing,7.33,217
103965,2025-01-28 06:16:00,Billing,8.88,212
103966,2025-01-28 06:49:00,Billing,5.55,226
103967,2025-01-28 06:25:00,General,10.35,203
103968,2025-01-28 06:46:00,Billing,8.12,230
103969,2025-01-28 06:13:00,Technical,23.53,237
103970,2025-01-28 06:14:00,Billing,12.1,202
103971,2025-01-28 06:31:00,Billing,8.94,240
103972,2025-01-28 07:09:00,Technical,21.83,235
103973,2025-01-28 07:18:00,Technical,22.84,239
103974,2025-01-28 07:13:00,General,9.09,239
103975,2025-01-28 07:31:00,Technical,21.33,243
103976,2025-01-28 07:10:00,Billing,9.75,250
103977,2025-01-28 07:14:00,Technical,21.25,204
103978,2025-01-28 07:46:00,Technical,28.91,203
103979,2025-01-28 07:16:00,Billing,11.8,222
103980,2025-01-28 07:02:00,Billing,7.18,247
103981,2025-01-28 08:47:00,Billing,2.0,227
103982,2025-01-28 08:56:00,Billing,6.78,212
103983,2025-01-28 08:19:00,Billing,12.73,220
103984,2025-01-28 08:39:00,Technical,21.05,240
103985,2025-01-28 08:01:00,Technical,26.83,214
103986,2025-01-28 08:04:00,General,9.42,231
103987,2025-01-28 08:22:00,Billing,7.05,232
103988,2025-01-28 08:12:00,General,7.02,217
103989,2025-01-28 08:25:00,Technical,22.25,244
103990,2025-01-28 08:21:00,Technical,24.34,210
103991,2025-01-28 08:32:00,Billing,7.7,206
103992,2025-01-28 08:06:00,Technical,29.15,202
103993,2025-01-28 08:22:00,Technical,26.43,225
103994,2025-01-28 08:28:00,Technical,26.35,210
103995,2025-01-28 08:58:00,Billing,5.6,243
103996,2025-01-28 08:54:00,Billing,9.48,206
103997,2025-01-28 09:23:00,Billing,9.09,210
103998,2025-01-28 09:55:00,Billing,11.92,244
103999,2025-01-28 09:29:00,Billing,5.27,237
104000,2025-01-28 09:04:00,Billing,10.72,249
104001,2025-01-28 09:04:00,Technical,28.27,209
104002,2025-01-28 09:46:00,Technical,27.9,210
104003,2025-01-28 09:35:00,General,12.27,237
104004,2025-01-28 09:05:00,Technical,19.37,237
104005,2025-01-28 09:31:00,Billing,2.0,211
104006,2025-01-28 09:29:00,Technical,20.58,221
104007,2025-01-28 09:26:00,Billing,9.06,203
104008,2025-01-28 09:25:00,General,4.47,201
104009,2025-01-28 09:03:00,General,9.89,239
104010,2025-01-28 09:21:00,General,3.82,216
104011,2025-01-28 09:49:00,Billing,11.69,216
104012,2025-01-28 09:52:00,Billing,4.78,217
104013,2025-01-28 09:43:00,Billing,8.86,202
104014,2025-01-28 10:03:00,Billing,6.5,221
104015,2025-01-28 10:48:00,Technical,25.27,202
104016,2025-01-28 10:11:00,Technical,24.29,225
104017,2025-01-28 10:49:00,General,7.01,234
104018,2025-01-28 10:02:00,General,10.1,225
104019,2025-01-28 10:25:00,Billing,11.35,248
104020,2025-01-28 10:26:00,Billing,4.99,241
104021,2025-01-28 10:18:00,Billing,6.65,248
104022,2025-01-28 10:31:00,Technical,22.23,218
104023,2025-01-28 10:07:00,General,9.11,233
104024,2025-01-28 10:43:00,Billing,4.62,205
104025,2025-01-28 11:07:00,Technical,25.04,232
104026,2025-01-28 11:55:00,Technical,27.15,217
104027,2025-01-28 11:17:00,Technical,24.7,212
104028,2025-01-28 11:15:00,Billing,6.92,216
104029,2025-01-28 12:54:00,Billing,7.26,208
104030,2025-01-28 12:45:00,Technical,24.59,246
104031,2025-01-28 12:50:00,Technical,26.69,248
104032,2025-01-28 12:06:00,Billing,9.24,211
104033,2025-01-28 12:46:00,General,5.86,219
104034,2025-01-28 13:27:00,General,4.64,203
104035,2025-01-28 13:13:00,Billing,8.2,229
104036,2025-01-28 13:19:00,Billing,10.72,222
104037,2025-01-28 14:35:00,General,8.63,203
104038,2025-01-28 14:22:00,Billing,9.08,243
104039,2025-01-28 14:44:00,Technical,28.84,217
104040,2025-01-28 14:55:00,Billing,12.76,215
104041,2025-01-28 14:07:00,Technical,27.87,216
104042,2025-01-28 14:15:00,General,7.14,205
104043,2025-01-28 14:29:00,Technical,21.87,250
104044,2025-01-28 14:24:00,Technical,22.94,250
104045,2025-01-28 15:09:00,Technical,24.72,215
104046,2025-01-28 15:58:00,General,14.69,249
104047,2025-01-28 15:47:00,Technical,25.41,220
104048,2025-01-28 16:32:00,General,7.91,227
104049,2025-01-28 16:06:00,Technical,29.39,248
104050,2025-01-28 16:41:00,Billing,12.45,211
104051,2025-01-28 16:01:00,Billing,5.97,240
104052,2025-01-28 16:56:00,Technical,25.34,242
104053,2025-01-28 16:23:00,Technical,26.12,204
104054,2025-01-28 16:35:00,Billing,9.77,219
104055,2025-01-28 16:08:00,General,11.01,233
104056,2025-01-28 16:17:00,Technical,22.28,224
104057,2025-01-28 17:24:00,General,7.65,222
104058,2025-01-28 17:25:00,General,9.82,209
104059,2025-01-28 17:32:00,Technical,23.74,204
104060,2025-01-28 17:35:00,Billing,11.36,238
104061,2025-01-28 17:34:00,General,6.54,225
104062,2025-01-28 17:56:00,General,9.17,212
104063,2025-01-28 17:32:00,General,6.55,223
104064,2025-01-28 17:24:00,General,13.56,240
104065,2025-01-28 18:44:00,Technical,28.35,222
104066,2025-01-28 18:17:00,Billing,9.56,213
104067,2025-01-28 19:22:00,Technical,21.0,216
104068,2025-01-28 19:37:00,Technical,28.97,237
104069,2025-01-28 19:47:00,Technical,24.86,214
104070,2025-01-28 19:47:00,Billing,8.62,230
104071,2025-01-28 19:20:00,General,6.8,207
104072,2025-01-28 19:32:00,Billing,11.62,232
104073,2025-01-28 19:13:00,General,8.73,238
104074,2025-01-28 19:22:00,General,2.0,225
104075,2025-01-28 19:14:00,General,6.43,225
104076,2025-01-28 19:12:00,Billing,17.86,225
104077,2025-01-28 19:24:00,Technical,27.09,242
104078,2025-01-28 20:10:00,Technical,25.17,245
104079,2025-01-28 20:31:00,General,2.56,247
104080,2025-01-28 20:27:00,Technical,26.36,213
104081,2025-01-28 20:24:00,Billing,10.36,210
104082,2025-01-28 20:25:00,General,6.33,232
104083,2025-01-28 20:58:00,Billing,7.46,249
104084,2025-01-28 21:24:00,General,9.28,203
104085,2025-01-28 21:13:00,Technical,23.04,204
104086,2025-01-28 21:07:00,Billing,9.23,226
104087,2025-01-28 21:47:00,Billing,8.89,210
104088,2025-01-28 21:20:00,Technical,23.88,228
104089,2025-01-28 21:32:00,General,5.42,211
104090,2025-01-28 22:51:00,Technical,19.08,206
104091,2025-01-28 22:49:00,General,6.26,238
104092,2025-01-28 22:43:00,Billing,5.14,244
104093,2025-01-28 22:04:00,General,10.79,205
104094,2025-01-28 22:58:00,Billing,7.53,209
104095,2025-01-28 22:44:00,Billing,2.27,209
104096,2025-01-28 23:55:00,General,8.69,219
104097,2025-01-28 23:03:00,Technical,28.55,230
104098,2025-01-29 00:16:00,Technical,20.96,224
104099,2025-01-29 00:56:00,General,9.73,235
104100,2025-01-29 00:00:00,Billing,7.15,249
104101,2025-01-29 01:39:00,Billing,8.49,240
104102,2025-01-29 01:13:00,Technical,22.57,207
104103,2025-01-29 02:44:00,Billing,5.18,234
104104,2025-01-29 02:01:00,Billing,4.16,206
104105,2025-01-29 02:01:00,Billing,8.63,242
104106,2025-01-29 03:46:00,General,7.79,232
104107,2025-01-29 03:32:00,Billing,9.1,246
104108,2025-01-29 03:12:00,General,9.95,244
104109,2025-01-29 03:17:00,Technical,23.34,223
104110,2025-01-29 04:26:00,Billing,4.37,240
104111,2025-01-29 04:13:00,Billing,10.09,232
104112,2025-01-29 04:56:00,Technical,25.79,247
104113,2025-01-29 05:31:00,Billing,3.81,204
104114,2025-01-29 05:46:00,Technical,25.92,222
104115,2025-01-29 05:28:00,General,10.69,236
104116,2025-01-29 05:24:00,Billing,4.35,246
104117,2025-01-29 05:49:00,Billing,8.42,247
104118,2025-01-29 05:33:00,Technical,26.7,232
104119,2025-01-29 06:26:00,Billing,5.22,235
104120,2025-01-29 06:34:00,Billing,6.82,237
104121,2025-01-29 06:45:00,General,7.89,231
104122,2025-01-29 06:10:00,General,9.86,242
104123,2025-01-29 06:08:00,Billing,7.25,228
104124,2025-01-29 06:49:00,Technical,25.64,233
104125,2025-01-29 07:12:00,Billing,2.98,225
104126,2025-01-29 07:52:00,Technical,21.61,222
104127,2025-01-29 07:44:00,Billing,15.18,223
104128,2025-01-29 07:49:00,Billing,10.83,228
104129,2025-01-29 07:31:00,Technical,21.71,211
104130,2025-01-29 07:40:00,Billing,5.78,231
104131,2025-01-29 07:49:00,Billing,10.58,223
104132,2025-01-29 07:07:00,Billing,4.65,242
104133,2025-01-29 07:33:00,Billing,7.9,219
104134,2025-01-29 08:16:00,General,6.53,242
104135,2025-01-29 08:37:00,Technical,25.88,204
104136,2025-01-29 08:16:00,Billing,5.61,213
104137,2025-01-29 08:01:00,Technical,20.03,218
104138,2025-01-29 08:15:00,General,5.74,204
104139,2025-01-29 08:48:00,General,8.16,221
104140,2025-01-29 08:48:00,Billing,7.92,236
104141,2025-01-29 08:22:00,Technical,24.43,225
104142,2025-01-29 08:34:00,Billing,9.37,205
104143,2025-01-29 08:38:00,Technical,22.59,248
104144,2025-01-29 08:23:00,Technical,22.85,224
104145,2025-01-29 08:18:00,Billing,9.69,239
104146,2025-01-29 08:24:00,Billing,4.38,227
104147,2025-01-29 08:04:00,Billing,7.94,244
104148,2025-01-29 08:34:00,Billing,12.54,211
104149,2025-01-29 08:33:00,General,3.08,205
104150,2025-01-29 08:46:00,Technical,27.4,232
104151,2025-01-29 09:28:00,Technical,27.77,223
104152,2025-01-29 09:40:00,Billing,7.74,210
104153,2025-01-29 09:23:00,Billing,8.85,211
104154,2025-01-29 09:51:00,General,9.65,230
104155,2025-01-29 09:57:00,General,10.18,207
104156,2025-01-29 09:58:00,General,6.61,224
104157,2025-01-29 09:18:00,Billing,7.46,229
104158,2025-01-29 09:20:00,General,9.49,226
104159,2025-01-29 09:10:00,Technical,25.6,214
104160,2025-01-29 09:56:00,Technical,29.39,243
104161,2025-01-29 09:21:00,General,10.76,239
104162,2025-01-29 09:00:00,General,10.52,224
104163,2025-01-29 09:11:00,General,11.69,219
104164,2025-01-29 09:53:00,Billing,9.38,204
104165,2025-01-29 09:43:00,Billing,10.72,220
104166,2025-01-29 09:23:00,General,9.0,248
104167,2025-01-29 09:51:00,General,6.86,240
104168,2025-01-29 09:54:00,Billing,8.84,210
104169,2025-01-29 09:03:00,Billing,3.74,249
104170,2025-01-29 10:20:00,General,10.96,248
104171,2025-01-29 10:35:00,Billing,10.69,201
104172,2025-01-29 10:02:00,General,5.87,214
104173,2025-01-29 10:39:00,General,13.08,234
104174,2025-01-29 10:52:00,Billing,2.0,231
104175,2025-01-29 10:05:00,Technical,24.12,231
104176,2025-01-29 10:12:00,Technical,20.85,221
104177,2025-01-29 10:15:00,Billing,6.21,221
104178,2025-01-29 10:30:00,Technical,23.96,209
104179,2025-01-29 10:36:00,Technical,22.37,237
104180,2025-01-29 10:39:00,Billing,7.76,250
104181,2025-01-29 11:19:00,Billing,2.04,205
104182,2025-01-29 11:25:00,Billing,5.71,249
104183,2025-01-29 11:33:00,Technical,19.8,219
104184,2025-01-29 11:26:00,General,7.76,206
104185,2025-01-29 11:58:00,Billing,10.57,206
104186,2025-01-29 11:20:00,General,8.45,241
104187,2025-01-29 11:22:00,Billing,5.7,238
104188,2025-01-29 11:19:00,Technical,20.8,205
104189,2025-01-29 11:39:00,General,8.24,233
104190,2025-01-29 11:20:00,Technical,25.4,208
104191,2025-01-29 12:28:00,Billing,2.0,241
104192,2025-01-29 12:18:00,General,11.29,230
104193,2025-01-29 12:12:00,General,3.6,205
104194,2025-01-29 12:55:00,Technical,23.5,217
104195,2025-01-29 12:48:00,General,5.23,203
104196,2025-01-29 12:28:00,Billing,10.03,245
104197,2025-01-29 12:04:00,General,11.33,214
104198,2025-01-29 12:35:00,Technical,25.95,245
104199,2025-01-29 13:05:00,General,7.88,242
104200,2025-01-29 13:37:00,Billing,12.54,233
104201,2025-01-29 13:53:00,General,4.52,227
104202,2025-01-29 13:15:00,Billing,5.98,221
104203,2025-01-29 13:02:00,Billing,5.25,212
104204,2025-01-29 14:12:00,Technical,29.52,244
104205,2025-01-29 14:57:00,General,9.02,236
104206,2025-01-29 14:42:00,Billing,14.13,225
104207,2025-01-29 14:28:00,Billing,6.42,241
104208,2025-01-29 14:11:00,Billing,6.46,250
104209,2025-01-29 15:06:00,Billing,4.52,221
104210,2025-01-29 15:56:00,General,12.35,244
104211,2025-01-29 15:23:00,General,4.65,227
104212,2025-01-29 15:54:00,Technical,27.61,228
104213,2025-01-29 16:31:00,Billing,10.23,204
104214,2025-01-29 16:28:00,Billing,6.67,209
104215,2025-01-29 16:12:00,Billing,5.46,202
104216,2025-01-29 16:54:00,Billing,5.87,212
104217,2025-01-29 17:16:00,Billing,8.85,211
104218,2025-01-29 17:08:00,Technical,23.68,243
104219,2025-01-29 18:37:00,General,5.58,245
104220,2025-01-29 18:46:00,General,8.58,242
104221,2025-01-29 18:20:00,Technical,31.4,215
104222,2025-01-29 19:58:00,Billing,6.82,202
104223,2025-01-29 19:02:00,General,7.33,236
104224,2025-01-29 19:30:00,Billing,2.0,240
104225,2025-01-29 19:29:00,General,5.55,242
104226,2025-01-29 19:21:00,Billing,10.21,227
104227,2025-01-29 19:44:00,General,11.99,231
104228,2025-01-29 20:37:00,Billing,5.43,235
104229,2025-01-29 20:43:00,Technical,26.48,245
104230,2025-01-29 20:05:00,Billing,5.42,232
104231,2025-01-29 20:35:00,Billing,4.75,220
104232,2025-01-29 20:48:00,Technical,25.02,238
104233,2025-01-29 20:26:00,Technical,29.58,217
104234,2025-01-29 20:50:00,General,5.87,202
104235,2025-01-29 21:25:00,Billing,9.96,219
104236,2025-01-29 21:12:00,General,5.01,213
104237,2025-01-29 21:39:00,Technical,26.08,237
104238,2025-01-29 21:56:00,Technical,25.61,213
104239,2025-01-29 21:10:00,Billing,10.31,225
104240,2025-01-29 21:46:00,General,13.59,244
104241,2025-01-29 21:46:00,Billing,11.24,244
104242,2025-01-29 21:36:00,General,13.24,207
104243,2025-01-29 21:56:00,Billing,10.87,238
104244,2025-01-29 21:53:00,General,2.0,230
104245,2025-01-29 22:17:00,General,9.91,201
104246,2025-01-29 22:27:00,General,7.31,222
104247,2025-01-29 23:02:00,General,3.47,231
104248,2025-01-29 23:19:00,General,6.16,232
104249,2025-01-29 23:47:00,General,8.37,243
104250,2025-01-29 23:03:00,Billing,7.37,227
104251,2025-01-30 00:23:00,Technical,32.17,212
104252,2025-01-30 00:25:00,Billing,12.55,228
104253,2025-01-30 00:20:00,General,3.11,250
104254,2025-01-30 00:52:00,General,8.44,250
104255,2025-01-30 00:15:00,Billing,4.28,229
104256,2025-01-30 00:07:00,Technical,23.54,207
104257,2025-01-30 00:33:00,Billing,10.18,244
104258,2025-01-30 00:22:00,General,10.01,245
104259,2025-01-30 00:12:00,Billing,7.12,234
104260,2025-01-30 01:18:00,General,6.33,211
104261,2025-01-30 01:57:00,Billing,6.08,228
104262,2025-01-30 01:18:00,General,9.17,248
104263,2025-01-30 02:10:00,Technical,24.7,213
104264,2025-01-30 02:14:00,Technical,27.62,238
104265,2025-01-30 02:26:00,Billing,7.57,230
104266,2025-01-30 02:44:00,Technical,30.59,221
104267,2025-01-30 03:55:00,Billing,7.12,246
104268,2025-01-30 03:09:00,Technical,22.55,205
104269,2025-01-30 03:13:00,General,6.04,234
104270,2025-01-30 04:35:00,General,9.39,245
104271,2025-01-30 04:46:00,Technical,22.22,250
104272,2025-01-30 04:21:00,General,6.68,245
104273,2025-01-30 04:27:00,Billing,11.41,245
104274,2025-01-30 04:35:00,Billing,7.37,227
104275,2025-01-30 04:24:00,General,6.4,244
104276,2025-01-30 04:55:00,General,6.0,203
104277,2025-01-30 05:34:00,Technical,23.25,220
104278,2025-01-30 05:58:00,Billing,9.04,208
104279,2025-01-30 06:05:00,General,9.12,206
104280,2025-01-30 06:02:00,Billing,7.17,210
104281,2025-01-30 06:45:00,Technical,24.03,222
104282,2025-01-30 06:23:00,Billing,13.1,212
104283,2025-01-30 06:15:00,General,10.53,220
104284,2025-01-30 06:31:00,Billing,9.0,245
104285,2025-01-30 07:21:00,General,9.53,228
104286,2025-01-30 07:30:00,General,6.8,213
104287,2025-01-30 07:36:00,Billing,13.67,243
104288,2025-01-30 07:51:00,General,5.92,240
104289,2025-01-30 08:27:00,Billing,9.73,235
104290,2025-01-30 08:02:00,Billing,11.61,231
104291,2025-01-30 08:24:00,General,6.35,244
104292,2025-01-30 08:25:00,General,5.85,202
104293,2025-01-30 08:03:00,Billing,6.67,217
104294,2025-01-30 08:06:00,Billing,11.2,223
104295,2025-01-30 08:11:00,General,9.27,211
104296,2025-01-30 08:49:00,General,9.4,229
104297,2025-01-30 08:52:00,General,4.1,248
104298,2025-01-30 08:01:00,Billing,8.19,247
104299,2025-01-30 08:47:00,Technical,26.93,230
104300,2025-01-30 08:16:00,Technical,21.25,241
104301,2025-01-30 08:22:00,General,7.84,238
104302,2025-01-30 08:25:00,Billing,6.07,245
104303,2025-01-30 08:35:00,General,2.37,226
104304,2025-01-30 08:09:00,Technical,25.48,209
104305,2025-01-30 08:42:00,Billing,14.42,242
104306,2025-01-30 09:20:00,General,5.67,219
104307,2025-01-30 09:44:00,General,9.68,213
104308,2025-01-30 09:49:00,Technical,24.6,225
104309,2025-01-30 09:47:00,Billing,9.82,249
104310,2025-01-30 09:33:00,Technical,24.74,232
104311,2025-01-30 09:16:00,Technical,25.79,206
104312,2025-01-30 09:06:00,Billing,6.95,245
104313,2025-01-30 09:00:00,General,12.6,230
104314,2025-01-30 09:50:00,General,8.87,235
104315,2025-01-30 09:44:00,Technical,25.5,222
104316,2025-01-30 09:43:00,Technical,28.08,207
104317,2025-01-30 09:01:00,Billing,7.13,217
104318,2025-01-30 09:52:00,Billing,6.65,233
104319,2025-01-30 09:10:00,Billing,10.72,207
104320,2025-01-30 09:36:00,Billing,7.52,249
104321,2025-01-30 09:36:00,General,6.44,221
104322,2025-01-30 09:39:00,Billing,11.56,208
104323,2025-01-30 09:45:00,General,5.77,219
104324,2025-01-30 09:29:00,Billing,7.62,239
104325,2025-01-30 09:26:00,General,7.45,250
104326,2025-01-30 10:33:00,Billing,11.68,234
104327,2025-01-30 10:51:00,General,9.87,220
104328,2025-01-30 10:02:00,General,9.77,230
104329,2025-01-30 10:05:00,Billing,2.54,203
104330,2025-01-30 10:50:00,General,8.22,236
104331,2025-01-30 10:37:00,General,6.12,244
104332,2025-01-30 10:21:00,Billing,9.84,224
104333,2025-01-30 10:12:00,General,3.22,233
104334,2025-01-30 10:16:00,Billing,9.76,231
104335,2025-01-30 10:32:00,Billing,5.33,239
104336,2025-01-30 10:52:00,General,7.44,247
104337,2025-01-30 10:20:00,General,11.78,241
104338,2025-01-30 10:26:00,Billing,7.55,208
104339,2025-01-30 10:34:00,General,4.89,234
104340,2025-01-30 11:56:00,General,8.6,218
104341,2025-01-30 11:01:00,General,5.13,212
104342,2025-01-30 11:13:00,General,11.85,226
104343,2025-01-30 11:55:00,Technical,25.14,242
104344,2025-01-30 11:02:00,Technical,22.65,237
104345,2025-01-30 11:11:00,Billing,12.17,221
104346,2025-01-30 11:21:00,Technical,19.7,229
104347,2025-01-30 11:25:00,Billing,2.78,212
104348,2025-01-30 11:50:00,General,6.7,204
104349,2025-01-30 11:28:00,Technical,19.85,214
104350,2025-01-30 11:45:00,General,10.43,203
104351,2025-01-30 11:20:00,General,8.89,212
104352,2025-01-30 11:47:00,Technical,27.64,207
104353,2025-01-30 11:39:00,Billing,5.2,211
104354,2025-01-30 12:10:00,Billing,2.0,230
104355,2025-01-30 12:50:00,Billing,5.25,236
104356,2025-01-30 12:11:00,Billing,3.04,232
104357,2025-01-30 12:40:00,General,6.44,248
104358,2025-01-30 12:42:00,Billing,13.63,217
104359,2025-01-30 12:39:00,Billing,12.28,238
104360,2025-01-30 12:50:00,Technical,26.73,236
104361,2025-01-30 12:08:00,Billing,6.03,235
104362,2025-01-30 12:42:00,Technical,28.7,232
104363,2025-01-30 12:22:00,Technical,28.62,246
104364,2025-01-30 13:25:00,Billing,6.19,215
104365,2025-01-30 13:41:00,General,3.32,249
104366,2025-01-30 13:34:00,Billing,11.55,239
104367,2025-01-30 13:45:00,General,12.09,244
104368,2025-01-30 14:37:00,General,9.77,245
104369,2025-01-30 14:53:00,Technical,23.39,201
104370,2025-01-30 14:25:00,General,12.11,227
104371,2025-01-30 14:06:00,Billing,11.05,208
104372,2025-01-30 15:49:00,Billing,12.38,203
104373,2025-01-30 15:36:00,Technical,26.63,245
104374,2025-01-30 15:06:00,Technical,22.13,215
104375,2025-01-30 15:17:00,General,10.14,219
104376,2025-01-30 15:24:00,Billing,13.71,236
104377,2025-01-30 16:09:00,Technical,23.33,206
104378,2025-01-30 16:21:00,Billing,8.93,234
104379,2025-01-30 16:14:00,General,9.94,207
104380,2025-01-30 16:58:00,General,11.17,224
104381,2025-01-30 16:20:00,Billing,7.0,240
104382,2025-01-30 16:13:00,Billing,6.55,243
104383,2025-01-30 17:21:00,Billing,3.78,208
104384,2025-01-30 17:27:00,General,14.24,228
104385,2025-01-30 17:54:00,Technical,25.0,202
104386,2025-01-30 17:44:00,Billing,11.71,247
104387,2025-01-30 17:12:00,Billing,11.94,207
104388,2025-01-30 17:46:00,Billing,7.57,237
104389,2025-01-30 18:51:00,Billing,7.9,240
104390,2025-01-30 18:34:00,General,4.21,245
104391,2025-01-30 18:34:00,Billing,6.54,242
104392,2025-01-30 19:22:00,General,5.61,214
104393,2025-01-30 19:45:00,Billing,12.34,224
104394,2025-01-30 19:17:00,Billing,6.7,248
104395,2025-01-30 19:32:00,General,3.64,214
104396,2025-01-30 20:58:00,Billing,8.28,236
104397,2025-01-30 20:39:00,Billing,10.22,213
104398,2025-01-30 20:43:00,Technical,26.67,233
104399,2025-01-30 20:41:00,Billing,13.23,229
104400,2025-01-30 20:54:00,Billing,8.13,216
104401,2025-01-30 21:22:00,Billing,3.99,205
104402,2025-01-30 21:38:00,Billing,8.58,217
104403,2025-01-30 21:06:00,Billing,7.98,227
104404,2025-01-30 22:27:00,Technical,23.51,204
104405,2025-01-30 23:58:00,General,8.02,210
104406,2025-01-30 23:11:00,Billing,7.77,215
104407,2025-01-30 23:31:00,Technical,26.72,232
104408,2025-01-30 23:04:00,General,2.0,238
104409,2025-01-30 23:03:00,General,5.6,228
104410,2025-01-30 23:20:00,General,6.9,213
104411,2025-01-30 23:35:00,Billing,6.56,208
104412,2025-01-31 00:51:00,Technical,23.43,246
104413,2025-01-31 00:45:00,Billing,2.0,238
104414,2025-01-31 00:12:00,General,8.04,243
104415,2025-01-31 00:50:00,Technical,32.07,231
104416,2025-01-31 01:00:00,General,9.03,204
104417,2025-01-31 01:10:00,Technical,28.54,214
104418,2025-01-31 01:28:00,Billing,10.05,250
104419,2025-01-31 01:42:00,Technical,21.14,209
104420,2025-01-31 02:32:00,Technical,21.88,242
104421,2025-01-31 02:10:00,General,8.49,236
104422,2025-01-31 02:14:00,General,13.45,249
104423,2025-01-31 02:49:00,Technical,25.58,248
104424,2025-01-31 02:10:00,Technical,23.46,217
104425,2025-01-31 02:10:00,Billing,8.63,239
104426,2025-01-31 03:21:00,General,4.82,227
104427,2025-01-31 03:10:00,Billing,10.64,236
104428,2025-01-31 03:42:00,Billing,9.08,243
104429,2025-01-31 03:21:00,Billing,13.34,246
104430,2025-01-31 03:37:00,General,8.92,217
104431,2025-01-31 04:35:00,Technical,28.89,235
104432,2025-01-31 04:46:00,Billing,10.59,206
104433,2025-01-31 04:29:00,Technical,23.85,227
104434,2025-01-31 04:14:00,General,7.88,219
104435,2025-01-31 04:31:00,Billing,8.77,240
104436,2025-01-31 04:27:00,Technical,25.15,205
104437,2025-01-31 04:47:00,General,3.02,216
104438,2025-01-31 04:28:00,Technical,23.53,210
104439,2025-01-31 05:48:00,General,7.7,202
104440,2025-01-31 05:36:00,General,7.09,246
104441,2025-01-31 05:43:00,General,10.87,219
104442,2025-01-31 05:29:00,Billing,7.54,241
104443,2025-01-31 05:51:00,General,8.14,244
104444,2025-01-31 05:12:00,Technical,22.26,209
104445,2025-01-31 06:12:00,General,11.57,223
104446,2025-01-31 06:24:00,Billing,12.02,247
104447,2025-01-31 06:06:00,Technical,28.27,236
104448,2025-01-31 06:18:00,Billing,4.32,237
104449,2025-01-31 07:55:00,Billing,6.33,206
104450,2025-01-31 07:30:00,General,6.26,211
104451,2025-01-31 07:26:00,General,8.23,207
104452,2025-01-31 07:46:00,Billing,2.37,244
104453,2025-01-31 08:28:00,General,10.58,241
104454,2025-01-31 08:06:00,General,9.48,227
104455,2025-01-31 08:54:00,Billing,9.36,217
104456,2025-01-31 08:36:00,Technical,27.81,208
104457,2025-01-31 08:33:00,Technical,23.59,207
104458,2025-01-31 08:19:00,Technical,28.19,218
104459,2025-01-31 08:40:00,General,6.66,214
104460,2025-01-31 08:56:00,Billing,13.01,227
104461,2025-01-31 08:26:00,General,6.65,224
104462,2025-01-31 08:57:00,Billing,6.76,232
104463,2025-01-31 08:09:00,Technical,26.25,246
104464,2025-01-31 08:12:00,Billing,5.63,217
104465,2025-01-31 09:29:00,Technical,25.26,207
104466,2025-01-31 09:57:00,Technical,23.68,201
104467,2025-01-31 09:29:00,Technical,28.49,231
104468,2025-01-31 09:38:00,Billing,11.46,221
104469,2025-01-31 09:33:00,Technical,20.13,227
104470,2025-01-31 09:14:00,Technical,28.59,214
104471,2025-01-31 09:36:00,General,6.87,230
104472,2025-01-31 09:06:00,Billing,7.51,209
104473,2025-01-31 09:01:00,Technical,23.97,227
104474,2025-01-31 10:58:00,General,7.72,236
104475,2025-01-31 10:50:00,Technical,24.88,243
104476,2025-01-31 10:52:00,Technical,21.16,249
104477,2025-01-31 10:37:00,Billing,6.47,222
104478,2025-01-31 10:00:00,Billing,8.31,212
104479,2025-01-31 10:41:00,General,10.75,250
104480,2025-01-31 10:07:00,Billing,8.19,224
104481,2025-01-31 10:45:00,Technical,25.25,231
104482,2025-01-31 10:45:00,Billing,4.65,207
104483,2025-01-31 10:57:00,Billing,13.07,213
104484,2025-01-31 10:30:00,Billing,3.55,217
104485,2025-01-31 10:58:00,General,2.0,210
104486,2025-01-31 10:45:00,General,5.77,211
104487,2025-01-31 10:58:00,Billing,6.38,204
104488,2025-01-31 10:19:00,Technical,26.57,221
104489,2025-01-31 10:11:00,Technical,24.16,228
104490,2025-01-31 10:40:00,Technical,15.72,217
104491,2025-01-31 10:41:00,Technical,23.66,204
104492,2025-01-31 10:42:00,Technical,23.14,228
104493,2025-01-31 10:06:00,General,2.25,233
104494,2025-01-31 10:15:00,Billing,9.91,208
104495,2025-01-31 10:39:00,Billing,9.04,228
104496,2025-01-31 10:39:00,Billing,10.23,243
104497,2025-01-31 10:01:00,Technical,24.64,209
104498,2025-01-31 11:22:00,Billing,12.03,233
104499,2025-01-31 11:12:00,General,4.7,228
104500,2025-01-31 11:25:00,Billing,5.31,239
104501,2025-01-31 11:35:00,Technical,28.71,242
104502,2025-01-31 11:25:00,Billing,7.27,245
104503,2025-01-31 11:22:00,Technical,27.77,201
104504,2025-01-31 11:40:00,General,6.83,205
104505,2025-01-31 11:07:00,Billing,5.33,234
104506,2025-01-31 11:46:00,Billing,10.16,225
104507,2025-01-31 11:49:00,Billing,6.78,232
104508,2025-01-31 11:04:00,Billing,6.75,245
104509,2025-01-31 11:07:00,Billing,6.88,227
104510,2025-01-31 11:00:00,General,13.26,208
104511,2025-01-31 11:33:00,Technical,19.18,224
104512,2025-01-31 11:29:00,Billing,4.38,203
104513,2025-01-31 11:10:00,General,8.31,232
104514,2025-01-31 11:23:00,Billing,9.54,201
104515,2025-01-31 11:55:00,Technical,24.4,207
104516,2025-01-31 11:32:00,Billing,6.92,230
104517,2025-01-31 12:57:00,Billing,5.84,235
104518,2025-01-31 12:14:00,Billing,10.11,240
104519,2025-01-31 12:12:00,Technical,21.92,247
104520,2025-01-31 12:08:00,General,6.42,239
104521,2025-01-31 13:07:00,Billing,8.84,226
104522,2025-01-31 13:11:00,Billing,3.99,239
104523,2025-01-31 13:09:00,General,13.54,203
104524,2025-01-31 13:07:00,Billing,7.56,238
104525,2025-01-31 14:33:00,Billing,11.05,239
104526,2025-01-31 14:33:00,Billing,6.34,247
104527,2025-01-31 14:26:00,Billing,4.96,242
104528,2025-01-31 14:03:00,General,7.01,201
104529,2025-01-31 15:09:00,Billing,9.21,224
104530,2025-01-31 15:07:00,Billing,7.48,214
104531,2025-01-31 15:23:00,General,7.18,216
104532,2025-01-31 15:11:00,General,12.62,234
104533,2025-01-31 15:45:00,Billing,9.31,205
104534,2025-01-31 16:30:00,General,5.04,244
104535,2025-01-31 16:55:00,Technical,26.94,232
104536,2025-01-31 16:28:00,General,10.35,204
104537,2025-01-31 16:58:00,Technical,24.16,203
104538,2025-01-31 17:16:00,Billing,12.07,205
104539,2025-01-31 18:55:00,Billing,5.86,205
104540,2025-01-31 18:06:00,Technical,28.25,238
104541,2025-01-31 18:34:00,Billing,11.97,243
104542,2025-01-31 18:30:00,Technical,29.83,234
104543,2025-01-31 18:55:00,Technical,19.94,202
104544,2025-01-31 18:42:00,Billing,11.27,216
104545,2025-01-31 18:51:00,Technical,19.23,240
104546,2025-01-31 18:14:00,Technical,23.2,235
104547,2025-01-31 19:07:00,General,13.25,248
104548,2025-01-31 19:25:00,General,3.94,237
104549,2025-01-31 19:37:00,Technical,20.63,206
104550,2025-01-31 19:13:00,Technical,24.85,234
104551,2025-01-31 20:47:00,General,7.83,233
104552,2025-01-31 20:37:00,General,7.48,218
104553,2025-01-31 20:58:00,Billing,13.98,235
104554,2025-01-31 20:03:00,General,6.17,249
104555,2025-01-31 20:24:00,Billing,7.5,231
104556,2025-01-31 20:44:00,General,9.71,224
104557,2025-01-31 20:29:00,Billing,4.54,218
104558,2025-01-31 20:27:00,Technical,18.84,238
104559,2025-01-31 21:21:00,Technical,23.74,228
104560,2025-01-31 21:19:00,Billing,7.6,245
104561,2025-01-31 21:54:00,Technical,24.97,207
104562,2025-01-31 21:20:00,General,8.58,206
104563,2025-01-31 22:38:00,Technical,20.68,243
104564,2025-01-31 22:54:00,General,6.41,245
104565,2025-01-31 22:36:00,Billing,6.03,217
104566,2025-01-31 22:12:00,Technical,22.45,247
104567,2025-01-31 22:27:00,Billing,12.4,231
104568,2025-01-31 23:11:00,Technical,24.86,212
104569,2025-01-31 23:20:00,Billing,8.82,221
104570,2025-01-31 23:30:00,General,5.0,226
104571,2025-01-31 23:38:00,General,4.39,207
104572,2025-01-31 23:46:00,General,2.0,211
104573,2025-01-31 23:41:00,Billing,9.33,235
104574,2025-01-31 23:13:00,Billing,3.67,217
104575,2025-01-31 23:29:00,Billing,10.33,217
104576,2025-02-01 00:54:00,Billing,15.38,203
104577,2025-02-01 00:04:00,General,9.9,235
104578,2025-02-01 00:27:00,Technical,23.32,225
104579,2025-02-01 00:16:00,General,6.14,243
104580,2025-02-01 01:54:00,General,6.54,205
104581,2025-02-01 01:28:00,Billing,8.09,250
104582,2025-02-01 02:36:00,General,5.82,230
104583,2025-02-01 02:07:00,Billing,4.07,228
104584,2025-02-01 02:13:00,General,5.07,211
104585,2025-02-01 03:13:00,General,12.72,211
104586,2025-02-01 03:58:00,Billing,8.12,207
104587,2025-02-01 03:02:00,General,4.27,203
104588,2025-02-01 04:46:00,Billing,5.38,227
104589,2025-02-01 04:18:00,Technical,20.27,217
104590,2025-02-01 04:11:00,Billing,13.52,242
104591,2025-02-01 04:10:00,Billing,12.26,210
104592,2025-02-01 05:38:00,Billing,7.25,247
104593,2025-02-01 05:47:00,General,11.52,206
104594,2025-02-01 05:20:00,Billing,7.62,211
104595,2025-02-01 05:02:00,General,13.56,234
104596,2025-02-01 05:14:00,General,9.11,230
104597,2025-02-01 06:04:00,Technical,21.49,214
104598,2025-02-01 06:52:00,Billing,5.41,228
104599,2025-02-01 06:00:00,Technical,27.77,203
104600,2025-02-01 06:23:00,Billing,10.39,210
104601,2025-02-01 06:47:00,Billing,9.88,212
104602,2025-02-01 07:48:00,General,5.9,213
104603,2025-02-01 07:28:00,Billing,7.3,211
104604,2025-02-01 07:24:00,Billing,9.3,226
104605,2025-02-01 08:05:00,Billing,4.64,244
104606,2025-02-01 08:41:00,General,6.48,248
104607,2025-02-01 08:19:00,Billing,11.36,206
104608,2025-02-01 08:03:00,General,7.24,245
104609,2025-02-01 08:38:00,Billing,11.8,221
104610,2025-02-01 08:32:00,Technical,26.88,209
104611,2025-02-01 08:16:00,Technical,25.09,227
104612,2025-02-01 08:55:00,General,9.3,211
104613,2025-02-01 08:12:00,Technical,25.94,238
104614,2025-02-01 08:20:00,Billing,9.85,210
104615,2025-02-01 09:43:00,Billing,8.87,204
104616,2025-02-01 09:30:00,Technical,24.75,215
104617,2025-02-01 09:28:00,Billing,10.96,209
104618,2025-02-01 09:36:00,General,7.69,224
104619,2025-02-01 09:19:00,Technical,26.83,217
104620,2025-02-01 09:21:00,Billing,10.82,225
104621,2025-02-01 09:26:00,Billing,7.95,246
104622,2025-02-01 09:03:00,Technical,26.62,245
104623,2025-02-01 09:31:00,Billing,5.69,222
104624,2025-02-01 09:50:00,Technical,26.9,216
104625,2025-02-01 09:32:00,General,11.76,210
104626,2025-02-01 10:16:00,General,8.68,202
104627,2025-02-01 10:31:00,Billing,8.27,228
104628,2025-02-01 10:39:00,Billing,6.7,239
104629,2025-02-01 10:37:00,Technical,23.29,202
104630,2025-02-01 10:27:00,Technical,26.05,232
104631,2025-02-01 10:15:00,Billing,6.46,230
104632,2025-02-01 10:53:00,Technical,24.66,202
104633,2025-02-01 10:32:00,Billing,7.32,215
104634,2025-02-01 11:20:00,Billing,8.77,216
104635,2025-02-01 11:17:00,Technical,26.88,247
104636,2025-02-01 11:36:00,General,7.59,240
104637,2025-02-01 11:00:00,Technical,27.36,211
104638,2025-02-01 11:18:00,Technical,24.68,205
104639,2025-02-01 11:25:00,Technical,21.41,223
104640,2025-02-01 11:24:00,Billing,10.01,222
104641,2025-02-01 11:36:00,Technical,21.67,207
104642,2025-02-01 11:13:00,General,8.15,229
104643,2025-02-01 11:22:00,Billing,5.44,210
104644,2025-02-01 11:03:00,Technical,28.06,220
104645,2025-02-01 12:12:00,General,10.58,208
104646,2025-02-01 12:25:00,General,7.6,241
104647,2025-02-01 12:01:00,Technical,24.07,226
104648,2025-02-01 12:17:00,General,9.43,207
104649,2025-02-01 13:23:00,Technical,28.09,208
104650,2025-02-01 13:51:00,Billing,8.62,224
104651,2025-02-01 13:14:00,Technical,25.27,236
104652,2025-02-01 13:54:00,Billing,6.68,208
104653,2025-02-01 13:28:00,Technical,25.6,219
104654,2025-02-01 13:32:00,Billing,6.46,225
104655,2025-02-01 14:22:00,Billing,10.7,239
104656,2025-02-01 15:47:00,Technical,28.21,218
104657,2025-02-01 15:14:00,General,11.98,242
104658,2025-02-01 16:43:00,Billing,9.93,211
104659,2025-02-01 16:21:00,General,4.14,221
104660,2025-02-01 17:56:00,Technical,18.61,243
104661,2025-02-01 17:09:00,Billing,11.37,223
104662,2025-02-01 17:09:00,General,9.11,218
104663,2025-02-01 17:46:00,Technical,24.84,203
104664,2025-02-01 17:47:00,Billing,8.7,202
104665,2025-02-01 17:04:00,Technical,24.53,207
104666,2025-02-01 18:06:00,Billing,9.65,217
104667,2025-02-01 18:46:00,Billing,10.27,230
104668,2025-02-01 18:55:00,Billing,11.25,250
104669,2025-02-01 18:58:00,Billing,7.21,227
104670,2025-02-01 19:20:00,General,15.1,234
104671,2025-02-01 19:06:00,Billing,10.16,242
104672,2025-02-01 19:22:00,General,11.95,238
104673,2025-02-01 19:26:00,General,5.93,208
104674,2025-02-01 19:39:00,General,11.48,236
104675,2025-02-01 19:11:00,Technical,26.34,217
104676,2025-02-01 19:31:00,Billing,8.78,231
104677,2025-02-01 20:11:00,General,8.06,225
104678,2025-02-01 20:01:00,Billing,9.59,232
104679,2025-02-01 20:06:00,Billing,4.99,208
104680,2025-02-01 20:53:00,Technical,24.27,231
104681,2025-02-01 20:24:00,Technical,26.56,241
104682,2025-02-01 20:36:00,Billing,8.1,231
104683,2025-02-01 21:04:00,Technical,28.41,223
104684,2025-02-01 21:41:00,Technical,26.05,210
104685,2025-02-01 21:14:00,Billing,11.63,243
104686,2025-02-01 21:48:00,Billing,8.82,218
104687,2025-02-01 21:26:00,Billing,7.45,227
104688,2025-02-01 21:10:00,Billing,9.47,202
104689,2025-02-01 21:54:00,General,10.73,225
104690,2025-02-01 22:07:00,General,10.92,244
104691,2025-02-01 22:20:00,Technical,21.1,247
104692,2025-02-01 22:11:00,Billing,8.59,250
104693,2025-02-01 22:46:00,Billing,3.57,228
104694,2025-02-01 23:10:00,General,5.82,206
104695,2025-02-01 23:51:00,Technical,26.17,216
104696,2025-02-02 00:36:00,Billing,9.6,231
104697,2025-02-02 00:54:00,Billing,12.34,219
104698,2025-02-02 00:00:00,General,11.46,221
104699,2025-02-02 01:08:00,Technical,23.37,230
104700,2025-02-02 02:00:00,General,2.08,246
104701,2025-02-02 02:50:00,General,11.53,242
104702,2025-02-02 02:44:00,General,8.52,208
104703,2025-02-02 03:05:00,Technical,22.8,245
104704,2025-02-02 03:08:00,Billing,10.07,211
104705,2025-02-02 04:37:00,Billing,7.77,235
104706,2025-02-02 04:57:00,Billing,4.43,218
104707,2025-02-02 04:28:00,Technical,27.71,223
104708,2025-02-02 05:41:00,Technical,22.7,225
104709,2025-02-02 06:10:00,Technical,24.19,249
104710,2025-02-02 07:18:00,Billing,7.75,205
104711,2025-02-02 07:04:00,Technical,24.62,242
104712,2025-02-02 07:15:00,Billing,8.79,241
104713,2025-02-02 07:02:00,General,3.9,223
104714,2025-02-02 08:37:00,Technical,22.5,203
104715,2025-02-02 08:57:00,Technical,17.73,220
104716,2025-02-02 08:35:00,Billing,6.99,223
104717,2025-02-02 08:39:00,Billing,9.01,208
104718,2025-02-02 08:00:00,Billing,4.69,201
104719,2025-02-02 08:45:00,Billing,10.0,236
104720,2025-02-02 08:55:00,Technical,25.23,231
104721,2025-02-02 08:52:00,General,8.71,225
104722,2025-02-02 08:37:00,Technical,27.25,240
104723,2025-02-02 08:28:00,Billing,6.95,220
104724,2025-02-02 08:03:00,Technical,29.81,233
104725,2025-02-02 08:32:00,General,10.66,228
104726,2025-02-02 08:48:00,Billing,9.34,211
104727,2025-02-02 08:09:00,Technical,27.79,243
104728,2025-02-02 08:03:00,Billing,7.84,228
104729,2025-02-02 09:28:00,General,11.46,244
104730,2025-02-02 09:09:00,Billing,3.31,209
104731,2025-02-02 09:31:00,Technical,27.3,234
104732,2025-02-02 09:49:00,Technical,30.07,223
104733,2025-02-02 09:53:00,Billing,6.24,244
104734,2025-02-02 09:47:00,Billing,9.53,242
104735,2025-02-02 09:45:00,General,4.88,202
104736,2025-02-02 09:13:00,Billing,4.57,247
104737,2025-02-02 10:33:00,General,9.17,221
104738,2025-02-02 10:49:00,Technical,24.38,237
104739,2025-02-02 10:52:00,Technical,23.39,219
104740,2025-02-02 10:25:00,General,8.19,243
104741,2025-02-02 10:55:00,Billing,7.0,243
104742,2025-02-02 10:06:00,General,5.43,218
104743,2025-02-02 10:49:00,General,13.02,229
104744,2025-02-02 10:56:00,Billing,9.78,214
104745,2025-02-02 10:22:00,General,5.51,230
104746,2025-02-02 11:02:00,Technical,25.42,212
104747,2025-02-02 11:30:00,Technical,23.24,241
104748,2025-02-02 11:51:00,General,7.91,245
104749,2025-02-02 11:34:00,Billing,14.18,250
104750,2025-02-02 11:26:00,Technical,29.81,210
104751,2025-02-02 11:44:00,General,8.21,233
104752,2025-02-02 11:18:00,Technical,22.67,220
104753,2025-02-02 11:24:00,Billing,9.84,205
104754,2025-02-02 12:25:00,General,9.23,209
104755,2025-02-02 12:14:00,Technical,21.84,235
104756,2025-02-02 12:37:00,Billing,6.11,214
104757,2025-02-02 12:05:00,General,3.69,218
104758,2025-02-02 13:27:00,Billing,11.59,210
104759,2025-02-02 13:35:00,Technical,26.21,226
104760,2025-02-02 13:34:00,Billing,10.62,250
104761,2025-02-02 13:56:00,Billing,9.41,212
104762,2025-02-02 13:12:00,Billing,11.11,227
104763,2025-02-02 14:18:00,Technical,25.46,238
104764,2025-02-02 14:31:00,Billing,7.7,246
104765,2025-02-02 15:05:00,General,7.2,237
104766,2025-02-02 15:18:00,Billing,3.03,223
104767,2025-02-02 15:27:00,General,7.74,216
104768,2025-02-02 16:27:00,Technical,20.66,248
104769,2025-02-02 16:32:00,Technical,29.36,204
104770,2025-02-02 16:25:00,Billing,7.49,233
104771,2025-02-02 16:41:00,Billing,8.51,205
104772,2025-02-02 18:44:00,Billing,11.79,222
104773,2025-02-02 18:03:00,General,17.69,236
104774,2025-02-02 18:37:00,Billing,3.64,245
104775,2025-02-02 19:10:00,Billing,5.58,202
104776,2025-02-02 20:44:00,Technical,24.78,213
104777,2025-02-02 20:04:00,Technical,23.57,229
104778,2025-02-02 21:21:00,Technical,21.73,234
104779,2025-02-02 21:41:00,Technical,31.45,213
104780,2025-02-02 22:30:00,General,9.33,239
104781,2025-02-02 22:21:00,Billing,2.0,237
104782,2025-02-02 22:09:00,Technical,22.12,209
104783,2025-02-02 23:53:00,Billing,6.27,201
104784,2025-02-02 23:55:00,Billing,5.1,228
104785,2025-02-02 23:09:00,Billing,4.87,247
104786,2025-02-02 23:57:00,Billing,9.42,203
104787,2025-02-02 23:47:00,Billing,11.29,226
104788,2025-02-03 00:56:00,General,10.41,243
104789,2025-02-03 00:01:00,General,11.25,222
104790,2025-02-03 00:47:00,General,5.76,215
104791,2025-02-03 00:56:00,Billing,6.4,236
104792,2025-02-03 00:22:00,Technical,26.56,216
104793,2025-02-03 00:14:00,Billing,13.87,218
104794,2025-02-03 00:35:00,General,7.95,249
104795,2025-02-03 01:45:00,Billing,4.77,220
104796,2025-02-03 01:19:00,Billing,9.18,235
104797,2025-02-03 01:09:00,Billing,9.76,228
104798,2025-02-03 02:50:00,General,9.96,232
104799,2025-02-03 02:18:00,General,3.18,240
104800,2025-02-03 02:58:00,General,5.1,210
104801,2025-02-03 02:20:00,Billing,10.0,221
104802,2025-02-03 03:15:00,General,6.31,201
104803,2025-02-03 03:51:00,General,9.89,201
104804,2025-02-03 03:41:00,Technical,21.77,231
104805,2025-02-03 03:06:00,Technical,27.19,240
104806,2025-02-03 04:14:00,Billing,8.1,237
104807,2025-02-03 04:54:00,Technical,28.26,204
104808,2025-02-03 04:31:00,Technical,24.43,245
104809,2025-02-03 04:40:00,Billing,9.25,216
104810,2025-02-03 04:03:00,Technical,26.14,209
104811,2025-02-03 04:50:00,General,7.67,246
104812,2025-02-03 05:43:00,Billing,6.98,238
104813,2025-02-03 06:54:00,Billing,7.63,241
104814,2025-02-03 06:06:00,General,9.88,212
104815,2025-02-03 06:45:00,Billing,11.49,219
104816,2025-02-03 06:07:00,General,15.28,249
104817,2025-02-03 07:33:00,General,7.76,236
104818,2025-02-03 07:04:00,Technical,27.55,214
104819,2025-02-03 07:01:00,Technical,20.73,225
104820,2025-02-03 07:48:00,Billing,7.16,235
104821,2025-02-03 07:04:00,Billing,5.63,235
104822,2025-02-03 07:01:00,Technical,17.75,218
104823,2025-02-03 08:51:00,General,9.14,244
104824,2025-02-03 08:01:00,Billing,4.3,201
104825,2025-02-03 08:32:00,Billing,10.46,222
104826,2025-02-03 08:25:00,Billing,7.76,247
104827,2025-02-03 08:37:00,Technical,25.24,214
104828,2025-02-03 08:54:00,Billing,7.57,212
104829,2025-02-03 08:18:00,Billing,13.47,209
104830,2025-02-03 08:39:00,Billing,4.75,229
104831,2025-02-03 08:04:00,Billing,7.27,205
104832,2025-02-03 08:46:00,General,6.89,209
104833,2025-02-03 08:37:00,General,8.94,240
104834,2025-02-03 08:17:00,Technical,26.67,233
104835,2025-02-03 08:27:00,Technical,20.76,236
104836,2025-02-03 08:10:00,Billing,7.15,232
104837,2025-02-03 08:03:00,Technical,22.19,239
104838,2025-02-03 09:07:00,General,9.93,207
104839,2025-02-03 09:36:00,Billing,8.22,227
104840,2025-02-03 09:16:00,Billing,10.35,206
104841,2025-02-03 09:44:00,Technical,27.94,238
104842,2025-02-03 09:47:00,General,8.58,238
104843,2025-02-03 09:34:00,Technical,26.14,223
104844,2025-02-03 09:20:00,General,6.82,207
104845,2025-02-03 09:15:00,Billing,11.61,205
104846,2025-02-03 09:34:00,Billing,6.7,236
104847,2025-02-03 09:27:00,Billing,9.58,202
104848,2025-02-03 09:30:00,Technical,26.92,232
104849,2025-02-03 09:41:00,General,5.84,211
104850,2025-02-03 09:06:00,General,6.19,239
104851,2025-02-03 09:53:00,General,12.14,222
104852,2025-02-03 09:14:00,Technical,25.9,202
104853,2025-02-03 09:07:00,General,3.63,244
104854,2025-02-03 09:12:00,Technical,23.9,204
104855,2025-02-03 09:24:00,Billing,7.37,222
104856,2025-02-03 10:15:00,Billing,5.05,240
104857,2025-02-03 10:31:00,Billing,8.9,204
104858,2025-02-03 10:16:00,General,5.68,241
104859,2025-02-03 10:05:00,Billing,8.75,227
104860,2025-02-03 10:56:00,General,8.44,242
104861,2025-02-03 10:28:00,General,9.87,208
104862,2025-02-03 10:28:00,Billing,8.47,245
104863,2025-02-03 10:23:00,Technical,27.55,237
104864,2025-02-03 10:54:00,Billing,8.84,227
104865,2025-02-03 10:54:00,Technical,23.83,202
104866,2025-02-03 10:07:00,Technical,23.87,202
104867,2025-02-03 10:41:00,Technical,25.48,228
104868,2025-02-03 10:47:00,Billing,8.83,226
104869,2025-02-03 10:14:00,Technical,31.26,246
104870,2025-02-03 10:40:00,Billing,6.14,204
104871,2025-02-03 10:35:00,Billing,8.62,220
104872,2025-02-03 10:46:00,General,10.48,231
104873,2025-02-03 11:27:00,Billing,3.69,210
104874,2025-02-03 11:42:00,Billing,3.42,205
104875,2025-02-03 11:34:00,General,5.93,201
104876,2025-02-03 11:14:00,Billing,7.29,211
104877,2025-02-03 11:03:00,Technical,18.84,224
104878,2025-02-03 11:08:00,Billing,8.11,240
104879,2025-02-03 11:58:00,General,3.84,227
104880,2025-02-03 11:06:00,Billing,9.25,220
104881,2025-02-03 11:48:00,Technical,25.59,243
104882,2025-02-03 11:23:00,Technical,30.34,209
104883,2025-02-03 11:41:00,Billing,9.67,228
104884,2025-02-03 11:22:00,Billing,6.17,202
104885,2025-02-03 11:49:00,Technical,26.22,209
104886,2025-02-03 11:33:00,General,9.85,234
104887,2025-02-03 11:43:00,Billing,8.36,229
104888,2025-02-03 11:51:00,General,5.86,241
104889,2025-02-03 11:25:00,General,12.97,227
104890,2025-02-03 11:10:00,General,9.15,208
104891,2025-02-03 12:42:00,Billing,7.31,207
104892,2025-02-03 12:00:00,Billing,4.46,238
104893,2025-02-03 12:12:00,Technical,27.24,245
104894,2025-02-03 12:56:00,Billing,7.71,228
104895,2025-02-03 12:07:00,General,6.45,226
104896,2025-02-03 12:17:00,Technical,27.72,214
104897,2025-02-03 12:40:00,Billing,9.8,247
104898,2025-02-03 12:09:00,General,11.15,212
104899,2025-02-03 12:07:00,Billing,5.51,232
104900,2025-02-03 13:17:00,Billing,8.19,216
104901,2025-02-03 13:01:00,Technical,25.23,214
104902,2025-02-03 13:08:00,Billing,9.46,240
104903,2025-02-03 13:50:00,Technical,26.58,217
104904,2025-02-03 14:56:00,General,10.59,240
104905,2025-02-03 14:41:00,Technical,19.5,209
104906,2025-02-03 14:03:00,Billing,8.26,246
104907,2025-02-03 14:10:00,General,2.66,234
104908,2025-02-03 15:50:00,General,9.31,213
104909,2025-02-03 15:27:00,Billing,13.46,233
104910,2025-02-03 15:18:00,Technical,27.48,248
104911,2025-02-03 15:13:00,Billing,6.07,229
104912,2025-02-03 15:55:00,General,10.09,212
104913,2025-02-03 15:46:00,General,10.07,249
104914,2025-02-03 16:18:00,Technical,19.0,232
104915,2025-02-03 16:20:00,Billing,8.67,218
104916,2025-02-03 16:31:00,Billing,9.11,211
104917,2025-02-03 17:32:00,Technical,23.37,214
104918,2025-02-03 17:07:00,General,12.2,246
104919,2025-02-03 17:08:00,Billing,9.86,241
104920,2025-02-03 18:35:00,General,8.37,216
104921,2025-02-03 18:28:00,Billing,9.36,206
104922,2025-02-03 18:17:00,Billing,4.38,238
104923,2025-02-03 18:15:00,Billing,8.52,240
104924,2025-02-03 18:52:00,General,4.4,233
104925,2025-02-03 18:13:00,Technical,21.09,223
104926,2025-02-03 18:03:00,Billing,10.91,244
104927,2025-02-03 18:20:00,Billing,8.5,233
104928,2025-02-03 19:29:00,Billing,8.97,242
104929,2025-02-03 19:17:00,General,14.95,238
104930,2025-02-03 19:43:00,General,6.73,243
104931,2025-02-03 19:18:00,General,6.01,210
104932,2025-02-03 20:28:00,General,11.21,229
104933,2025-02-03 20:44:00,Billing,8.72,202
104934,2025-02-03 20:36:00,Billing,5.41,210
104935,2025-02-03 20:16:00,Billing,7.84,203
104936,2025-02-03 20:22:00,Technical,20.78,207
104937,2025-02-03 20:07:00,Technical,28.01,210
104938,2025-02-03 21:05:00,General,11.53,249
104939,2025-02-03 21:00:00,Billing,5.35,241
104940,2025-02-03 21:44:00,Billing,10.04,223
104941,2025-02-03 21:28:00,Billing,5.55,249
104942,2025-02-03 21:19:00,Billing,6.54,247
104943,2025-02-03 21:12:00,Billing,6.8,241
104944,2025-02-03 21:10:00,Billing,8.81,202
104945,2025-02-03 22:15:00,Billing,10.99,239
104946,2025-02-03 22:04:00,Billing,8.52,214
104947,2025-02-03 22:55:00,Billing,13.69,229
104948,2025-02-03 22:01:00,Technical,23.36,240
104949,2025-02-03 22:48:00,Billing,3.85,215
104950,2025-02-03 23:38:00,Technical,28.63,205
104951,2025-02-03 23:16:00,General,10.4,229
104952,2025-02-04 00:27:00,Billing,6.44,209
104953,2025-02-04 00:55:00,General,12.9,232
104954,2025-02-04 01:48:00,Technical,25.54,243
104955,2025-02-04 01:35:00,General,4.69,221
104956,2025-02-04 01:49:00,Technical,28.26,244
104957,2025-02-04 01:32:00,General,10.41,236
104958,2025-02-04 02:16:00,Billing,9.4,217
104959,2025-02-04 02:23:00,Billing,6.75,233
104960,2025-02-04 02:37:00,General,11.24,245
104961,2025-02-04 03:52:00,Technical,28.73,223
104962,2025-02-04 03:58:00,Billing,8.56,210
104963,2025-02-04 03:05:00,Billing,5.18,217
104964,2025-02-04 04:27:00,General,6.35,215
104965,2025-02-04 04:27:00,General,8.16,250
104966,2025-02-04 04:57:00,Technical,27.63,239
104967,2025-02-04 04:48:00,Technical,26.72,225
104968,2025-02-04 04:46:00,Billing,3.22,234
104969,2025-02-04 05:51:00,General,9.36,229
104970,2025-02-04 05:06:00,Technical,29.33,217
104971,2025-02-04 05:06:00,Technical,29.74,230
104972,2025-02-04 05:28:00,Billing,6.1,240
104973,2025-02-04 06:05:00,General,15.05,212
104974,2025-02-04 06:21:00,General,5.56,249
104975,2025-02-04 06:03:00,Technical,25.7,250
104976,2025-02-04 06:37:00,Billing,8.39,204
104977,2025-02-04 06:54:00,Technical,28.2,210
104978,2025-02-04 06:03:00,Technical,21.23,226
104979,2025-02-04 06:01:00,General,3.31,202
104980,2025-02-04 07:02:00,General,5.15,223
104981,2025-02-04 07:49:00,General,5.99,203
104982,2025-02-04 07:40:00,Technical,26.36,212
104983,2025-02-04 07:45:00,Technical,23.18,225
104984,2025-02-04 08:23:00,General,10.76,219
104985,2025-02-04 08:43:00,Billing,10.73,209
104986,2025-02-04 08:30:00,Billing,3.72,237
104987,2025-02-04 08:52:00,Billing,9.59,237
104988,2025-02-04 08:01:00,Billing,8.09,222
104989,2025-02-04 08:43:00,Technical,25.19,248
104990,2025-02-04 08:15:00,Billing,7.18,240
104991,2025-02-04 08:00:00,Billing,8.51,231
104992,2025-02-04 08:52:00,General,6.65,225
104993,2025-02-04 08:09:00,General,5.1,250
104994,2025-02-04 08:29:00,General,8.49,216
104995,2025-02-04 08:34:00,Billing,9.23,250
104996,2025-02-04 08:32:00,Billing,9.43,233
104997,2025-02-04 08:12:00,Billing,8.73,204
104998,2025-02-04 08:29:00,Technical,23.43,230
104999,2025-02-04 09:14:00,General,10.37,241
105000,2025-02-04 09:38:00,Billing,5.36,242
105001,2025-02-04 09:23:00,General,2.41,203
105002,2025-02-04 09:41:00,General,5.53,229
105003,2025-02-04 09:35:00,Billing,7.15,236
105004,2025-02-04 09:07:00,General,7.74,221
105005,2025-02-04 09:17:00,General,3.5,247
105006,2025-02-04 09:46:00,Billing,7.22,208
105007,2025-02-04 09:43:00,Billing,2.75,237
105008,2025-02-04 09:39:00,Technical,33.3,221
105009,2025-02-04 09:04:00,Billing,11.81,225
105010,2025-02-04 09:43:00,Billing,14.67,204
105011,2025-02-04 09:53:00,General,8.27,222
105012,2025-02-04 10:08:00,Billing,4.45,208
105013,2025-02-04 10:52:00,Billing,10.07,222
105014,2025-02-04 10:02:00,Technical,23.5,207
105015,2025-02-04 10:40:00,Billing,2.72,241
105016,2025-02-04 10:00:00,General,6.47,225
105017,2025-02-04 10:14:00,General,4.47,205
105018,2025-02-04 10:09:00,Billing,9.3,217
105019,2025-02-04 10:36:00,Technical,24.61,248
105020,2025-02-04 10:25:00,Technical,23.55,212
105021,2025-02-04 10:00:00,Billing,12.17,203
105022,2025-02-04 10:12:00,Billing,7.2,241
105023,2025-02-04 10:32:00,Technical,25.23,206
105024,2025-02-04 10:37:00,Technical,17.46,235
105025,2025-02-04 10:35:00,General,10.74,225
105026,2025-02-04 10:41:00,General,11.26,222
105027,2025-02-04 11:29:00,General,8.25,201
105028,2025-02-04 11:20:00,Technical,27.77,233
105029,2025-02-04 11:36:00,Billing,13.25,229
105030,2025-02-04 11:46:00,Technical,22.47,242
105031,2025-02-04 11:19:00,Billing,6.67,239
105032,2025-02-04 11:10:00,Billing,8.27,228
105033,2025-02-04 11:23:00,Billing,6.84,216
105034,2025-02-04 11:09:00,General,6.28,245
105035,2025-02-04 11:30:00,Billing,11.47,219
105036,2025-02-04 11:35:00,Technical,28.64,220
105037,2025-02-04 11:02:00,Billing,10.35,202
105038,2025-02-04 11:49:00,Billing,13.9,220
105039,2025-02-04 11:18:00,Technical,28.44,241
105040,2025-02-04 11:37:00,Billing,9.7,245
105041,2025-02-04 11:36:00,General,6.23,229
105042,2025-02-04 11:52:00,Billing,5.12,204
105043,2025-02-04 11:15:00,Billing,5.34,227
105044,2025-02-04 11:45:00,Technical,28.2,244
105045,2025-02-04 11:51:00,Billing,5.41,234
105046,2025-02-04 12:38:00,Billing,10.47,206
105047,2025-02-04 13:19:00,Technical,25.64,206
105048,2025-02-04 13:52:00,General,11.57,236
105049,2025-02-04 13:45:00,General,5.86,215
105050,2025-02-04 13:46:00,General,10.53,232
105051,2025-02-04 13:42:00,Technical,27.2,227
105052,2025-02-04 14:09:00,Billing,6.42,223
105053,2025-02-04 14:23:00,Technical,25.05,220
105054,2025-02-04 14:38:00,General,8.07,226
105055,2025-02-04 15:35:00,Billing,11.69,217
105056,2025-02-04 15:34:00,General,3.43,227
105057,2025-02-04 15:16:00,Billing,9.32,211
105058,2025-02-04 15:38:00,Technical,28.58,245
105059,2025-02-04 16:38:00,Billing,8.51,225
105060,2025-02-04 16:42:00,Billing,6.67,215
105061,2025-02-04 16:14:00,General,4.8,209
105062,2025-02-04 16:04:00,Billing,15.26,222
105063,2025-02-04 16:51:00,General,7.7,249
105064,2025-02-04 17:08:00,General,14.42,232
105065,2025-02-04 17:12:00,Technical,27.69,235
105066,2025-02-04 18:38:00,Technical,26.97,245
105067,2025-02-04 18:27:00,General,4.06,238
105068,2025-02-04 18:32:00,General,8.74,245
105069,2025-02-04 18:47:00,General,9.68,242
105070,2025-02-04 18:52:00,Technical,24.46,211
105071,2025-02-04 18:11:00,General,8.69,235
105072,2025-02-04 18:43:00,Billing,13.37,201
105073,2025-02-04 18:42:00,Billing,3.24,201
105074,2025-02-04 19:52:00,General,9.19,244
105075,2025-02-04 19:18:00,Technical,21.41,231
105076,2025-02-04 19:01:00,Billing,12.35,221
105077,2025-02-04 19:50:00,Technical,24.66,236
105078,2025-02-04 19:54:00,General,8.8,203
105079,2025-02-04 19:31:00,Technical,15.58,247
105080,2025-02-04 19:41:00,Billing,12.13,201
105081,2025-02-04 20:37:00,Technical,25.91,220
105082,2025-02-04 20:48:00,General,13.08,230
105083,2025-02-04 20:57:00,General,10.57,215
105084,2025-02-04 20:29:00,Billing,12.8,219
105085,2025-02-04 20:01:00,General,9.81,244
105086,2025-02-04 20:01:00,Billing,7.08,201
105087,2025-02-04 20:27:00,Billing,7.08,204
105088,2025-02-04 21:21:00,General,13.6,217
105089,2025-02-04 21:39:00,Billing,3.31,228
105090,2025-02-04 21:06:00,Billing,7.75,248
105091,2025-02-04 21:08:00,Billing,10.45,212
105092,2025-02-04 21:02:00,General,6.86,221
105093,2025-02-04 22:10:00,Technical,27.43,213
105094,2025-02-04 22:38:00,General,17.21,223
105095,2025-02-04 22:32:00,General,2.0,222
105096,2025-02-04 22:56:00,Billing,8.83,216
105097,2025-02-04 22:57:00,Technical,28.11,220
105098,2025-02-04 22:46:00,Billing,2.0,243
105099,2025-02-04 22:56:00,Billing,11.19,230
105100,2025-02-04 23:15:00,Billing,7.7,232
105101,2025-02-04 23:31:00,General,10.24,250
105102,2025-02-04 23:37:00,General,8.41,249
105103,2025-02-05 00:19:00,Billing,7.84,215
105104,2025-02-05 00:53:00,Technical,28.36,246
105105,2025-02-05 00:18:00,Technical,23.99,238
105106,2025-02-05 00:57:00,Billing,4.99,227
105107,2025-02-05 00:31:00,Technical,23.0,247
105108,2025-02-05 01:23:00,Technical,24.27,213
105109,2025-02-05 01:20:00,General,12.53,233
105110,2025-02-05 01:52:00,Technical,22.24,245
105111,2025-02-05 01:34:00,Technical,22.0,230
105112,2025-02-05 01:18:00,Technical,20.64,213
105113,2025-02-05 01:31:00,Technical,22.06,215
105114,2025-02-05 02:20:00,General,3.85,223
105115,2025-02-05 02:51:00,General,11.68,226
105116,2025-02-05 02:20:00,Technical,28.7,241
105117,2025-02-05 02:15:00,Billing,5.56,232
105118,2025-02-05 03:02:00,Billing,10.08,216
105119,2025-02-05 03:24:00,Technical,21.46,230
105120,2025-02-05 03:23:00,General,7.27,238
105121,2025-02-05 03:08:00,General,8.17,219
105122,2025-02-05 03:36:00,Technical,24.9,216
105123,2025-02-05 04:33:00,General,9.85,243
105124,2025-02-05 04:31:00,General,10.55,228
105125,2025-02-05 04:46:00,Technical,22.4,222
105126,2025-02-05 04:44:00,General,6.94,250
105127,2025-02-05 04:46:00,Billing,10.84,208
105128,2025-02-05 05:22:00,General,9.31,218
105129,2025-02-05 05:08:00,General,6.66,246
105130,2025-02-05 05:45:00,General,7.59,243
105131,2025-02-05 05:16:00,Technical,30.48,203
105132,2025-02-05 06:04:00,Billing,6.65,244
105133,2025-02-05 06:05:00,Technical,19.71,213
105134,2025-02-05 06:56:00,Billing,9.37,216
105135,2025-02-05 06:55:00,General,13.47,218
105136,2025-02-05 06:44:00,General,14.6,244
105137,2025-02-05 07:34:00,General,10.59,246
105138,2025-02-05 07:29:00,Technical,26.65,232
105139,2025-02-05 07:21:00,General,9.14,201
105140,2025-02-05 07:17:00,Billing,10.51,249
105141,2025-02-05 07:23:00,General,10.99,214
105142,2025-02-05 07:51:00,General,13.25,211
105143,2025-02-05 07:58:00,Billing,7.75,226
105144,2025-02-05 07:08:00,Billing,14.3,205
105145,2025-02-05 07:20:00,Billing,6.22,233
105146,2025-02-05 08:32:00,Technical,24.57,244
105147,2025-02-05 08:00:00,General,3.69,236
105148,2025-02-05 08:12:00,Technical,25.14,211
105149,2025-02-05 08:50:00,General,15.27,225
105150,2025-02-05 08:37:00,Billing,12.3,224
105151,2025-02-05 08:16:00,General,6.62,250
105152,2025-02-05 08:36:00,Billing,12.79,222
105153,2025-02-05 08:27:00,Technical,21.38,222
105154,2025-02-05 08:08:00,Billing,8.8,213
105155,2025-02-05 08:48:00,Billing,7.19,221
105156,2025-02-05 08:17:00,General,7.55,221
105157,2025-02-05 08:13:00,General,5.17,210
105158,2025-02-05 08:15:00,Technical,27.34,224
105159,2025-02-05 08:22:00,Technical,28.43,241
105160,2025-02-05 08:47:00,General,6.32,218
105161,2025-02-05 08:27:00,General,8.16,211
105162,2025-02-05 08:56:00,General,2.0,211
105163,2025-02-05 08:58:00,General,3.23,205
105164,2025-02-05 09:21:00,Billing,8.01,248
105165,2025-02-05 09:13:00,Billing,7.36,203
105166,2025-02-05 09:05:00,Technical,25.19,235
105167,2025-02-05 09:07:00,Billing,8.73,203
105168,2025-02-05 09:36:00,Technical,24.01,220
105169,2025-02-05 09:56:00,Billing,6.67,207
105170,2025-02-05 09:43:00,General,10.79,218
105171,2025-02-05 09:28:00,Technical,25.04,219
105172,2025-02-05 09:26:00,Technical,26.86,234
105173,2025-02-05 09:07:00,Technical,33.23,221
105174,2025-02-05 09:37:00,Technical,28.25,222
105175,2025-02-05 10:09:00,Billing,11.54,209
105176,2025-02-05 10:23:00,Billing,11.58,241
105177,2025-02-05 10:49:00,Billing,4.77,220
105178,2025-02-05 10:52:00,Technical,30.27,201
105179,2025-02-05 10:34:00,General,9.72,224
105180,2025-02-05 10:33:00,Technical,27.24,235
105181,2025-02-05 10:57:00,General,3.61,223
105182,2025-02-05 10:22:00,General,6.92,204
105183,2025-02-05 10:10:00,General,10.84,240
105184,2025-02-05 10:16:00,Billing,8.56,232
105185,2025-02-05 10:50:00,Billing,4.74,228
105186,2025-02-05 10:25:00,Billing,4.22,215
105187,2025-02-05 10:52:00,Technical,28.18,220
105188,2025-02-05 10:09:00,General,7.83,222
105189,2025-02-05 10:30:00,General,11.59,209
105190,2025-02-05 10:23:00,Billing,4.73,208
105191,2025-02-05 10:56:00,Technical,24.74,226
105192,2025-02-05 11:37:00,General,8.85,246
105193,2025-02-05 11:11:00,Billing,9.95,231
105194,2025-02-05 11:42:00,General,10.27,236
105195,2025-02-05 11:43:00,Billing,5.03,218
105196,2025-02-05 11:15:00,Billing,10.42,237
105197,2025-02-05 11:08:00,Technical,22.89,228
105198,2025-02-05 11:25:00,General,6.01,210
105199,2025-02-05 11:16:00,Billing,12.41,232
105200,2025-02-05 11:23:00,Technical,24.0,227
105201,2025-02-05 11:10:00,Billing,10.5,239
105202,2025-02-05 11:22:00,Technical,24.06,233
105203,2025-02-05 11:13:00,General,6.37,232
105204,2025-02-05 11:19:00,Technical,27.77,214
105205,2025-02-05 11:31:00,General,11.89,230
105206,2025-02-05 11:46:00,Technical,25.05,224
105207,2025-02-05 11:02:00,General,8.74,243
105208,2025-02-05 11:21:00,Technical,30.39,241
105209,2025-02-05 11:12:00,Billing,7.53,241
105210,2025-02-05 11:43:00,Technical,27.65,219
105211,2025-02-05 11:49:00,General,6.04,208
105212,2025-02-05 11:19:00,Technical,25.22,212
105213,2025-02-05 11:36:00,Technical,28.23,238
105214,2025-02-05 11:35:00,General,15.16,213
105215,2025-02-05 12:06:00,Technical,24.15,203
105216,2025-02-05 12:19:00,Technical,29.27,244
105217,2025-02-05 12:38:00,General,9.46,233
105218,2025-02-05 12:53:00,Technical,22.29,220
105219,2025-02-05 12:57:00,General,2.84,228
105220,2025-02-05 12:46:00,General,3.44,224
105221,2025-02-05 13:48:00,General,7.83,247
105222,2025-02-05 13:33:00,General,4.0,212
105223,2025-02-05 13:41:00,General,9.19,230
105224,2025-02-05 13:25:00,Billing,3.22,215
105225,2025-02-05 13:46:00,Billing,8.09,248
105226,2025-02-05 13:39:00,Billing,9.57,206
105227,2025-02-05 13:29:00,Billing,7.49,235
105228,2025-02-05 14:19:00,Billing,7.94,232
105229,2025-02-05 14:57:00,Billing,14.57,230
105230,2025-02-05 14:42:00,General,10.3,213
105231,2025-02-05 14:22:00,Technical,21.84,247
105232,2025-02-05 15:09:00,Technical,22.98,250
105233,2025-02-05 15:07:00,Technical,24.7,203
105234,2025-02-05 16:34:00,Billing,10.15,234
105235,2025-02-05 16:31:00,Technical,21.11,218
105236,2025-02-05 16:26:00,Billing,8.33,202
105237,2025-02-05 16:16:00,General,8.51,246
105238,2025-02-05 17:56:00,Technical,27.86,240
105239,2025-02-05 17:04:00,Billing,2.34,224
105240,2025-02-05 17:42:00,Technical,24.69,246
105241,2025-02-05 17:37:00,Technical,27.75,245
105242,2025-02-05 18:32:00,Technical,22.5,232
105243,2025-02-05 18:36:00,Technical,23.74,206
105244,2025-02-05 18:17:00,Technical,29.8,212
105245,2025-02-05 18:03:00,Billing,13.12,216
105246,2025-02-05 18:53:00,Technical,22.55,217
105247,2025-02-05 18:22:00,Billing,5.45,229
105248,2025-02-05 19:54:00,Billing,7.7,243
105249,2025-02-05 19:22:00,Technical,21.63,204
105250,2025-02-05 19:39:00,General,8.15,245
105251,2025-02-05 19:12:00,General,6.67,245
105252,2025-02-05 19:25:00,General,6.74,238
105253,2025-02-05 19:04:00,Technical,29.26,225
105254,2025-02-05 20:17:00,Technical,26.02,249
105255,2025-02-05 20:41:00,General,8.58,205
105256,2025-02-05 20:51:00,Technical,18.28,224
105257,2025-02-05 20:36:00,Technical,29.63,227
105258,2025-02-05 20:27:00,Billing,2.0,209
105259,2025-02-05 20:09:00,Billing,7.92,204
105260,2025-02-05 20:39:00,Billing,6.8,216
105261,2025-02-05 20:15:00,Technical,22.84,238
105262,2025-02-05 20:11:00,Technical,23.2,206
105263,2025-02-05 20:07:00,General,12.76,203
105264,2025-02-05 20:44:00,Technical,25.24,209
105265,2025-02-05 21:55:00,Billing,12.2,237
105266,2025-02-05 21:28:00,Technical,23.8,249
105267,2025-02-05 21:49:00,Technical,31.36,228
105268,2025-02-05 21:56:00,Billing,5.97,225
105269,2025-02-05 21:48:00,Technical,27.87,233
105270,2025-02-05 21:24:00,Billing,12.18,204
105271,2025-02-05 21:14:00,Technical,32.55,216
105272,2025-02-05 22:08:00,Technical,23.63,248
105273,2025-02-05 22:17:00,General,6.76,210
105274,2025-02-05 22:39:00,General,7.04,248
105275,2025-02-05 23:17:00,Billing,9.54,216
105276,2025-02-05 23:12:00,Billing,9.98,224
105277,2025-02-05 23:10:00,Billing,11.58,247
105278,2025-02-06 00:20:00,Technical,29.21,249
105279,2025-02-06 00:07:00,General,4.51,244
105280,2025-02-06 00:41:00,Technical,23.72,223
105281,2025-02-06 01:15:00,Technical,20.77,225
105282,2025-02-06 02:07:00,Technical,22.01,207
105283,2025-02-06 02:55:00,Technical,27.4,232
105284,2025-02-06 02:36:00,Billing,8.38,219
105285,2025-02-06 02:49:00,General,4.92,233
105286,2025-02-06 02:05:00,Billing,9.46,244
105287,2025-02-06 02:12:00,General,6.14,212
105288,2025-02-06 03:29:00,Technical,25.97,237
105289,2025-02-06 03:37:00,Technical,25.21,250
105290,2025-02-06 03:11:00,General,4.81,215
105291,2025-02-06 03:56:00,Billing,4.49,226
105292,2025-02-06 04:14:00,Technical,28.46,245
105293,2025-02-06 04:09:00,General,4.97,224
105294,2025-02-06 04:47:00,Technical,27.91,234
105295,2025-02-06 04:10:00,General,3.79,226
105296,2025-02-06 04:52:00,Billing,10.79,247
105297,2025-02-06 05:24:00,Billing,6.69,229
105298,2025-02-06 05:15:00,General,6.42,246
105299,2025-02-06 05:33:00,General,7.21,206
105300,2025-02-06 05:20:00,Billing,6.36,212
105301,2025-02-06 05:38:00,Technical,26.92,206
105302,2025-02-06 05:09:00,Billing,11.36,247
105303,2025-02-06 06:34:00,Billing,7.0,250
105304,2025-02-06 06:16:00,Billing,13.24,213
105305,2025-02-06 06:44:00,Billing,4.76,205
105306,2025-02-06 06:20:00,General,6.52,248
105307,2025-02-06 07:34:00,Technical,27.27,236
105308,2025-02-06 07:43:00,Technical,26.01,202
105309,2025-02-06 07:34:00,General,10.4,213
105310,2025-02-06 07:32:00,Billing,9.44,227
105311,2025-02-06 07:14:00,General,2.73,219
105312,2025-02-06 08:18:00,Billing,7.17,237
105313,2025-02-06 08:03:00,Billing,6.98,226
105314,2025-02-06 08:40:00,General,10.86,237
105315,2025-02-06 08:51:00,Billing,11.77,218
105316,2025-02-06 08:40:00,Billing,7.17,229
105317,2025-02-06 08:03:00,Billing,4.73,221
105318,2025-02-06 08:20:00,Billing,10.06,201
105319,2025-02-06 08:24:00,General,10.39,231
105320,2025-02-06 08:52:00,Technical,24.27,231
105321,2025-02-06 08:00:00,Technical,18.95,230
105322,2025-02-06 08:14:00,Billing,13.13,219
105323,2025-02-06 09:15:00,Technical,27.33,216
105324,2025-02-06 09:39:00,Billing,16.47,210
105325,2025-02-06 09:17:00,Technical,28.24,245
105326,2025-02-06 09:39:00,Billing,5.88,227
105327,2025-02-06 09:09:00,Billing,8.22,244
105328,2025-02-06 09:06:00,Billing,12.23,206
105329,2025-02-06 09:20:00,General,6.4,246
105330,2025-02-06 09:36:00,Technical,26.73,211
105331,2025-02-06 09:11:00,Technical,29.2,203
105332,2025-02-06 09:25:00,Technical,24.29,202
105333,2025-02-06 09:39:00,General,5.92,202
105334,2025-02-06 09:46:00,General,7.92,246
105335,2025-02-06 09:03:00,Billing,6.86,211
105336,2025-02-06 10:55:00,Technical,30.99,249
105337,2025-02-06 10:22:00,General,6.59,235
105338,2025-02-06 10:28:00,Billing,11.06,213
105339,2025-02-06 10:11:00,General,9.45,249
105340,2025-02-06 10:22:00,Billing,9.34,231
105341,2025-02-06 10:23:00,General,6.96,208
105342,2025-02-06 10:02:00,Technical,28.99,237
105343,2025-02-06 10:25:00,General,10.82,250
105344,2025-02-06 10:51:00,Billing,5.89,237
105345,2025-02-06 10:11:00,General,7.23,219
105346,2025-02-06 10:18:00,Billing,7.17,234
105347,2025-02-06 10:54:00,Technical,24.02,228
105348,2025-02-06 10:49:00,General,10.54,239
105349,2025-02-06 10:51:00,Billing,7.33,246
105350,2025-02-06 11:22:00,Technical,25.21,222
105351,2025-02-06 11:15:00,Technical,25.92,242
105352,2025-02-06 11:04:00,General,2.0,249
105353,2025-02-06 11:52:00,General,11.85,238
105354,2025-02-06 11:19:00,General,10.74,243
105355,2025-02-06 11:25:00,Technical,27.03,235
105356,2025-02-06 11:49:00,Billing,11.88,208
105357,2025-02-06 11:58:00,General,9.81,205
105358,2025-02-06 11:52:00,General,9.8,218
105359,2025-02-06 11:11:00,Technical,25.68,212
105360,2025-02-06 11:09:00,Technical,23.92,232
105361,2025-02-06 11:16:00,General,6.86,203
105362,2025-02-06 11:38:00,Billing,13.04,243
105363,2025-02-06 11:36:00,Billing,7.1,241
105364,2025-02-06 11:24:00,Billing,6.05,242
105365,2025-02-06 11:01:00,Technical,21.37,219
105366,2025-02-06 12:39:00,Technical,23.67,248
105367,2025-02-06 12:07:00,Billing,6.06,224
105368,2025-02-06 12:35:00,Billing,7.39,217
105369,2025-02-06 12:02:00,Technical,31.72,209
105370,2025-02-06 12:20:00,Billing,7.59,216
105371,2025-02-06 12:23:00,General,7.41,215
105372,2025-02-06 12:17:00,Technical,22.34,218
105373,2025-02-06 12:26:00,Technical,26.63,249
105374,2025-02-06 13:08:00,General,10.56,214
105375,2025-02-06 13:55:00,Billing,7.04,226
105376,2025-02-06 13:22:00,General,9.44,229
105377,2025-02-06 13:04:00,Billing,4.07,211
105378,2025-02-06 13:33:00,General,5.61,214
105379,2025-02-06 13:09:00,Technical,23.55,242
105380,2025-02-06 14:51:00,Billing,11.16,245
105381,2025-02-06 14:15:00,Billing,8.44,238
105382,2025-02-06 14:56:00,General,9.78,210
105383,2025-02-06 15:45:00,Billing,5.74,241
105384,2025-02-06 15:16:00,Technical,23.78,237
105385,2025-02-06 15:25:00,General,9.82,204
105386,2025-02-06 15:45:00,Technical,22.43,243
105387,2025-02-06 15:18:00,Billing,5.14,203
105388,2025-02-06 15:43:00,General,11.14,233
105389,2025-02-06 16:00:00,Billing,7.62,208
105390,2025-02-06 16:41:00,Billing,17.09,244
105391,2025-02-06 16:37:00,Billing,5.88,201
105392,2025-02-06 16:43:00,General,11.57,209
105393,2025-02-06 16:33:00,Billing,12.36,234
105394,2025-02-06 16:42:00,General,9.51,226
105395,2025-02-06 16:25:00,Technical,25.03,221
105396,2025-02-06 17:41:00,Billing,9.41,229
105397,2025-02-06 17:56:00,Technical,24.86,203
105398,2025-02-06 17:18:00,Billing,3.46,235
105399,2025-02-06 17:53:00,Billing,9.15,246
105400,2025-02-06 17:40:00,Billing,5.64,249
105401,2025-02-06 17:37:00,General,9.44,226
105402,2025-02-06 17:20:00,Billing,6.37,226
105403,2025-02-06 18:38:00,General,10.99,230
105404,2025-02-06 18:25:00,Billing,12.94,240
105405,2025-02-06 18:23:00,General,8.71,214
105406,2025-02-06 18:33:00,Technical,27.84,204
105407,2025-02-06 18:00:00,Technical,24.85,236
105408,2025-02-06 18:32:00,Billing,5.12,214
105409,2025-02-06 18:57:00,General,9.19,232
105410,2025-02-06 18:12:00,Technical,27.35,241
105411,2025-02-06 18:46:00,Technical,26.34,210
105412,2025-02-06 19:25:00,General,6.57,205
105413,2025-02-06 19:29:00,General,9.84,240
105414,2025-02-06 19:12:00,Technical,19.71,240
105415,2025-02-06 20:24:00,Technical,22.46,250
105416,2025-02-06 20:39:00,General,11.65,250
105417,2025-02-06 20:37:00,Billing,4.84,242
105418,2025-02-06 20:46:00,Technical,23.11,241
105419,2025-02-06 20:11:00,Billing,6.8,208
105420,2025-02-06 20:19:00,General,2.3,223
105421,2025-02-06 20:44:00,Billing,2.0,246
105422,2025-02-06 20:18:00,General,8.26,222
105423,2025-02-06 21:02:00,Billing,3.14,205
105424,2025-02-06 21:45:00,Billing,10.38,229
105425,2025-02-06 21:31:00,General,11.97,249
105426,2025-02-06 21:41:00,Technical,25.86,237
105427,2025-02-06 22:04:00,General,13.41,246
105428,2025-02-06 22:24:00,Technical,23.69,225
105429,2025-02-06 22:04:00,Technical,24.62,240
105430,2025-02-06 22:53:00,Billing,15.91,218
105431,2025-02-06 22:34:00,General,8.78,218
105432,2025-02-06 22:40:00,General,7.84,216
105433,2025-02-06 23:40:00,General,5.25,238
105434,2025-02-06 23:22:00,General,7.18,244
105435,2025-02-06 23:24:00,General,6.77,250
105436,2025-02-07 00:15:00,Billing,6.64,226
105437,2025-02-07 00:32:00,Technical,23.43,242
105438,2025-02-07 00:21:00,Technical,24.01,243
105439,2025-02-07 00:37:00,Billing,11.13,247
105440,2025-02-07 00:36:00,General,12.76,232
105441,2025-02-07 00:52:00,Technical,22.1,212
105442,2025-02-07 00:39:00,Technical,23.23,201
105443,2025-02-07 00:53:00,Technical,20.56,215
105444,2025-02-07 00:31:00,General,6.84,250
105445,2025-02-07 00:14:00,Billing,12.71,206
105446,2025-02-07 00:36:00,General,7.11,244
105447,2025-02-07 01:36:00,Billing,10.18,224
105448,2025-02-07 01:07:00,Billing,9.68,203
105449,2025-02-07 01:51:00,Billing,2.0,233
105450,2025-02-07 01:02:00,Billing,9.89,204
105451,2025-02-07 02:50:00,Technical,24.98,216
105452,2025-02-07 02:18:00,Technical,22.39,237
105453,2025-02-07 03:34:00,Billing,11.52,212
105454,2025-02-07 03:43:00,Technical,21.51,221
105455,2025-02-07 03:32:00,Billing,13.34,235
105456,2025-02-07 03:18:00,Technical,24.58,236
105457,2025-02-07 03:10:00,Technical,26.43,241
105458,2025-02-07 03:42:00,Billing,7.55,233
105459,2025-02-07 04:53:00,General,4.61,208
105460,2025-02-07 04:40:00,General,5.94,221
105461,2025-02-07 04:54:00,General,12.87,217
105462,2025-02-07 04:43:00,Technical,27.4,248
105463,2025-02-07 04:42:00,Billing,7.63,247
105464,2025-02-07 04:46:00,General,6.91,237
105465,2025-02-07 05:03:00,Technical,28.99,208
105466,2025-02-07 05:12:00,Technical,29.85,205
105467,2025-02-07 05:52:00,Billing,14.09,213
105468,2025-02-07 05:41:00,General,2.0,218
105469,2025-02-07 05:19:00,General,8.43,244
105470,2025-02-07 06:57:00,Technical,21.71,235
105471,2025-02-07 06:05:00,Technical,25.55,250
105472,2025-02-07 06:14:00,General,7.13,205
105473,2025-02-07 06:10:00,Technical,20.61,228
105474,2025-02-07 06:10:00,General,4.59,230
105475,2025-02-07 07:36:00,Billing,7.3,225
105476,2025-02-07 07:03:00,Billing,7.46,229
105477,2025-02-07 07:34:00,General,5.06,223
105478,2025-02-07 08:08:00,Technical,18.6,204
105479,2025-02-07 08:05:00,General,10.57,248
105480,2025-02-07 08:37:00,Technical,31.37,232
105481,2025-02-07 08:27:00,Billing,7.12,244
105482,2025-02-07 08:03:00,General,8.42,242
105483,2025-02-07 08:06:00,Billing,10.11,223
105484,2025-02-07 08:23:00,Technical,24.43,202
105485,2025-02-07 08:46:00,Technical,24.76,242
105486,2025-02-07 08:05:00,Billing,6.64,223
105487,2025-02-07 08:13:00,General,11.76,218
105488,2025-02-07 08:57:00,Billing,5.8,214
105489,2025-02-07 08:39:00,Billing,5.88,231
105490,2025-02-07 08:27:00,Technical,18.73,219
105491,2025-02-07 08:15:00,Technical,29.32,205
105492,2025-02-07 08:19:00,Billing,9.54,229
105493,2025-02-07 08:50:00,General,10.33,213
105494,2025-02-07 08:35:00,General,6.96,239
105495,2025-02-07 08:39:00,Technical,30.05,250
105496,2025-02-07 08:03:00,Technical,24.59,216
105497,2025-02-07 08:40:00,General,5.65,221
105498,2025-02-07 09:41:00,Billing,9.06,246
105499,2025-02-07 09:40:00,General,2.0,219
105500,2025-02-07 09:19:00,General,6.78,231
105501,2025-02-07 09:20:00,Billing,7.44,208
105502,2025-02-07 09:37:00,Billing,9.57,226
105503,2025-02-07 09:34:00,Technical,29.23,204
105504,2025-02-07 09:25:00,Billing,3.55,243
105505,2025-02-07 09:43:00,Billing,4.98,238
105506,2025-02-07 09:34:00,Technical,28.33,248
105507,2025-02-07 09:26:00,Technical,21.58,246
105508,2025-02-07 10:52:00,Billing,10.82,206
105509,2025-02-07 10:17:00,Billing,6.23,225
105510,2025-02-07 10:17:00,Billing,6.54,231
105511,2025-02-07 10:14:00,Technical,23.55,223
105512,2025-02-07 10:10:00,Billing,10.57,230
105513,2025-02-07 10:38:00,General,12.0,201
105514,2025-02-07 10:29:00,Technical,23.78,240
105515,2025-02-07 10:34:00,General,11.22,221
105516,2025-02-07 10:22:00,Technical,26.52,223
105517,2025-02-07 10:54:00,Technical,29.99,233
105518,2025-02-07 10:15:00,Technical,22.07,212
105519,2025-02-07 10:04:00,Billing,12.64,250
105520,2025-02-07 10:47:00,Billing,12.27,210
105521,2025-02-07 10:41:00,Technical,22.63,235
105522,2025-02-07 10:31:00,Billing,9.76,229
105523,2025-02-07 10:12:00,General,7.04,223
105524,2025-02-07 10:39:00,Technical,24.98,231
105525,2025-02-07 10:13:00,Billing,7.55,235
105526,2025-02-07 10:13:00,Billing,5.6,245
105527,2025-02-07 11:55:00,General,9.63,221
105528,2025-02-07 11:00:00,Billing,14.45,222
105529,2025-02-07 11:12:00,General,13.42,238
105530,2025-02-07 11:49:00,Billing,10.68,202
105531,2025-02-07 11:25:00,Billing,7.28,202
105532,2025-02-07 11:48:00,Billing,7.25,216
105533,2025-02-07 11:06:00,General,6.51,202
105534,2025-02-07 11:37:00,Billing,2.37,245
105535,2025-02-07 11:16:00,Billing,12.56,216
105536,2025-02-07 11:52:00,General,7.01,203
105537,2025-02-07 11:07:00,General,7.67,246
105538,2025-02-07 11:48:00,General,9.7,227
105539,2025-02-07 11:58:00,General,8.82,240
105540,2025-02-07 11:46:00,Billing,11.49,242
105541,2025-02-07 11:21:00,Billing,19.83,201
105542,2025-02-07 12:57:00,General,3.37,220
105543,2025-02-07 12:55:00,Technical,24.8,229
105544,2025-02-07 12:09:00,General,2.54,213
105545,2025-02-07 12:26:00,Billing,8.87,208
105546,2025-02-07 13:01:00,General,4.71,201
105547,2025-02-07 13:31:00,Technical,26.67,215
105548,2025-02-07 13:21:00,Billing,10.93,246
105549,2025-02-07 13:04:00,Billing,6.95,235
105550,2025-02-07 13:52:00,General,9.67,218
105551,2025-02-07 14:47:00,General,9.08,230
105552,2025-02-07 14:27:00,Billing,10.93,204
105553,2025-02-07 14:11:00,Billing,8.63,224
105554,2025-02-07 14:29:00,Billing,6.58,208
105555,2025-02-07 14:52:00,General,4.42,206
105556,2025-02-07 14:20:00,Technical,26.83,208
105557,2025-02-07 14:08:00,Billing,8.14,240
105558,2025-02-07 14:03:00,General,7.1,210
105559,2025-02-07 14:02:00,Billing,7.18,244
105560,2025-02-07 15:49:00,Technical,24.74,221
105561,2025-02-07 16:43:00,Billing,9.63,237
105562,2025-02-07 16:33:00,General,2.69,249
105563,2025-02-07 16:32:00,Technical,25.32,219
105564,2025-02-07 16:19:00,Technical,25.12,238
105565,2025-02-07 16:12:00,Technical,24.77,239
105566,2025-02-07 16:42:00,Billing,6.0,220
105567,2025-02-07 17:30:00,Technical,26.25,242
105568,2025-02-07 17:53:00,Billing,10.61,230
105569,2025-02-07 17:10:00,General,5.47,223
105570,2025-02-07 17:41:00,Billing,8.78,207
105571,2025-02-07 17:02:00,General,6.76,214
105572,2025-02-07 18:02:00,Billing,12.59,248
105573,2025-02-07 18:26:00,Technical,29.31,201
105574,2025-02-07 18:53:00,General,8.69,238
105575,2025-02-07 18:09:00,Billing,12.06,209
105576,2025-02-07 18:46:00,Billing,3.46,209
105577,2025-02-07 18:53:00,Billing,9.87,204
105578,2025-02-07 18:18:00,Billing,6.55,206
105579,2025-02-07 19:37:00,Technical,26.54,237
105580,2025-02-07 19:22:00,General,8.84,247
105581,2025-02-07 19:11:00,General,7.73,223
105582,2025-02-07 19:56:00,Billing,13.75,246
105583,2025-02-07 20:57:00,General,12.39,219
105584,2025-02-07 20:40:00,Billing,8.59,235
105585,2025-02-07 20:52:00,Billing,5.28,226
105586,2025-02-07 20:49:00,General,10.53,202
105587,2025-02-07 20:09:00,General,2.58,231
105588,2025-02-07 21:56:00,General,9.48,225
105589,2025-02-07 21:13:00,General,15.22,243
105590,2025-02-07 21:49:00,General,11.18,239
105591,2025-02-07 21:47:00,Technical,25.85,203
105592,2025-02-07 21:38:00,Technical,22.55,231
105593,2025-02-07 22:22:00,Billing,7.68,205
105594,2025-02-07 22:37:00,Technical,26.16,228
105595,2025-02-07 22:20:00,Billing,14.15,231
105596,2025-02-07 22:55:00,Technical,25.38,216
105597,2025-02-07 22:27:00,Technical,26.45,242
105598,2025-02-07 22:30:00,General,9.41,215
105599,2025-02-07 22:34:00,Technical,24.09,238
105600,2025-02-07 23:03:00,Billing,4.53,248
105601,2025-02-07 23:04:00,Billing,6.95,245
105602,2025-02-07 23:46:00,General,8.93,209
105603,2025-02-07 23:13:00,Technical,24.63,220
105604,2025-02-07 23:35:00,Billing,9.73,244
105605,2025-02-07 23:39:00,General,2.0,249
105606,2025-02-07 23:41:00,General,9.51,248
105607,2025-02-07 23:11:00,General,8.26,216
105608,2025-02-07 23:43:00,Technical,23.05,227
105609,2025-02-08 00:32:00,Technical,25.73,231
105610,2025-02-08 00:22:00,General,8.87,233
105611,2025-02-08 01:33:00,General,7.92,239
105612,2025-02-08 03:27:00,General,7.54,240
105613,2025-02-08 03:13:00,Billing,8.04,242
105614,2025-02-08 03:31:00,Technical,27.01,219
105615,2025-02-08 03:13:00,Technical,19.21,231
105616,2025-02-08 04:14:00,General,4.41,231
105617,2025-02-08 04:29:00,General,16.12,223
105618,2025-02-08 04:05:00,Technical,20.22,228
105619,2025-02-08 05:27:00,Billing,9.77,234
105620,2025-02-08 05:08:00,Technical,26.75,243
105621,2025-02-08 05:00:00,Technical,31.04,234
105622,2025-02-08 08:47:00,General,9.94,246
105623,2025-02-08 08:58:00,Billing,10.34,204
105624,2025-02-08 08:41:00,Technical,22.7,228
105625,2025-02-08 08:24:00,Technical,22.29,203
105626,2025-02-08 08:06:00,General,7.26,244
105627,2025-02-08 08:26:00,General,12.22,242
105628,2025-02-08 08:05:00,Technical,25.25,238
105629,2025-02-08 08:24:00,Billing,6.7,239
105630,2025-02-08 08:08:00,General,6.58,209
105631,2025-02-08 09:08:00,Technical,24.62,241
105632,2025-02-08 09:37:00,Technical,27.99,231
105633,2025-02-08 09:39:00,Billing,11.77,209
105634,2025-02-08 09:46:00,Technical,27.58,212
105635,2025-02-08 09:46:00,Billing,7.98,243
105636,2025-02-08 09:06:00,Billing,13.34,215
105637,2025-02-08 09:02:00,Billing,3.11,216
105638,2025-02-08 09:30:00,Technical,22.36,216
105639,2025-02-08 10:35:00,Technical,26.87,249
105640,2025-02-08 10:33:00,Billing,2.63,238
105641,2025-02-08 10:56:00,Technical,25.78,236
105642,2025-02-08 10:07:00,General,7.37,201
105643,2025-02-08 10:20:00,Billing,2.76,221
105644,2025-02-08 10:39:00,Billing,9.99,235
105645,2025-02-08 10:19:00,General,10.87,209
105646,2025-02-08 10:03:00,Technical,26.09,204
105647,2025-02-08 10:15:00,Technical,30.01,247
105648,2025-02-08 10:06:00,Technical,27.6,242
105649,2025-02-08 10:56:00,Technical,29.29,215
105650,2025-02-08 10:14:00,General,5.65,221
105651,2025-02-08 10:24:00,Technical,25.47,236
105652,2025-02-08 10:09:00,General,10.99,206
105653,2025-02-08 11:55:00,General,6.99,226
105654,2025-02-08 11:22:00,Technical,28.46,237
105655,2025-02-08 11:07:00,Technical,25.84,226
105656,2025-02-08 11:08:00,Technical,25.62,203
105657,2025-02-08 11:11:00,Billing,6.04,229
105658,2025-02-08 11:17:00,Billing,8.94,211
105659,2025-02-08 11:07:00,General,10.19,228
105660,2025-02-08 11:43:00,Billing,9.04,212
105661,2025-02-08 12:07:00,Technical,25.86,203
105662,2025-02-08 12:58:00,Technical,22.83,224
105663,2025-02-08 12:32:00,Technical,27.92,236
105664,2025-02-08 12:13:00,Technical,24.66,242
105665,2025-02-08 12:06:00,Billing,11.47,248
105666,2025-02-08 12:01:00,Technical,21.72,207
105667,2025-02-08 12:20:00,Billing,9.31,209
105668,2025-02-08 13:24:00,General,13.05,214
105669,2025-02-08 13:35:00,Billing,5.01,235
105670,2025-02-08 14:51:00,Billing,11.6,232
105671,2025-02-08 14:27:00,Technical,24.19,215
105672,2025-02-08 14:23:00,Billing,10.28,237
105673,2025-02-08 14:09:00,General,9.27,214
105674,2025-02-08 15:29:00,Billing,11.33,232
105675,2025-02-08 16:26:00,General,9.85,229
105676,2025-02-08 16:11:00,Billing,3.36,223
105677,2025-02-08 16:25:00,Technical,21.0,210
105678,2025-02-08 17:47:00,General,13.05,216
105679,2025-02-08 17:52:00,Billing,8.04,225
105680,2025-02-08 17:37:00,Technical,28.15,229
105681,2025-02-08 17:58:00,Billing,8.15,234
105682,2025-02-08 17:03:00,Billing,3.77,235
105683,2025-02-08 18:17:00,General,6.99,230
105684,2025-02-08 18:28:00,General,10.68,207
105685,2025-02-08 19:10:00,General,8.1,206
105686,2025-02-08 19:34:00,General,4.58,219
105687,2025-02-08 19:34:00,Billing,4.84,247
105688,2025-02-08 19:16:00,Technical,19.07,237
105689,2025-02-08 19:17:00,Billing,11.08,248
105690,2025-02-08 19:54:00,Billing,9.45,211
105691,2025-02-08 20:21:00,Billing,10.31,229
105692,2025-02-08 20:39:00,General,9.87,211
105693,2025-02-08 21:03:00,Technical,22.53,214
105694,2025-02-08 22:48:00,General,7.83,221
105695,2025-02-08 22:25:00,Technical,23.64,210
105696,2025-02-08 22:06:00,Technical,30.92,239
105697,2025-02-08 22:49:00,General,7.51,216
105698,2025-02-08 22:37:00,General,6.61,241
105699,2025-02-08 23:31:00,Technical,27.02,212
105700,2025-02-08 23:24:00,Technical,26.24,205
105701,2025-02-08 23:41:00,General,5.36,238
105702,2025-02-08 23:46:00,Technical,24.43,217
105703,2025-02-08 23:55:00,General,12.68,203
105704,2025-02-09 00:46:00,Billing,7.88,221
105705,2025-02-09 00:34:00,Technical,23.69,238
105706,2025-02-09 00:03:00,General,8.24,243
105707,2025-02-09 00:14:00,General,7.4,223
105708,2025-02-09 01:14:00,Technical,25.1,219
105709,2025-02-09 02:43:00,Billing,4.96,223
105710,2025-02-09 02:04:00,General,5.79,220
105711,2025-02-09 02:43:00,Billing,2.0,239
105712,2025-02-09 03:22:00,Billing,9.04,203
105713,2025-02-09 03:40:00,Billing,7.16,228
105714,2025-02-09 03:21:00,Technical,23.85,249
105715,2025-02-09 03:11:00,General,11.81,221
105716,2025-02-09 04:23:00,Technical,28.2,218
105717,2025-02-09 04:46:00,Billing,10.74,237
105718,2025-02-09 05:02:00,Billing,11.0,220
105719,2025-02-09 05:42:00,General,6.42,221
105720,2025-02-09 05:23:00,General,2.63,245
105721,2025-02-09 06:58:00,Technical,18.09,242
105722,2025-02-09 06:46:00,Billing,10.72,239
105723,2025-02-09 07:31:00,Billing,10.62,210
105724,2025-02-09 07:56:00,Technical,27.95,249
105725,2025-02-09 07:50:00,Billing,8.45,245
105726,2025-02-09 08:26:00,Technical,30.64,205
105727,2025-02-09 08:29:00,General,6.9,201
105728,2025-02-09 08:47:00,Billing,10.12,208
105729,2025-02-09 08:39:00,Billing,4.81,215
105730,2025-02-09 08:32:00,Billing,8.62,209
105731,2025-02-09 08:31:00,Technical,16.07,237
105732,2025-02-09 08:09:00,Billing,8.81,231
105733,2025-02-09 08:12:00,Billing,12.39,204
105734,2025-02-09 09:45:00,Technical,22.46,244
105735,2025-02-09 09:58:00,Technical,27.33,226
105736,2025-02-09 09:37:00,Billing,7.05,203
105737,2025-02-09 09:14:00,Technical,24.57,247
105738,2025-02-09 09:32:00,Billing,6.31,223
105739,2025-02-09 09:51:00,Billing,4.55,243
105740,2025-02-09 09:55:00,Billing,8.25,203
105741,2025-02-09 09:43:00,Technical,26.27,224
105742,2025-02-09 10:38:00,Technical,27.59,241
105743,2025-02-09 10:23:00,Technical,16.55,206
105744,2025-02-09 10:42:00,General,8.39,233
105745,2025-02-09 10:55:00,Technical,22.99,219
105746,2025-02-09 10:05:00,Billing,6.57,239
105747,2025-02-09 10:57:00,Billing,11.52,248
105748,2025-02-09 10:38:00,Billing,2.4,217
105749,2025-02-09 10:47:00,Technical,26.46,225
105750,2025-02-09 11:14:00,Billing,8.36,231
105751,2025-02-09 11:30:00,Billing,4.3,210
105752,2025-02-09 11:53:00,Billing,7.73,204
105753,2025-02-09 11:57:00,Technical,19.22,226
105754,2025-02-09 11:47:00,Technical,23.64,236
105755,2025-02-09 11:42:00,Technical,25.73,237
105756,2025-02-09 11:34:00,General,6.23,204
105757,2025-02-09 11:40:00,Billing,7.98,242
105758,2025-02-09 11:25:00,Billing,8.56,246
105759,2025-02-09 12:50:00,Technical,28.34,228
105760,2025-02-09 13:43:00,General,5.89,242
105761,2025-02-09 13:18:00,Technical,29.51,248
105762,2025-02-09 13:55:00,Technical,22.14,215
105763,2025-02-09 13:10:00,Billing,8.53,205
105764,2025-02-09 14:19:00,Billing,10.68,223
105765,2025-02-09 14:36:00,Billing,8.35,212
105766,2025-02-09 15:36:00,General,14.18,212
105767,2025-02-09 15:50:00,Billing,8.56,218
105768,2025-02-09 16:25:00,Billing,5.88,242
105769,2025-02-09 16:12:00,Technical,30.91,228
105770,2025-02-09 16:26:00,Billing,8.91,203
105771,2025-02-09 16:27:00,Technical,19.69,231
105772,2025-02-09 17:38:00,Billing,7.8,209
105773,2025-02-09 18:21:00,Billing,9.83,204
105774,2025-02-09 18:51:00,Billing,2.97,235
105775,2025-02-09 19:18:00,General,4.94,202
105776,2025-02-09 19:39:00,General,2.0,213
105777,2025-02-09 20:21:00,Billing,10.02,225
105778,2025-02-09 20:37:00,Billing,5.18,232
105779,2025-02-09 20:44:00,General,4.15,232
105780,2025-02-09 20:22:00,Technical,22.89,219
105781,2025-02-09 20:34:00,General,4.76,247
105782,2025-02-09 21:10:00,General,8.07,235
105783,2025-02-09 21:02:00,Technical,24.6,247
105784,2025-02-09 22:56:00,Technical,24.98,209
105785,2025-02-09 22:15:00,Billing,3.6,208
105786,2025-02-09 22:23:00,General,8.42,249
105787,2025-02-09 23:04:00,Technical,26.01,226
105788,2025-02-09 23:03:00,Technical,22.27,219
105789,2025-02-09 23:46:00,Billing,7.27,239
105790,2025-02-10 00:30:00,General,10.7,223
105791,2025-02-10 00:13:00,Technical,21.32,201
105792,2025-02-10 00:40:00,Technical,21.21,218
105793,2025-02-10 00:41:00,Billing,10.17,215
105794,2025-02-10 00:29:00,Billing,10.79,238
105795,2025-02-10 00:24:00,Billing,11.93,245
105796,2025-02-10 00:55:00,Billing,8.12,230
105797,2025-02-10 01:14:00,Billing,6.37,245
105798,2025-02-10 01:32:00,Billing,13.8,234
105799,2025-02-10 02:26:00,Billing,6.39,225
105800,2025-02-10 02:06:00,General,9.9,226
105801,2025-02-10 02:57:00,Billing,8.59,208
105802,2025-02-10 02:17:00,General,13.3,223
105803,2025-02-10 02:51:00,General,7.26,220
105804,2025-02-10 02:40:00,General,5.51,217
105805,2025-02-10 03:15:00,General,6.96,212
105806,2025-02-10 03:16:00,Billing,11.62,246
105807,2025-02-10 03:25:00,Technical,25.47,221
105808,2025-02-10 03:40:00,Technical,24.96,204
105809,2025-02-10 03:36:00,Technical,24.13,205
105810,2025-02-10 04:45:00,Billing,6.1,218
105811,2025-02-10 05:23:00,General,8.59,241
105812,2025-02-10 05:04:00,Technical,23.03,243
105813,2025-02-10 05:00:00,Technical,27.44,236
105814,2025-02-10 05:43:00,Technical,29.06,208
105815,2025-02-10 05:17:00,Billing,12.42,214
105816,2025-02-10 05:53:00,General,7.04,242
105817,2025-02-10 05:49:00,Billing,4.46,213
105818,2025-02-10 05:17:00,Technical,22.8,228
105819,2025-02-10 05:36:00,General,5.82,207
105820,2025-02-10 05:45:00,Billing,8.64,240
105821,2025-02-10 06:58:00,Billing,9.57,217
105822,2025-02-10 06:31:00,Billing,9.77,233
105823,2025-02-10 06:26:00,General,5.13,234
105824,2025-02-10 06:47:00,Billing,10.04,208
105825,2025-02-10 07:12:00,General,6.82,201
105826,2025-02-10 07:21:00,Billing,6.5,244
105827,2025-02-10 07:03:00,Billing,7.2,219
105828,2025-02-10 07:20:00,Billing,10.25,236
105829,2025-02-10 07:41:00,General,5.88,245
105830,2025-02-10 08:58:00,General,8.71,247
105831,2025-02-10 08:12:00,Billing,4.27,244
105832,2025-02-10 08:02:00,Billing,5.33,237
105833,2025-02-10 08:40:00,General,6.28,206
105834,2025-02-10 08:50:00,Billing,9.39,223
105835,2025-02-10 08:58:00,General,8.68,229
105836,2025-02-10 08:34:00,Billing,5.68,209
105837,2025-02-10 08:54:00,Billing,8.07,221
105838,2025-02-10 08:57:00,Billing,9.32,240
105839,2025-02-10 08:28:00,Technical,22.78,240
105840,2025-02-10 08:48:00,General,2.0,237
105841,2025-02-10 08:06:00,Technical,22.81,235
105842,2025-02-10 08:47:00,General,11.26,221
105843,2025-02-10 08:29:00,Billing,6.85,224
105844,2025-02-10 08:21:00,Billing,5.77,231
105845,2025-02-10 08:44:00,General,4.9,214
105846,2025-02-10 08:23:00,General,5.74,238
105847,2025-02-10 08:46:00,Technical,25.23,248
105848,2025-02-10 09:06:00,Technical,21.03,243
105849,2025-02-10 09:01:00,General,6.23,234
105850,2025-02-10 09:55:00,Billing,8.99,223
105851,2025-02-10 09:45:00,General,7.04,232
105852,2025-02-10 09:35:00,General,9.86,223
105853,2025-02-10 09:13:00,Technical,24.53,214
105854,2025-02-10 09:03:00,General,3.53,250
105855,2025-02-10 09:36:00,Technical,23.04,235
105856,2025-02-10 09:57:00,Technical,27.41,218
105857,2025-02-10 09:55:00,General,9.34,229
105858,2025-02-10 09:45:00,Billing,5.12,210
105859,2025-02-10 09:15:00,General,13.46,206
105860,2025-02-10 09:41:00,Billing,11.27,210
105861,2025-02-10 09:21:00,Billing,11.09,228
105862,2025-02-10 10:10:00,Billing,11.75,225
105863,2025-02-10 10:19:00,Technical,23.98,233
105864,2025-02-10 10:44:00,Technical,25.35,204
105865,2025-02-10 10:02:00,General,10.25,238
105866,2025-02-10 10:41:00,General,7.52,235
105867,2025-02-10 10:09:00,Technical,23.58,202
105868,2025-02-10 10:42:00,Technical,29.69,205
105869,2025-02-10 10:31:00,Billing,6.94,204
105870,2025-02-10 10:32:00,Technical,18.79,214
105871,2025-02-10 10:45:00,Billing,6.92,220
105872,2025-02-10 10:39:00,Billing,9.72,236
105873,2025-02-10 10:30:00,General,10.63,242
105874,2025-02-10 10:26:00,Technical,20.16,243
105875,2025-02-10 10:55:00,General,9.08,222
105876,2025-02-10 11:51:00,Technical,29.5,210
105877,2025-02-10 11:50:00,Billing,6.66,249
105878,2025-02-10 11:01:00,General,6.55,211
105879,2025-02-10 11:51:00,General,9.18,241
105880,2025-02-10 11:28:00,Technical,23.73,230
105881,2025-02-10 11:19:00,Technical,27.42,234
105882,2025-02-10 11:34:00,Technical,16.32,249
105883,2025-02-10 11:24:00,Technical,28.58,240
105884,2025-02-10 11:46:00,Technical,22.36,225
105885,2025-02-10 11:16:00,Billing,2.62,212
105886,2025-02-10 11:53:00,Billing,6.72,245
105887,2025-02-10 11:51:00,General,5.41,220
105888,2025-02-10 11:31:00,Technical,28.27,227
105889,2025-02-10 11:47:00,Billing,5.45,207
105890,2025-02-10 11:37:00,Technical,28.29,239
105891,2025-02-10 11:00:00,Technical,20.14,217
105892,2025-02-10 11:37:00,Technical,20.19,228
105893,2025-02-10 11:37:00,Billing,7.74,233
105894,2025-02-10 12:57:00,Technical,21.58,243
105895,2025-02-10 13:41:00,Technical,28.66,235
105896,2025-02-10 13:32:00,Billing,8.3,204
105897,2025-02-10 13:17:00,Technical,23.4,246
105898,2025-02-10 13:08:00,Technical,23.74,245
105899,2025-02-10 14:21:00,General,6.5,227
105900,2025-02-10 14:18:00,Billing,10.06,202
105901,2025-02-10 14:58:00,Billing,12.31,239
105902,2025-02-10 14:32:00,Billing,8.09,214
105903,2025-02-10 14:05:00,Technical,18.77,228
105904,2025-02-10 14:01:00,General,3.95,240
105905,2025-02-10 14:54:00,Billing,12.08,202
105906,2025-02-10 15:53:00,Billing,10.68,207
105907,2025-02-10 15:13:00,Technical,18.48,224
105908,2025-02-10 15:22:00,Technical,24.6,245
105909,2025-02-10 15:28:00,Technical,28.01,201
105910,2025-02-10 15:49:00,Billing,8.84,211
105911,2025-02-10 15:40:00,Billing,7.63,223
105912,2025-02-10 15:14:00,Billing,7.34,221
105913,2025-02-10 15:20:00,Billing,2.15,250
105914,2025-02-10 15:45:00,Billing,7.69,247
105915,2025-02-10 16:15:00,Billing,4.81,233
105916,2025-02-10 16:54:00,General,5.23,212
105917,2025-02-10 16:11:00,Technical,26.84,210
105918,2025-02-10 16:06:00,Technical,23.79,219
105919,2025-02-10 17:11:00,Billing,3.06,250
105920,2025-02-10 17:44:00,Technical,25.03,204
105921,2025-02-10 17:37:00,General,9.45,233
105922,2025-02-10 18:09:00,Billing,6.26,213
105923,2025-02-10 18:20:00,General,10.7,201
105924,2025-02-10 18:28:00,Technical,29.3,211
105925,2025-02-10 19:58:00,General,7.51,237
105926,2025-02-10 19:49:00,General,7.62,239
105927,2025-02-10 19:25:00,Billing,4.44,240
105928,2025-02-10 19:56:00,Billing,4.86,235
105929,2025-02-10 19:22:00,General,6.84,206
105930,2025-02-10 20:02:00,General,12.42,238
105931,2025-02-10 20:41:00,Billing,11.04,212
105932,2025-02-10 20:29:00,Billing,2.64,230
105933,2025-02-10 20:09:00,Billing,5.31,203
105934,2025-02-10 20:13:00,Technical,27.17,239
105935,2025-02-10 21:36:00,Billing,9.98,227
105936,2025-02-10 21:16:00,Billing,6.36,219
105937,2025-02-10 22:34:00,General,8.11,218
105938,2025-02-10 22:52:00,Billing,11.96,224
105939,2025-02-10 22:50:00,Billing,9.53,250
105940,2025-02-10 22:20:00,General,7.06,203
105941,2025-02-10 22:24:00,Billing,7.31,244
105942,2025-02-10 22:42:00,Billing,4.32,247
105943,2025-02-10 23:53:00,General,5.34,245
105944,2025-02-10 23:16:00,Billing,3.25,216
105945,2025-02-10 23:33:00,General,4.47,236
105946,2025-02-10 23:03:00,General,7.9,225
105947,2025-02-10 23:29:00,Billing,14.22,233
105948,2025-02-10 23:41:00,Billing,6.81,239
105949,2025-02-11 00:54:00,Billing,9.16,214
105950,2025-02-11 00:19:00,Billing,9.68,226
105951,2025-02-11 00:58:00,Technical,23.36,244
105952,2025-02-11 00:19:00,Billing,11.79,228
105953,2025-02-11 00:52:00,General,6.22,204
105954,2025-02-11 00:33:00,Technical,30.01,239
105955,2025-02-11 01:28:00,Technical,24.49,202
105956,2025-02-11 01:50:00,General,11.17,222
105957,2025-02-11 01:48:00,General,5.72,249
105958,2025-02-11 01:55:00,Billing,9.47,210
105959,2025-02-11 01:43:00,Billing,4.43,210
105960,2025-02-11 01:50:00,General,7.69,234
105961,2025-02-11 02:45:00,General,8.41,233
105962,2025-02-11 02:38:00,Technical,26.39,216
105963,2025-02-11 02:11:00,Technical,26.42,244
105964,2025-02-11 02:52:00,Billing,8.71,250
105965,2025-02-11 02:02:00,Billing,9.93,226
105966,2025-02-11 02:03:00,Billing,9.46,219
105967,2025-02-11 02:05:00,General,6.45,209
105968,2025-02-11 02:07:00,Billing,8.98,220
105969,2025-02-11 02:52:00,Billing,9.58,238
105970,2025-02-11 02:57:00,Billing,2.83,215
105971,2025-02-11 03:13:00,General,9.76,201
105972,2025-02-11 03:13:00,Billing,6.7,246
105973,2025-02-11 03:31:00,General,5.41,205
105974,2025-02-11 03:14:00,Billing,6.53,230
105975,2025-02-11 03:23:00,Technical,27.42,235
105976,2025-02-11 04:34:00,Technical,24.33,201
105977,2025-02-11 04:07:00,Billing,2.87,248
105978,2025-02-11 04:15:00,Technical,24.27,232
105979,2025-02-11 04:52:00,Technical,22.67,226
105980,2025-02-11 04:40:00,General,6.33,213
105981,2025-02-11 04:11:00,Technical,24.65,213
105982,2025-02-11 05:34:00,General,9.35,247
105983,2025-02-11 05:47:00,Technical,25.79,220
105984,2025-02-11 05:48:00,Technical,20.3,215
105985,2025-02-11 05:14:00,General,9.44,217
105986,2025-02-11 05:12:00,Technical,23.31,213
105987,2025-02-11 05:33:00,Billing,8.32,210
105988,2025-02-11 05:50:00,Billing,5.88,227
105989,2025-02-11 06:35:00,General,12.2,219
105990,2025-02-11 06:16:00,Billing,4.94,227
105991,2025-02-11 06:07:00,Billing,5.55,203
105992,2025-02-11 06:26:00,Billing,11.6,232
105993,2025-02-11 06:24:00,Billing,7.12,231
105994,2025-02-11 06:53:00,Technical,16.87,250
105995,2025-02-11 06:51:00,Technical,21.97,233
105996,2025-02-11 06:46:00,Technical,24.59,210
105997,2025-02-11 07:04:00,General,6.02,237
105998,2025-02-11 07:09:00,General,14.03,234
105999,2025-02-11 07:15:00,Billing,8.24,229
106000,2025-02-11 07:09:00,Billing,10.11,210
106001,2025-02-11 08:13:00,Billing,5.7,213
106002,2025-02-11 08:39:00,Billing,9.54,249
106003,2025-02-11 08:13:00,Billing,9.79,230
106004,2025-02-11 08:03:00,Billing,6.81,249
106005,2025-02-11 08:35:00,Billing,6.26,232
106006,2025-02-11 08:37:00,General,6.47,242
106007,2025-02-11 08:07:00,Billing,5.06,233
106008,2025-02-11 08:57:00,Billing,2.0,232
106009,2025-02-11 08:48:00,Billing,9.9,238
106010,2025-02-11 08:10:00,Technical,20.5,229
106011,2025-02-11 08:37:00,General,6.18,229
106012,2025-02-11 08:49:00,Billing,10.43,229
106013,2025-02-11 08:31:00,Billing,6.69,221
106014,2025-02-11 08:07:00,Technical,19.66,240
106015,2025-02-11 08:00:00,General,5.22,239
106016,2025-02-11 08:03:00,Billing,11.0,218
106017,2025-02-11 08:36:00,General,5.87,227
106018,2025-02-11 08:07:00,Billing,7.32,218
106019,2025-02-11 08:42:00,Billing,5.05,223
106020,2025-02-11 08:23:00,Billing,4.47,210
106021,2025-02-11 09:08:00,General,11.39,250
106022,2025-02-11 09:10:00,General,10.87,250
106023,2025-02-11 09:28:00,Billing,8.46,207
106024,2025-02-11 09:15:00,Technical,22.95,212
106025,2025-02-11 09:53:00,Billing,5.22,245
106026,2025-02-11 09:54:00,Billing,10.36,237
106027,2025-02-11 09:14:00,Technical,25.44,220
106028,2025-02-11 09:43:00,Billing,11.57,205
106029,2025-02-11 09:54:00,Billing,6.73,243
106030,2025-02-11 09:24:00,Technical,29.71,246
106031,2025-02-11 09:10:00,Technical,27.2,217
106032,2025-02-11 09:14:00,General,8.69,207
106033,2025-02-11 09:06:00,Billing,8.36,222
106034,2025-02-11 09:30:00,Technical,24.78,217
106035,2025-02-11 09:14:00,Billing,9.05,230
106036,2025-02-11 09:34:00,Billing,8.02,203
106037,2025-02-11 10:18:00,Technical,25.39,240
106038,2025-02-11 10:56:00,Billing,7.39,217
106039,2025-02-11 10:53:00,Billing,9.24,226
106040,2025-02-11 10:53:00,Billing,5.61,219
106041,2025-02-11 10:51:00,General,12.96,211
106042,2025-02-11 10:16:00,Billing,10.44,211
106043,2025-02-11 10:46:00,General,7.58,227
106044,2025-02-11 10:12:00,Billing,3.43,211
106045,2025-02-11 10:10:00,General,9.27,241
106046,2025-02-11 10:35:00,Billing,2.9,214
106047,2025-02-11 10:26:00,Technical,23.11,212
106048,2025-02-11 10:06:00,Technical,22.86,232
106049,2025-02-11 10:34:00,Technical,26.39,220
106050,2025-02-11 11:33:00,Billing,5.94,210
106051,2025-02-11 11:25:00,Technical,24.44,232
106052,2025-02-11 11:22:00,General,12.86,214
106053,2025-02-11 11:05:00,Billing,4.8,227
106054,2025-02-11 11:56:00,General,11.38,207
106055,2025-02-11 11:24:00,General,12.05,235
106056,2025-02-11 11:02:00,General,6.62,232
106057,2025-02-11 11:50:00,Billing,10.2,250
106058,2025-02-11 11:24:00,Billing,11.73,215
106059,2025-02-11 11:07:00,Billing,6.95,234
106060,2025-02-11 11:11:00,Billing,4.46,215
106061,2025-02-11 11:39:00,General,9.99,202
106062,2025-02-11 11:09:00,Billing,12.39,227
106063,2025-02-11 11:03:00,Technical,21.75,204
106064,2025-02-11 11:52:00,Technical,26.6,240
106065,2025-02-11 11:06:00,General,10.58,223
106066,2025-02-11 11:43:00,Technical,24.13,205
106067,2025-02-11 12:10:00,General,14.58,228
106068,2025-02-11 12:57:00,General,9.78,241
106069,2025-02-11 12:16:00,Billing,12.66,227
106070,2025-02-11 12:25:00,Billing,6.79,206
106071,2025-02-11 12:08:00,Billing,3.98,221
106072,2025-02-11 12:50:00,Billing,7.8,238
106073,2025-02-11 13:45:00,Technical,30.36,218
106074,2025-02-11 13:36:00,Billing,10.42,204
106075,2025-02-11 13:28:00,Technical,25.04,244
106076,2025-02-11 13:06:00,Billing,10.73,224
106077,2025-02-11 13:36:00,Technical,26.37,227
106078,2025-02-11 13:12:00,Billing,7.3,245
106079,2025-02-11 14:25:00,Billing,11.23,212
106080,2025-02-11 14:53:00,Technical,26.05,224
106081,2025-02-11 14:41:00,Billing,8.95,209
106082,2025-02-11 14:52:00,General,7.75,217
106083,2025-02-11 15:06:00,Technical,25.34,220
106084,2025-02-11 15:34:00,Billing,9.52,201
106085,2025-02-11 15:04:00,Billing,8.45,240
106086,2025-02-11 15:03:00,Billing,5.6,227
106087,2025-02-11 16:06:00,General,2.37,238
106088,2025-02-11 16:25:00,Billing,4.01,244
106089,2025-02-11 16:44:00,Technical,24.34,243
106090,2025-02-11 16:28:00,General,10.09,216
106091,2025-02-11 16:42:00,Billing,5.7,227
106092,2025-02-11 16:00:00,Billing,12.73,250
106093,2025-02-11 17:18:00,Billing,6.48,231
106094,2025-02-11 17:28:00,Technical,27.04,249
106095,2025-02-11 17:38:00,Technical,29.67,244
106096,2025-02-11 17:01:00,Billing,5.39,206
106097,2025-02-11 17:19:00,General,7.31,248
106098,2025-02-11 17:52:00,General,5.2,230
106099,2025-02-11 17:20:00,Technical,22.39,239
106100,2025-02-11 18:32:00,Billing,8.81,247
106101,2025-02-11 18:31:00,Technical,27.84,240
106102,2025-02-11 18:23:00,Technical,26.95,211
106103,2025-02-11 18:20:00,Technical,25.63,218
106104,2025-02-11 18:06:00,Technical,25.47,238
106105,2025-02-11 19:14:00,General,3.08,205
106106,2025-02-11 19:55:00,Billing,6.41,221
106107,2025-02-11 20:02:00,General,15.28,246
106108,2025-02-11 20:14:00,Technical,26.03,241
106109,2025-02-11 20:46:00,Billing,10.68,247
106110,2025-02-11 20:17:00,General,13.23,212
106111,2025-02-11 21:39:00,General,7.92,240
106112,2025-02-11 21:45:00,Technical,25.68,217
106113,2025-02-11 21:45:00,Billing,13.65,222
106114,2025-02-11 21:21:00,Technical,24.93,238
106115,2025-02-11 22:40:00,Technical,28.13,230
106116,2025-02-11 22:58:00,Billing,7.39,245
106117,2025-02-11 22:23:00,Billing,8.19,248
106118,2025-02-11 22:49:00,Billing,4.8,201
106119,2025-02-11 22:21:00,Billing,11.1,217
106120,2025-02-11 22:02:00,Billing,9.93,246
106121,2025-02-11 23:54:00,Billing,3.28,210
106122,2025-02-11 23:27:00,Technical,27.45,232
106123,2025-02-11 23:28:00,Billing,8.01,215
106124,2025-02-11 23:49:00,Technical,26.09,219
106125,2025-02-11 23:40:00,Billing,12.17,250
106126,2025-02-11 23:25:00,General,4.31,224
106127,2025-02-12 00:36:00,General,10.2,241
106128,2025-02-12 00:18:00,Technical,23.62,216
106129,2025-02-12 00:36:00,Billing,10.73,250
106130,2025-02-12 00:23:00,Billing,4.79,239
106131,2025-02-12 00:46:00,General,8.41,230
106132,2025-02-12 00:39:00,Billing,13.38,242
106133,2025-02-12 00:33:00,Technical,31.73,205
106134,2025-02-12 00:01:00,General,2.0,235
106135,2025-02-12 01:46:00,Billing,8.89,244
106136,2025-02-12 01:27:00,Technical,27.36,229
106137,2025-02-12 01:35:00,General,7.55,233
106138,2025-02-12 01:57:00,General,10.22,237
106139,2025-02-12 01:19:00,Billing,9.6,220
106140,2025-02-12 01:10:00,Technical,32.54,209
106141,2025-02-12 01:37:00,Billing,11.57,243
106142,2025-02-12 02:31:00,Billing,7.49,218
106143,2025-02-12 02:55:00,Billing,2.0,247
106144,2025-02-12 02:58:00,Billing,5.13,208
106145,2025-02-12 02:22:00,General,6.39,217
106146,2025-02-12 02:25:00,General,14.6,232
106147,2025-02-12 03:56:00,General,8.08,203
106148,2025-02-12 03:03:00,General,7.41,220
106149,2025-02-12 03:04:00,General,10.98,239
106150,2025-02-12 03:53:00,Technical,21.2,237
106151,2025-02-12 03:35:00,General,11.08,234
106152,2025-02-12 03:37:00,Technical,21.73,229
106153,2025-02-12 04:27:00,Technical,24.97,210
106154,2025-02-12 04:57:00,General,5.62,242
106155,2025-02-12 04:39:00,Billing,7.3,206
106156,2025-02-12 04:48:00,General,2.49,234
106157,2025-02-12 05:53:00,Billing,2.54,238
106158,2025-02-12 05:45:00,Billing,3.19,214
106159,2025-02-12 06:22:00,Technical,23.88,212
106160,2025-02-12 06:14:00,Billing,13.81,235
106161,2025-02-12 07:24:00,Technical,23.12,229
106162,2025-02-12 07:07:00,Technical,23.43,247
106163,2025-02-12 07:19:00,Technical,22.81,217
106164,2025-02-12 07:49:00,General,9.13,231
106165,2025-02-12 07:16:00,Billing,8.25,250
106166,2025-02-12 08:02:00,General,9.96,230
106167,2025-02-12 08:05:00,Technical,24.4,220
106168,2025-02-12 08:56:00,Billing,13.38,237
106169,2025-02-12 08:20:00,Technical,23.47,249
106170,2025-02-12 08:06:00,Billing,7.56,234
106171,2025-02-12 08:03:00,Billing,5.43,241
106172,2025-02-12 08:52:00,Technical,29.43,239
106173,2025-02-12 08:18:00,Billing,3.86,204
106174,2025-02-12 08:17:00,Technical,22.95,207
106175,2025-02-12 08:41:00,Billing,7.21,211
106176,2025-02-12 08:02:00,Billing,7.91,221
106177,2025-02-12 09:02:00,General,11.78,245
106178,2025-02-12 09:56:00,Technical,29.0,209
106179,2025-02-12 09:24:00,General,9.33,250
106180,2025-02-12 09:08:00,Technical,31.01,246
106181,2025-02-12 09:19:00,Billing,10.5,221
106182,2025-02-12 09:54:00,Billing,12.72,230
106183,2025-02-12 09:57:00,Billing,7.43,244
106184,2025-02-12 09:20:00,Billing,9.27,222
106185,2025-02-12 09:04:00,Technical,25.13,206
106186,2025-02-12 09:03:00,Technical,21.61,237
106187,2025-02-12 09:27:00,Billing,7.2,220
106188,2025-02-12 09:46:00,Technical,23.94,242
106189,2025-02-12 09:24:00,Billing,9.21,202
106190,2025-02-12 09:28:00,General,11.78,238
106191,2025-02-12 09:40:00,Billing,9.77,240
106192,2025-02-12 09:54:00,General,6.1,243
106193,2025-02-12 09:31:00,Billing,6.43,243
106194,2025-02-12 10:39:00,Billing,2.32,202
106195,2025-02-12 10:43:00,Technical,24.46,231
106196,2025-02-12 10:04:00,Technical,19.45,206
106197,2025-02-12 10:30:00,General,7.05,218
106198,2025-02-12 10:06:00,Billing,9.65,218
106199,2025-02-12 10:55:00,Technical,27.7,202
106200,2025-02-12 10:24:00,Billing,9.14,222
106201,2025-02-12 10:25:00,General,4.08,238
106202,2025-02-12 10:03:00,Technical,20.58,229
106203,2025-02-12 10:03:00,Technical,24.1,250
106204,2025-02-12 10:19:00,General,7.56,239
106205,2025-02-12 10:33:00,Technical,28.31,240
106206,2025-02-12 10:00:00,Technical,23.91,223
106207,2025-02-12 10:40:00,Billing,8.31,232
106208,2025-02-12 10:54:00,Technical,28.41,202
106209,2025-02-12 10:33:00,Technical,28.9,201
106210,2025-02-12 10:11:00,Technical,19.34,227
106211,2025-02-12 10:34:00,Billing,9.69,243
106212,2025-02-12 10:24:00,General,13.75,241
106213,2025-02-12 10:40:00,Billing,10.74,214
106214,2025-02-12 10:50:00,Technical,21.19,233
106215,2025-02-12 11:00:00,Billing,8.69,243
106216,2025-02-12 11:47:00,Billing,12.24,248
106217,2025-02-12 11:01:00,Billing,8.23,219
106218,2025-02-12 11:00:00,General,9.62,236
106219,2025-02-12 11:28:00,General,5.92,201
106220,2025-02-12 11:26:00,Billing,8.92,250
106221,2025-02-12 11:24:00,Billing,6.87,214
106222,2025-02-12 11:56:00,Technical,23.23,210
106223,2025-02-12 11:54:00,General,4.9,216
106224,2025-02-12 11:40:00,Billing,10.69,250
106225,2025-02-12 11:10:00,Billing,10.33,217
106226,2025-02-12 11:25:00,General,4.83,224
106227,2025-02-12 11:33:00,Billing,8.56,220
106228,2025-02-12 11:52:00,General,7.36,249
106229,2025-02-12 11:17:00,General,8.81,236
106230,2025-02-12 11:17:00,Technical,28.03,221
106231,2025-02-12 11:04:00,General,11.93,241
106232,2025-02-12 12:04:00,Billing,10.46,218
106233,2025-02-12 12:10:00,Billing,8.49,221
106234,2025-02-12 12:11:00,Technical,26.56,247
106235,2025-02-12 12:55:00,Billing,8.33,248
106236,2025-02-12 12:18:00,General,2.07,209
106237,2025-02-12 12:02:00,General,9.38,223
106238,2025-02-12 12:27:00,Billing,8.57,216
106239,2025-02-12 12:55:00,General,7.1,248
106240,2025-02-12 12:22:00,Technical,27.2,229
106241,2025-02-12 12:10:00,General,3.24,221
106242,2025-02-12 13:16:00,Billing,8.88,227
106243,2025-02-12 13:38:00,General,3.64,209
106244,2025-02-12 13:56:00,General,9.78,228
106245,2025-02-12 13:07:00,Billing,8.74,215
106246,2025-02-12 13:50:00,General,8.62,212
106247,2025-02-12 13:27:00,Billing,10.47,207
106248,2025-02-12 13:00:00,General,4.79,232
106249,2025-02-12 13:20:00,Technical,17.86,219
106250,2025-02-12 13:26:00,Billing,2.45,237
106251,2025-02-12 14:17:00,Billing,9.35,211
106252,2025-02-12 14:23:00,Billing,14.09,243
106253,2025-02-12 14:41:00,General,4.12,228
106254,2025-02-12 14:08:00,Technical,23.72,232
106255,2025-02-12 14:45:00,General,8.93,243
106256,2025-02-12 14:44:00,General,9.19,238
106257,2025-02-12 14:45:00,Technical,26.74,228
106258,2025-02-12 14:40:00,General,5.88,223
106259,2025-02-12 15:42:00,General,7.83,210
106260,2025-02-12 15:29:00,Technical,27.76,249
106261,2025-02-12 15:15:00,General,10.41,241
106262,2025-02-12 15:25:00,Technical,23.76,206
106263,2025-02-12 15:02:00,Technical,21.22,243
106264,2025-02-12 16:33:00,Technical,18.22,202
106265,2025-02-12 16:16:00,Billing,6.2,242
106266,2025-02-12 16:29:00,Technical,31.51,243
106267,2025-02-12 16:08:00,Technical,26.85,246
106268,2025-02-12 16:16:00,Technical,23.1,232
106269,2025-02-12 16:29:00,Technical,25.56,249
106270,2025-02-12 16:25:00,General,11.05,214
106271,2025-02-12 16:20:00,Billing,8.34,228
106272,2025-02-12 16:43:00,Billing,11.47,211
106273,2025-02-12 17:31:00,General,11.63,212
106274,2025-02-12 17:33:00,Technical,23.95,223
106275,2025-02-12 17:16:00,Technical,24.13,245
106276,2025-02-12 18:48:00,Technical,21.95,234
106277,2025-02-12 18:24:00,Technical,30.84,244
106278,2025-02-12 19:02:00,General,8.53,224
106279,2025-02-12 19:05:00,Billing,10.4,211
106280,2025-02-12 20:18:00,Billing,4.82,221
106281,2025-02-12 20:08:00,Billing,10.85,213
106282,2025-02-12 20:37:00,Technical,26.36,245
106283,2025-02-12 20:37:00,Technical,23.31,246
106284,2025-02-12 21:01:00,Billing,10.67,208
106285,2025-02-12 21:17:00,Billing,10.19,239
106286,2025-02-12 21:01:00,General,6.77,235
106287,2025-02-12 21:45:00,Billing,7.83,250
106288,2025-02-12 21:27:00,General,10.27,225
106289,2025-02-12 21:06:00,General,9.5,222
106290,2025-02-12 21:38:00,General,7.32,232
106291,2025-02-12 22:05:00,Billing,4.77,211
106292,2025-02-12 22:08:00,Billing,2.0,238
106293,2025-02-12 23:50:00,Technical,28.33,213
106294,2025-02-12 23:13:00,Billing,7.47,211
106295,2025-02-12 23:40:00,General,6.74,248
106296,2025-02-12 23:08:00,General,11.69,212
106297,2025-02-12 23:29:00,Billing,6.76,208
106298,2025-02-13 00:52:00,Billing,6.65,211
106299,2025-02-13 00:58:00,Billing,5.55,226
106300,2025-02-13 01:11:00,General,4.01,247
106301,2025-02-13 01:19:00,General,6.84,216
106302,2025-02-13 01:19:00,Technical,21.23,243
106303,2025-02-13 01:58:00,Technical,28.29,245
106304,2025-02-13 01:20:00,General,3.58,245
106305,2025-02-13 01:21:00,Technical,23.57,248
106306,2025-02-13 01:06:00,General,6.37,232
106307,2025-02-13 02:52:00,Technical,23.77,244
106308,2025-02-13 02:34:00,Technical,24.54,231
106309,2025-02-13 02:10:00,Billing,7.1,209
106310,2025-02-13 02:47:00,Billing,7.75,201
106311,2025-02-13 03:32:00,Technical,26.79,217
106312,2025-02-13 04:43:00,Billing,10.91,222
106313,2025-02-13 04:26:00,Technical,25.04,247
106314,2025-02-13 04:09:00,Billing,7.45,225
106315,2025-02-13 04:53:00,General,5.92,240
106316,2025-02-13 04:42:00,Technical,25.37,245
106317,2025-02-13 04:20:00,Technical,24.77,239
106318,2025-02-13 05:28:00,Billing,7.51,220
106319,2025-02-13 05:33:00,Technical,26.28,212
106320,2025-02-13 05:02:00,Technical,23.06,224
106321,2025-02-13 05:35:00,General,3.92,226
106322,2025-02-13 05:00:00,General,10.79,215
106323,2025-02-13 05:02:00,General,4.51,215
106324,2025-02-13 05:39:00,Billing,2.15,235
106325,2025-02-13 06:33:00,Billing,9.35,218
106326,2025-02-13 06:04:00,Billing,6.75,218
106327,2025-02-13 06:09:00,General,8.5,241
106328,2025-02-13 06:13:00,General,8.51,208
106329,2025-02-13 06:25:00,Technical,30.56,249
106330,2025-02-13 07:04:00,Billing,7.02,205
106331,2025-02-13 07:08:00,Billing,5.89,234
106332,2025-02-13 07:25:00,Billing,12.39,242
106333,2025-02-13 08:01:00,Billing,7.76,232
106334,2025-02-13 08:33:00,Technical,24.17,216
106335,2025-02-13 08:38:00,Billing,4.62,208
106336,2025-02-13 08:08:00,Billing,6.02,229
106337,2025-02-13 08:36:00,General,12.91,219
106338,2025-02-13 08:29:00,Billing,11.4,205
106339,2025-02-13 08:54:00,Technical,20.53,219
106340,2025-02-13 08:36:00,Technical,26.06,222
106341,2025-02-13 08:34:00,Billing,15.25,227
106342,2025-02-13 08:38:00,Technical,18.76,218
106343,2025-02-13 08:03:00,General,11.0,248
106344,2025-02-13 08:20:00,Billing,7.04,235
106345,2025-02-13 08:49:00,Technical,27.18,230
106346,2025-02-13 08:02:00,Technical,23.68,224
106347,2025-02-13 08:44:00,Billing,11.45,248
106348,2025-02-13 08:29:00,Billing,3.02,202
106349,2025-02-13 08:52:00,Billing,6.84,230
106350,2025-02-13 09:14:00,General,2.0,207
106351,2025-02-13 09:40:00,Billing,11.36,230
106352,2025-02-13 09:19:00,Billing,5.77,219
106353,2025-02-13 09:28:00,Technical,30.05,245
106354,2025-02-13 09:29:00,Billing,13.34,225
106355,2025-02-13 09:56:00,Technical,24.09,223
106356,2025-02-13 09:27:00,Billing,4.9,227
106357,2025-02-13 09:36:00,Technical,21.06,206
106358,2025-02-13 09:13:00,General,10.26,240
106359,2025-02-13 09:41:00,General,5.78,238
106360,2025-02-13 09:37:00,General,2.0,217
106361,2025-02-13 09:54:00,Billing,11.36,223
106362,2025-02-13 10:57:00,Billing,8.4,249
106363,2025-02-13 10:47:00,Technical,19.9,210
106364,2025-02-13 10:11:00,Technical,30.52,217
106365,2025-02-13 10:56:00,General,6.62,249
106366,2025-02-13 10:35:00,Technical,25.56,211
106367,2025-02-13 10:37:00,Technical,17.77,226
106368,2025-02-13 10:40:00,Technical,28.08,206
106369,2025-02-13 10:56:00,Technical,28.77,246
106370,2025-02-13 10:50:00,General,6.5,230
106371,2025-02-13 10:42:00,General,9.36,228
106372,2025-02-13 10:25:00,Technical,24.42,230
106373,2025-02-13 10:10:00,Technical,19.14,220
106374,2025-02-13 10:02:00,Technical,26.56,248
106375,2025-02-13 10:04:00,Technical,20.01,213
106376,2025-02-13 10:18:00,Billing,6.21,229
106377,2025-02-13 10:49:00,Billing,6.36,248
106378,2025-02-13 11:04:00,Billing,9.67,201
106379,2025-02-13 11:23:00,Technical,19.89,229
106380,2025-02-13 11:14:00,Billing,5.9,224
106381,2025-02-13 11:19:00,General,6.69,210
106382,2025-02-13 11:23:00,Billing,2.94,239
106383,2025-02-13 11:11:00,Billing,6.63,250
106384,2025-02-13 11:03:00,Billing,6.22,237
106385,2025-02-13 11:53:00,Billing,6.46,226
106386,2025-02-13 11:28:00,Billing,13.11,225
106387,2025-02-13 11:53:00,Billing,7.55,247
106388,2025-02-13 11:51:00,General,4.46,240
106389,2025-02-13 11:24:00,Technical,23.5,207
106390,2025-02-13 11:14:00,General,5.15,221
106391,2025-02-13 11:36:00,Technical,24.03,228
106392,2025-02-13 11:58:00,Billing,6.18,223
106393,2025-02-13 11:40:00,General,6.22,206
106394,2025-02-13 11:34:00,Technical,24.08,227
106395,2025-02-13 12:00:00,Technical,21.44,204
106396,2025-02-13 12:43:00,Billing,5.46,244
106397,2025-02-13 12:46:00,Billing,11.07,201
106398,2025-02-13 12:15:00,Billing,5.47,231
106399,2025-02-13 13:14:00,General,6.17,203
106400,2025-02-13 13:13:00,Technical,25.23,209
106401,2025-02-13 13:58:00,Billing,7.27,238
106402,2025-02-13 13:51:00,Technical,25.22,246
106403,2025-02-13 14:25:00,Billing,4.94,227
106404,2025-02-13 14:34:00,Billing,4.62,250
106405,2025-02-13 14:25:00,General,6.38,203
106406,2025-02-13 15:18:00,General,10.99,233
106407,2025-02-13 15:54:00,Billing,8.55,226
106408,2025-02-13 15:22:00,Billing,8.61,248
106409,2025-02-13 15:22:00,Billing,8.55,247
106410,2025-02-13 15:56:00,General,14.72,243
106411,2025-02-13 16:25:00,Billing,7.6,232
106412,2025-02-13 16:16:00,Technical,16.69,249
106413,2025-02-13 16:29:00,Technical,26.86,245
106414,2025-02-13 16:18:00,Billing,8.9,217
106415,2025-02-13 16:37:00,Technical,28.77,203
106416,2025-02-13 17:10:00,Technical,25.88,205
106417,2025-02-13 17:07:00,General,6.14,227
106418,2025-02-13 17:22:00,General,6.42,205
106419,2025-02-13 17:10:00,Billing,8.77,219
106420,2025-02-13 17:25:00,Billing,4.61,233
106421,2025-02-13 17:20:00,Billing,4.48,246
106422,2025-02-13 17:56:00,Technical,26.55,205
106423,2025-02-13 18:37:00,Technical,26.15,248
106424,2025-02-13 18:34:00,General,4.77,219
106425,2025-02-13 18:07:00,Technical,26.09,247
106426,2025-02-13 19:57:00,Billing,7.24,203
106427,2025-02-13 19:46:00,Billing,3.2,211
106428,2025-02-13 19:30:00,Billing,8.02,243
106429,2025-02-13 20:25:00,Technical,26.62,227
106430,2025-02-13 20:23:00,General,13.23,213
106431,2025-02-13 20:40:00,Technical,28.03,225
106432,2025-02-13 20:11:00,Technical,24.71,205
106433,2025-02-13 21:58:00,General,2.84,217
106434,2025-02-13 21:31:00,Billing,9.65,236
106435,2025-02-13 21:06:00,General,4.7,231
106436,2025-02-13 21:10:00,Technical,25.0,237
106437,2025-02-13 21:52:00,Technical,25.09,224
106438,2025-02-13 21:44:00,Technical,22.18,211
106439,2025-02-13 21:28:00,Billing,4.85,232
106440,2025-02-13 22:21:00,General,4.55,203
106441,2025-02-13 22:44:00,General,12.49,208
106442,2025-02-13 22:55:00,Billing,7.04,212
106443,2025-02-13 22:41:00,General,6.02,240
106444,2025-02-13 22:22:00,Billing,13.69,218
106445,2025-02-13 22:53:00,General,11.5,224
106446,2025-02-13 23:20:00,General,6.78,243
106447,2025-02-13 23:13:00,General,3.83,227
106448,2025-02-13 23:07:00,Technical,25.28,249
106449,2025-02-13 23:43:00,General,3.91,202
106450,2025-02-13 23:08:00,Billing,9.76,227
106451,2025-02-13 23:11:00,Technical,21.82,242
106452,2025-02-14 00:29:00,Technical,24.91,202
106453,2025-02-14 00:46:00,Technical,24.72,232
106454,2025-02-14 00:31:00,General,10.04,227
106455,2025-02-14 00:55:00,Technical,19.9,231
106456,2025-02-14 01:03:00,Billing,3.98,230
106457,2025-02-14 01:28:00,Technical,24.63,228
106458,2025-02-14 02:52:00,General,4.34,210
106459,2025-02-14 02:48:00,Technical,28.29,209
106460,2025-02-14 02:17:00,General,9.4,211
106461,2025-02-14 02:07:00,General,3.8,222
106462,2025-02-14 02:43:00,General,9.84,219
106463,2025-02-14 02:03:00,Billing,6.32,223
106464,2025-02-14 02:25:00,General,10.46,207
106465,2025-02-14 02:52:00,Billing,4.21,233
106466,2025-02-14 02:22:00,Technical,24.57,238
106467,2025-02-14 02:44:00,Billing,9.06,231
106468,2025-02-14 03:26:00,Technical,22.67,222
106469,2025-02-14 03:15:00,General,4.58,224
106470,2025-02-14 03:26:00,General,7.15,209
106471,2025-02-14 03:29:00,Billing,7.97,242
106472,2025-02-14 03:30:00,Billing,8.62,232
106473,2025-02-14 03:10:00,Billing,7.47,210
106474,2025-02-14 03:23:00,Technical,24.95,214
106475,2025-02-14 03:54:00,Billing,8.48,228
106476,2025-02-14 03:54:00,Billing,3.09,218
106477,2025-02-14 03:37:00,General,7.51,242
106478,2025-02-14 04:50:00,Technical,26.88,227
106479,2025-02-14 04:29:00,Billing,6.4,233
106480,2025-02-14 04:53:00,Technical,22.23,231
106481,2025-02-14 04:52:00,General,10.64,219
106482,2025-02-14 04:30:00,General,5.7,210
106483,2025-02-14 05:22:00,Technical,25.13,204
106484,2025-02-14 05:07:00,General,9.43,226
106485,2025-02-14 05:09:00,Billing,10.72,201
106486,2025-02-14 05:48:00,Billing,2.81,225
106487,2025-02-14 06:00:00,Technical,26.01,205
106488,2025-02-14 06:53:00,Technical,18.95,226
106489,2025-02-14 06:40:00,Billing,3.91,202
106490,2025-02-14 07:36:00,General,7.4,241
106491,2025-02-14 07:47:00,Technical,19.46,222
106492,2025-02-14 07:50:00,Technical,24.52,235
106493,2025-02-14 07:52:00,General,6.47,220
106494,2025-02-14 07:51:00,Billing,8.77,217
106495,2025-02-14 07:43:00,Technical,25.55,220
106496,2025-02-14 08:20:00,Technical,22.45,205
106497,2025-02-14 08:20:00,Billing,10.58,209
106498,2025-02-14 08:54:00,Billing,11.73,247
106499,2025-02-14 08:27:00,General,10.14,227
106500,2025-02-14 08:26:00,Billing,12.25,247
106501,2025-02-14 08:20:00,Billing,7.99,228
106502,2025-02-14 08:44:00,Billing,9.45,227
106503,2025-02-14 08:55:00,Billing,8.37,204
106504,2025-02-14 08:12:00,General,10.8,218
106505,2025-02-14 08:22:00,Billing,9.39,250
106506,2025-02-14 08:51:00,Technical,24.16,233
106507,2025-02-14 08:42:00,General,6.94,202
106508,2025-02-14 08:38:00,Technical,28.15,204
106509,2025-02-14 08:41:00,General,6.35,210
106510,2025-02-14 08:09:00,Billing,9.54,201
106511,2025-02-14 08:03:00,Technical,24.54,235
106512,2025-02-14 09:31:00,Billing,7.03,233
106513,2025-02-14 09:35:00,General,2.85,230
106514,2025-02-14 09:14:00,General,7.6,203
106515,2025-02-14 09:18:00,Technical,25.52,204
106516,2025-02-14 09:11:00,Technical,26.98,215
106517,2025-02-14 09:13:00,Billing,6.72,202
106518,2025-02-14 09:32:00,Billing,5.36,248
106519,2025-02-14 09:05:00,Billing,9.84,230
106520,2025-02-14 09:02:00,Billing,6.16,203
106521,2025-02-14 09:48:00,Billing,11.82,250
106522,2025-02-14 09:57:00,General,6.52,205
106523,2025-02-14 09:37:00,Technical,27.07,243
106524,2025-02-14 09:09:00,Billing,8.25,211
106525,2025-02-14 09:22:00,Billing,2.75,208
106526,2025-02-14 09:52:00,Technical,24.49,228
106527,2025-02-14 09:39:00,Technical,19.05,221
106528,2025-02-14 09:50:00,Billing,12.08,228
106529,2025-02-14 09:27:00,Billing,9.21,234
106530,2025-02-14 09:46:00,Technical,28.32,223
106531,2025-02-14 09:12:00,Billing,4.13,250
106532,2025-02-14 10:20:00,Billing,7.54,212
106533,2025-02-14 10:32:00,General,4.69,240
106534,2025-02-14 10:17:00,Billing,10.74,244
106535,2025-02-14 10:01:00,Billing,10.87,229
106536,2025-02-14 10:56:00,Billing,6.76,208
106537,2025-02-14 10:47:00,General,5.29,214
106538,2025-02-14 10:55:00,Billing,6.86,216
106539,2025-02-14 10:17:00,Billing,7.78,247
106540,2025-02-14 10:38:00,General,13.46,229
106541,2025-02-14 10:49:00,Billing,5.78,219
106542,2025-02-14 10:25:00,General,7.78,243
106543,2025-02-14 10:22:00,General,8.87,221
106544,2025-02-14 10:32:00,General,7.11,227
106545,2025-02-14 10:15:00,General,5.78,205
106546,2025-02-14 10:24:00,Technical,24.26,242
106547,2025-02-14 11:24:00,Billing,7.38,241
106548,2025-02-14 11:51:00,Billing,4.06,248
106549,2025-02-14 11:21:00,Technical,30.64,248
106550,2025-02-14 11:13:00,Billing,9.24,220
106551,2025-02-14 11:26:00,Billing,7.52,217
106552,2025-02-14 11:39:00,Billing,5.78,239
106553,2025-02-14 11:18:00,Billing,6.19,212
106554,2025-02-14 11:22:00,Technical,29.18,206
106555,2025-02-14 11:21:00,Technical,26.27,237
106556,2025-02-14 11:33:00,Billing,4.19,209
106557,2025-02-14 11:56:00,General,7.9,242
106558,2025-02-14 11:50:00,Billing,6.63,236
106559,2025-02-14 11:45:00,Technical,26.03,215
106560,2025-02-14 11:57:00,Technical,25.33,245
106561,2025-02-14 11:49:00,Technical,26.41,222
106562,2025-02-14 12:32:00,General,6.47,203
106563,2025-02-14 12:08:00,Technical,24.25,246
106564,2025-02-14 12:12:00,Billing,7.58,222
106565,2025-02-14 13:54:00,Billing,5.28,203
106566,2025-02-14 13:32:00,General,9.62,212
106567,2025-02-14 13:52:00,Technical,23.89,210
106568,2025-02-14 13:03:00,Technical,19.41,240
106569,2025-02-14 14:39:00,Billing,8.68,222
106570,2025-02-14 14:54:00,General,6.47,226
106571,2025-02-14 14:10:00,Billing,5.89,240
106572,2025-02-14 14:12:00,General,8.04,239
106573,2025-02-14 14:44:00,Billing,2.69,210
106574,2025-02-14 15:35:00,Technical,29.81,223
106575,2025-02-14 15:41:00,Billing,13.36,231
106576,2025-02-14 15:50:00,Technical,21.48,229
106577,2025-02-14 15:23:00,General,10.44,233
106578,2025-02-14 15:01:00,Billing,2.0,208
106579,2025-02-14 16:41:00,Billing,4.4,235
106580,2025-02-14 16:32:00,Billing,9.2,224
106581,2025-02-14 17:12:00,Billing,6.97,236
106582,2025-02-14 17:42:00,Billing,4.33,224
106583,2025-02-14 17:39:00,Technical,21.61,230
106584,2025-02-14 17:44:00,Technical,22.88,224
106585,2025-02-14 17:04:00,General,8.25,232
106586,2025-02-14 18:53:00,Technical,23.66,245
106587,2025-02-14 18:34:00,General,5.87,246
106588,2025-02-14 18:45:00,Technical,26.47,215
106589,2025-02-14 18:32:00,General,3.17,215
106590,2025-02-14 18:46:00,Billing,6.69,214
106591,2025-02-14 18:27:00,Billing,4.05,224
106592,2025-02-14 19:35:00,Technical,24.87,244
106593,2025-02-14 19:53:00,Billing,12.16,203
106594,2025-02-14 19:22:00,Billing,7.32,222
106595,2025-02-14 19:21:00,Billing,5.42,244
106596,2025-02-14 19:03:00,Billing,8.68,237
106597,2025-02-14 19:04:00,General,7.37,202
106598,2025-02-14 19:25:00,Technical,24.05,210
106599,2025-02-14 19:45:00,Billing,7.13,236
106600,2025-02-14 20:23:00,General,6.3,206
106601,2025-02-14 20:14:00,General,9.91,230
106602,2025-02-14 20:34:00,Technical,24.12,228
106603,2025-02-14 20:06:00,Billing,2.81,247
106604,2025-02-14 21:52:00,Technical,25.52,217
106605,2025-02-14 21:55:00,General,8.57,220
106606,2025-02-14 21:56:00,Technical,27.22,205
106607,2025-02-14 21:58:00,General,4.17,204
106608,2025-02-14 21:40:00,Technical,27.78,238
106609,2025-02-14 21:30:00,General,6.79,213
106610,2025-02-14 21:10:00,Billing,12.12,216
106611,2025-02-14 22:09:00,General,8.58,216
106612,2025-02-14 22:14:00,Billing,7.88,206
106613,2025-02-14 23:48:00,Technical,28.0,210
106614,2025-02-14 23:44:00,Billing,9.5,209
106615,2025-02-14 23:39:00,General,10.02,246
106616,2025-02-14 23:47:00,Technical,29.1,234
106617,2025-02-14 23:10:00,Technical,22.87,245
106618,2025-02-14 23:08:00,Billing,5.77,239
106619,2025-02-15 00:19:00,General,3.89,219
106620,2025-02-15 00:14:00,Billing,10.67,239
106621,2025-02-15 01:48:00,General,8.85,231
106622,2025-02-15 01:28:00,Technical,22.67,234
106623,2025-02-15 01:20:00,Technical,28.1,230
106624,2025-02-15 01:13:00,Billing,2.0,225
106625,2025-02-15 02:08:00,Technical,27.54,204
106626,2025-02-15 02:50:00,Technical,30.42,222
106627,2025-02-15 02:18:00,Billing,9.97,224
106628,2025-02-15 02:26:00,General,6.39,244
106629,2025-02-15 03:53:00,Technical,27.26,243
106630,2025-02-15 03:26:00,General,11.67,228
106631,2025-02-15 03:33:00,Technical,23.24,202
106632,2025-02-15 03:45:00,General,2.85,227
106633,2025-02-15 04:42:00,Billing,6.29,219
106634,2025-02-15 04:01:00,Technical,25.48,234
106635,2025-02-15 04:58:00,Technical,22.7,231
106636,2025-02-15 04:35:00,Technical,19.97,240
106637,2025-02-15 05:39:00,Billing,8.88,242
106638,2025-02-15 05:21:00,Billing,9.67,241
106639,2025-02-15 05:15:00,Technical,21.28,230
106640,2025-02-15 05:41:00,Technical,23.15,250
106641,2025-02-15 06:50:00,Billing,9.93,247
106642,2025-02-15 06:56:00,Technical,24.14,249
106643,2025-02-15 07:47:00,Billing,6.44,221
106644,2025-02-15 07:17:00,Technical,26.79,211
106645,2025-02-15 07:24:00,Billing,4.23,230
106646,2025-02-15 07:53:00,Billing,4.96,246
106647,2025-02-15 07:25:00,General,13.83,213
106648,2025-02-15 08:58:00,General,9.19,229
106649,2025-02-15 08:01:00,Technical,25.72,232
106650,2025-02-15 08:12:00,General,9.06,220
106651,2025-02-15 08:37:00,Billing,9.01,229
106652,2025-02-15 08:20:00,Technical,27.24,212
106653,2025-02-15 08:19:00,Technical,24.36,207
106654,2025-02-15 09:47:00,Billing,10.69,241
106655,2025-02-15 09:52:00,General,6.19,215
106656,2025-02-15 09:31:00,General,8.44,206
106657,2025-02-15 09:26:00,Technical,24.07,247
106658,2025-02-15 09:00:00,Billing,15.24,232
106659,2025-02-15 09:47:00,General,11.23,242
106660,2025-02-15 09:43:00,General,7.54,243
106661,2025-02-15 09:04:00,General,7.71,204
106662,2025-02-15 09:48:00,Billing,9.54,215
106663,2025-02-15 10:06:00,General,2.22,212
106664,2025-02-15 10:03:00,Billing,8.51,250
106665,2025-02-15 10:58:00,Technical,24.0,245
106666,2025-02-15 10:06:00,Technical,26.58,248
106667,2025-02-15 10:36:00,General,13.77,207
106668,2025-02-15 10:58:00,General,9.75,249
106669,2025-02-15 10:17:00,Billing,9.17,247
106670,2025-02-15 10:16:00,General,2.0,244
106671,2025-02-15 10:23:00,Billing,6.59,207
106672,2025-02-15 10:15:00,Billing,2.81,243
106673,2025-02-15 10:24:00,Billing,7.13,202
106674,2025-02-15 10:27:00,Technical,27.94,209
106675,2025-02-15 10:16:00,Technical,31.63,240
106676,2025-02-15 10:33:00,Billing,7.72,246
106677,2025-02-15 10:58:00,Billing,9.51,215
106678,2025-02-15 10:45:00,Billing,9.38,220
106679,2025-02-15 11:46:00,Billing,13.15,241
106680,2025-02-15 11:49:00,General,12.83,227
106681,2025-02-15 11:01:00,General,10.44,205
106682,2025-02-15 11:15:00,Billing,7.17,201
106683,2025-02-15 11:18:00,Billing,12.27,209
106684,2025-02-15 11:14:00,General,10.93,244
106685,2025-02-15 11:05:00,General,14.16,238
106686,2025-02-15 11:50:00,Technical,26.6,230
106687,2025-02-15 11:29:00,Technical,26.14,231
106688,2025-02-15 12:28:00,Billing,2.66,213
106689,2025-02-15 13:54:00,Billing,10.39,210
106690,2025-02-15 13:05:00,Billing,11.61,204
106691,2025-02-15 13:54:00,Technical,25.04,224
106692,2025-02-15 14:10:00,General,6.51,206
106693,2025-02-15 14:16:00,Billing,8.45,222
106694,2025-02-15 15:30:00,Technical,26.07,224
106695,2025-02-15 15:00:00,General,9.52,225
106696,2025-02-15 15:28:00,Billing,7.61,213
106697,2025-02-15 16:43:00,Technical,22.74,225
106698,2025-02-15 16:27:00,Billing,12.97,225
106699,2025-02-15 16:11:00,General,7.0,208
106700,2025-02-15 17:13:00,Technical,26.32,233
106701,2025-02-15 17:17:00,General,8.09,229
106702,2025-02-15 17:48:00,Billing,4.47,213
106703,2025-02-15 17:25:00,Billing,5.94,234
106704,2025-02-15 17:21:00,General,11.28,246
106705,2025-02-15 18:07:00,Technical,19.3,205
106706,2025-02-15 18:57:00,Technical,23.07,216
106707,2025-02-15 19:30:00,General,15.05,236
106708,2025-02-15 19:37:00,Technical,26.31,203
106709,2025-02-15 20:10:00,General,6.94,205
106710,2025-02-15 20:22:00,Technical,22.08,244
106711,2025-02-15 20:06:00,Technical,22.96,214
106712,2025-02-15 20:42:00,General,6.34,226
106713,2025-02-15 21:42:00,Technical,26.82,203
106714,2025-02-15 21:47:00,General,9.72,229
106715,2025-02-15 21:11:00,Technical,27.44,246
106716,2025-02-15 21:18:00,General,6.95,243
106717,2025-02-15 22:36:00,Billing,7.77,210
106718,2025-02-15 23:55:00,General,5.01,224
106719,2025-02-15 23:21:00,Billing,11.49,229
106720,2025-02-16 00:37:00,Billing,9.31,227
106721,2025-02-16 00:47:00,Billing,10.82,221
106722,2025-02-16 01:19:00,General,14.6,211
106723,2025-02-16 01:38:00,Billing,9.03,214
106724,2025-02-16 01:25:00,Billing,3.56,214
106725,2025-02-16 01:46:00,Billing,3.58,225
106726,2025-02-16 01:19:00,General,7.04,216
106727,2025-02-16 01:51:00,Billing,7.13,218
106728,2025-02-16 01:53:00,Billing,6.02,204
106729,2025-02-16 02:07:00,Billing,11.22,205
106730,2025-02-16 02:52:00,General,5.61,227
106731,2025-02-16 02:26:00,Billing,4.01,220
106732,2025-02-16 02:58:00,Billing,6.21,238
106733,2025-02-16 03:55:00,Billing,7.77,219
106734,2025-02-16 03:24:00,Billing,6.32,203
106735,2025-02-16 03:08:00,Billing,4.87,228
106736,2025-02-16 03:02:00,General,6.09,219
106737,2025-02-16 03:28:00,Technical,24.19,202
106738,2025-02-16 04:41:00,Billing,6.53,216
106739,2025-02-16 04:08:00,Technical,29.71,206
106740,2025-02-16 04:18:00,Billing,10.44,236
106741,2025-02-16 05:42:00,Billing,9.32,220
106742,2025-02-16 05:13:00,Technical,31.93,225
106743,2025-02-16 05:27:00,Billing,5.7,214
106744,2025-02-16 06:14:00,Technical,22.35,220
106745,2025-02-16 07:56:00,Billing,10.8,246
106746,2025-02-16 07:37:00,Technical,27.28,226
106747,2025-02-16 08:24:00,General,7.29,225
106748,2025-02-16 08:51:00,Billing,7.81,232
106749,2025-02-16 08:35:00,Technical,19.29,229
106750,2025-02-16 08:52:00,Technical,26.01,250
106751,2025-02-16 08:53:00,Technical,23.57,226
106752,2025-02-16 08:32:00,Technical,22.26,235
106753,2025-02-16 09:19:00,Technical,22.26,247
106754,2025-02-16 09:15:00,General,8.15,227
106755,2025-02-16 09:43:00,Billing,7.55,250
106756,2025-02-16 09:10:00,General,2.0,250
106757,2025-02-16 09:26:00,Technical,26.0,244
106758,2025-02-16 09:20:00,General,8.98,233
106759,2025-02-16 09:50:00,General,7.26,204
106760,2025-02-16 10:50:00,Technical,28.67,224
106761,2025-02-16 10:51:00,General,10.18,225
106762,2025-02-16 10:19:00,General,6.8,211
106763,2025-02-16 10:53:00,Billing,12.8,211
106764,2025-02-16 10:30:00,Technical,22.8,236
106765,2025-02-16 10:43:00,General,2.07,204
106766,2025-02-16 11:09:00,Billing,11.13,210
106767,2025-02-16 11:15:00,Technical,30.0,226
106768,2025-02-16 11:04:00,Technical,21.97,210
106769,2025-02-16 11:10:00,Billing,9.66,238
106770,2025-02-16 12:52:00,Billing,8.92,203
106771,2025-02-16 12:20:00,Technical,24.1,245
106772,2025-02-16 12:49:00,Technical,24.95,208
106773,2025-02-16 12:51:00,Billing,11.15,202
106774,2025-02-16 13:32:00,General,7.2,225
106775,2025-02-16 13:55:00,General,17.0,208
106776,2025-02-16 13:29:00,Billing,4.67,211
106777,2025-02-16 14:27:00,General,4.56,222
106778,2025-02-16 14:34:00,Technical,24.83,229
106779,2025-02-16 15:17:00,Billing,10.65,216
106780,2025-02-16 15:56:00,Technical,28.21,234
106781,2025-02-16 15:22:00,Billing,9.25,243
106782,2025-02-16 15:28:00,General,4.8,208
106783,2025-02-16 16:25:00,Technical,26.28,212
106784,2025-02-16 16:12:00,Billing,11.09,223
106785,2025-02-16 16:38:00,Billing,10.08,250
106786,2025-02-16 16:01:00,Technical,20.98,239
106787,2025-02-16 17:38:00,General,9.91,211
106788,2025-02-16 17:43:00,General,7.88,244
106789,2025-02-16 17:00:00,Billing,7.19,207
106790,2025-02-16 18:57:00,Billing,5.87,210
106791,2025-02-16 18:49:00,Billing,9.01,233
106792,2025-02-16 18:33:00,Billing,9.15,204
106793,2025-02-16 18:57:00,Billing,4.98,222
106794,2025-02-16 19:52:00,Billing,12.03,227
106795,2025-02-16 20:22:00,Billing,7.93,215
106796,2025-02-16 20:26:00,Technical,26.39,233
106797,2025-02-16 20:55:00,Technical,26.1,215
106798,2025-02-16 21:09:00,Technical,22.14,239
106799,2025-02-16 21:25:00,Billing,4.21,237
106800,2025-02-16 21:50:00,Billing,13.03,249
106801,2025-02-16 22:35:00,Billing,7.61,213
106802,2025-02-16 23:04:00,Billing,7.74,201
106803,2025-02-16 23:04:00,Technical,27.04,229
106804,2025-02-16 23:23:00,General,7.31,227
106805,2025-02-16 23:37:00,General,6.47,213
106806,2025-02-17 00:18:00,General,10.11,240
106807,2025-02-17 00:46:00,Billing,11.49,249
106808,2025-02-17 00:54:00,Billing,7.92,205
106809,2025-02-17 00:46:00,General,12.11,235
106810,2025-02-17 00:33:00,Technical,22.88,227
106811,2025-02-17 00:03:00,Technical,27.58,207
106812,2025-02-17 01:44:00,General,3.72,203
106813,2025-02-17 01:40:00,General,3.89,231
106814,2025-02-17 01:31:00,Technical,31.22,233
106815,2025-02-17 01:06:00,Technical,23.89,205
106816,2025-02-17 01:26:00,Billing,8.38,229
106817,2025-02-17 01:51:00,Billing,7.89,247
106818,2025-02-17 01:48:00,Technical,25.4,215
106819,2025-02-17 02:46:00,Technical,27.28,233
106820,2025-02-17 02:31:00,Billing,5.1,203
106821,2025-02-17 02:09:00,Billing,17.98,225
106822,2025-02-17 02:20:00,General,7.23,206
106823,2025-02-17 03:42:00,Billing,11.19,209
106824,2025-02-17 03:06:00,Billing,2.0,221
106825,2025-02-17 03:44:00,Billing,10.98,248
106826,2025-02-17 03:55:00,Billing,12.01,222
106827,2025-02-17 03:33:00,General,6.95,245
106828,2025-02-17 03:30:00,Technical,26.67,213
106829,2025-02-17 03:58:00,General,12.02,247
106830,2025-02-17 04:15:00,Billing,12.57,248
106831,2025-02-17 04:27:00,General,6.27,217
106832,2025-02-17 04:06:00,General,15.76,246
106833,2025-02-17 04:48:00,General,5.01,226
106834,2025-02-17 05:31:00,Billing,9.53,240
106835,2025-02-17 05:23:00,Billing,8.07,241
106836,2025-02-17 05:42:00,Billing,13.11,205
106837,2025-02-17 05:24:00,General,4.89,230
106838,2025-02-17 05:39:00,Technical,23.36,243
106839,2025-02-17 05:37:00,Technical,23.71,215
106840,2025-02-17 05:28:00,Technical,25.36,215
106841,2025-02-17 05:41:00,Technical,24.4,229
106842,2025-02-17 06:08:00,Technical,20.98,205
106843,2025-02-17 06:26:00,Technical,30.04,230
106844,2025-02-17 06:36:00,Billing,7.11,230
106845,2025-02-17 06:19:00,Technical,26.91,249
106846,2025-02-17 06:04:00,Technical,26.34,212
106847,2025-02-17 06:41:00,Billing,15.43,201
106848,2025-02-17 06:19:00,General,9.71,234
106849,2025-02-17 06:54:00,Billing,9.85,224
106850,2025-02-17 06:15:00,Technical,23.84,216
106851,2025-02-17 07:02:00,Technical,29.72,202
106852,2025-02-17 07:06:00,General,7.31,206
106853,2025-02-17 07:07:00,General,10.48,224
106854,2025-02-17 07:43:00,General,12.23,247
106855,2025-02-17 07:55:00,General,9.37,213
106856,2025-02-17 07:05:00,Billing,13.88,225
106857,2025-02-17 08:26:00,Technical,23.52,230
106858,2025-02-17 08:26:00,General,7.41,202
106859,2025-02-17 08:20:00,Technical,23.01,201
106860,2025-02-17 08:23:00,Billing,8.57,218
106861,2025-02-17 08:46:00,Technical,29.78,218
106862,2025-02-17 08:47:00,Billing,6.02,209
106863,2025-02-17 08:43:00,Technical,25.03,246
106864,2025-02-17 08:39:00,Technical,26.5,211
106865,2025-02-17 08:47:00,Billing,5.51,243
106866,2025-02-17 08:10:00,Billing,12.13,225
106867,2025-02-17 08:19:00,General,8.75,242
106868,2025-02-17 08:48:00,General,10.43,203
106869,2025-02-17 08:34:00,General,2.0,249
106870,2025-02-17 08:44:00,General,5.68,250
106871,2025-02-17 08:25:00,Billing,6.84,243
106872,2025-02-17 08:33:00,Billing,7.75,244
106873,2025-02-17 08:06:00,General,8.6,207
106874,2025-02-17 08:22:00,Billing,5.17,229
106875,2025-02-17 08:14:00,Billing,5.58,228
106876,2025-02-17 08:20:00,General,5.38,249
106877,2025-02-17 09:13:00,Technical,30.44,220
106878,2025-02-17 09:40:00,Billing,5.9,222
106879,2025-02-17 09:05:00,Billing,5.0,244
106880,2025-02-17 09:54:00,Technical,24.09,227
106881,2025-02-17 09:16:00,Technical,24.5,239
106882,2025-02-17 09:07:00,Billing,5.71,241
106883,2025-02-17 09:34:00,Billing,3.91,218
106884,2025-02-17 09:37:00,Billing,7.41,225
106885,2025-02-17 09:04:00,General,6.52,214
106886,2025-02-17 09:53:00,Billing,5.83,248
106887,2025-02-17 09:28:00,General,5.78,238
106888,2025-02-17 09:22:00,General,5.08,236
106889,2025-02-17 09:38:00,General,10.42,229
106890,2025-02-17 09:32:00,Billing,4.44,230
106891,2025-02-17 10:31:00,General,2.93,249
106892,2025-02-17 10:25:00,Technical,25.01,222
106893,2025-02-17 10:56:00,General,11.84,213
106894,2025-02-17 10:20:00,General,6.2,234
106895,2025-02-17 10:05:00,Technical,21.22,235
106896,2025-02-17 10:13:00,Technical,24.98,210
106897,2025-02-17 10:14:00,Technical,22.55,240
106898,2025-02-17 10:18:00,Billing,5.6,215
106899,2025-02-17 10:21:00,Technical,25.6,207
106900,2025-02-17 10:24:00,Technical,25.39,247
106901,2025-02-17 10:48:00,Technical,25.47,227
106902,2025-02-17 10:22:00,Technical,25.45,246
106903,2025-02-17 10:39:00,Billing,13.11,219
106904,2025-02-17 11:20:00,General,10.02,240
106905,2025-02-17 11:13:00,General,7.71,208
106906,2025-02-17 11:27:00,Technical,22.26,230
106907,2025-02-17 11:38:00,Billing,2.0,209
106908,2025-02-17 11:05:00,General,11.41,217
106909,2025-02-17 11:46:00,General,8.77,210
106910,2025-02-17 11:23:00,Billing,9.12,242
106911,2025-02-17 11:10:00,Billing,8.6,203
106912,2025-02-17 11:21:00,General,10.67,211
106913,2025-02-17 11:28:00,Technical,28.32,208
106914,2025-02-17 11:44:00,Billing,8.08,233
106915,2025-02-17 12:43:00,Billing,7.39,220
106916,2025-02-17 12:56:00,General,4.3,247
106917,2025-02-17 12:46:00,Technical,20.28,248
106918,2025-02-17 13:53:00,General,9.85,205
106919,2025-02-17 13:43:00,Billing,7.76,207
106920,2025-02-17 13:18:00,General,7.83,213
106921,2025-02-17 13:32:00,Billing,7.19,206
106922,2025-02-17 13:44:00,Technical,25.53,209
106923,2025-02-17 13:58:00,Billing,4.18,218
106924,2025-02-17 13:37:00,Technical,27.95,218
106925,2025-02-17 13:38:00,Billing,11.42,210
106926,2025-02-17 13:08:00,Billing,8.89,225
106927,2025-02-17 14:50:00,Billing,5.82,207
106928,2025-02-17 14:01:00,General,8.36,243
106929,2025-02-17 14:09:00,General,7.88,204
106930,2025-02-17 14:41:00,General,9.87,224
106931,2025-02-17 14:03:00,General,10.09,235
106932,2025-02-17 14:58:00,General,10.33,201
106933,2025-02-17 14:10:00,General,11.37,226
106934,2025-02-17 14:54:00,General,11.98,207
106935,2025-02-17 15:11:00,General,9.04,204
106936,2025-02-17 15:15:00,Billing,10.46,215
106937,2025-02-17 16:36:00,Technical,20.84,238
106938,2025-02-17 16:14:00,Technical,24.81,234
106939,2025-02-17 16:29:00,General,14.55,210
106940,2025-02-17 16:08:00,General,13.31,240
106941,2025-02-17 17:34:00,Billing,9.16,205
106942,2025-02-17 17:53:00,Technical,23.96,216
106943,2025-02-17 17:29:00,Billing,15.12,246
106944,2025-02-17 17:48:00,Billing,13.0,249
106945,2025-02-17 17:18:00,Technical,28.43,218
106946,2025-02-17 18:34:00,Billing,7.67,244
106947,2025-02-17 18:32:00,Technical,29.3,236
106948,2025-02-17 18:31:00,Billing,9.58,218
106949,2025-02-17 18:47:00,General,7.27,215
106950,2025-02-17 18:08:00,General,11.35,205
106951,2025-02-17 18:40:00,Technical,24.96,241
106952,2025-02-17 18:25:00,General,9.15,232
106953,2025-02-17 19:53:00,General,9.41,250
106954,2025-02-17 19:52:00,Technical,22.76,210
106955,2025-02-17 19:50:00,General,5.82,218
106956,2025-02-17 19:05:00,Billing,9.53,235
106957,2025-02-17 20:21:00,Billing,8.24,231
106958,2025-02-17 20:36:00,Technical,22.27,225
106959,2025-02-17 20:58:00,Billing,7.75,204
106960,2025-02-17 20:14:00,Technical,23.14,207
106961,2025-02-17 20:03:00,General,7.57,234
106962,2025-02-17 20:48:00,Billing,9.49,238
106963,2025-02-17 20:52:00,General,4.51,213
106964,2025-02-17 20:29:00,General,11.39,247
106965,2025-02-17 21:30:00,Technical,23.29,217
106966,2025-02-17 21:34:00,Billing,4.16,220
106967,2025-02-17 22:07:00,Billing,7.86,220
106968,2025-02-17 22:32:00,Technical,24.24,211
106969,2025-02-17 22:10:00,Billing,8.19,204
106970,2025-02-17 22:17:00,Technical,21.16,217
106971,2025-02-17 23:01:00,Technical,26.84,239
106972,2025-02-17 23:49:00,Billing,4.36,239
106973,2025-02-17 23:26:00,Billing,10.7,244
106974,2025-02-18 00:05:00,Technical,20.52,240
106975,2025-02-18 00:18:00,Billing,9.08,216
106976,2025-02-18 00:58:00,General,8.56,249
106977,2025-02-18 00:20:00,General,7.65,228
106978,2025-02-18 00:09:00,Billing,7.32,234
106979,2025-02-18 00:35:00,Technical,24.69,211
106980,2025-02-18 00:50:00,Billing,7.59,226
106981,2025-02-18 01:56:00,Technical,25.79,222
106982,2025-02-18 01:22:00,Technical,20.22,216
106983,2025-02-18 02:27:00,General,7.22,204
106984,2025-02-18 02:25:00,Billing,12.25,211
106985,2025-02-18 02:47:00,Technical,22.7,248
106986,2025-02-18 02:10:00,Billing,5.55,222
106987,2025-02-18 02:36:00,General,8.54,250
106988,2025-02-18 03:57:00,General,8.54,222
106989,2025-02-18 03:29:00,Billing,6.05,246
106990,2025-02-18 03:25:00,General,6.49,224
106991,2025-02-18 03:43:00,Billing,3.37,243
106992,2025-02-18 03:24:00,General,6.01,230
106993,2025-02-18 03:29:00,Billing,11.03,207
106994,2025-02-18 04:48:00,General,10.1,221
106995,2025-02-18 04:51:00,Technical,23.09,219
106996,2025-02-18 04:37:00,Billing,7.17,213
106997,2025-02-18 05:09:00,Billing,2.0,228
106998,2025-02-18 05:37:00,Technical,24.0,247
106999,2025-02-18 05:40:00,Billing,5.68,227
107000,2025-02-18 05:35:00,Billing,5.48,245
107001,2025-02-18 05:11:00,General,7.21,245
107002,2025-02-18 06:13:00,Billing,3.91,217
107003,2025-02-18 06:17:00,General,5.19,235
107004,2025-02-18 06:36:00,General,10.13,240
107005,2025-02-18 06:56:00,General,8.9,235
107006,2025-02-18 06:22:00,Technical,27.2,209
107007,2025-02-18 06:46:00,General,14.33,218
107008,2025-02-18 06:17:00,Billing,4.15,233
107009,2025-02-18 06:12:00,Technical,23.14,249
107010,2025-02-18 06:00:00,Billing,9.96,204
107011,2025-02-18 07:14:00,Billing,5.83,243
107012,2025-02-18 07:10:00,Technical,24.0,216
107013,2025-02-18 07:40:00,General,8.46,211
107014,2025-02-18 07:41:00,Billing,10.03,205
107015,2025-02-18 07:36:00,Billing,5.96,212
107016,2025-02-18 07:26:00,General,5.19,250
107017,2025-02-18 07:02:00,General,13.09,227
107018,2025-02-18 08:01:00,Billing,7.46,247
107019,2025-02-18 08:06:00,Technical,23.25,219
107020,2025-02-18 08:14:00,Technical,24.28,221
107021,2025-02-18 08:39:00,General,7.31,218
107022,2025-02-18 08:08:00,Billing,7.29,243
107023,2025-02-18 08:38:00,Technical,22.53,229
107024,2025-02-18 08:25:00,Billing,7.76,206
107025,2025-02-18 08:05:00,Technical,21.7,228
107026,2025-02-18 08:15:00,General,5.37,223
107027,2025-02-18 08:28:00,General,15.16,241
107028,2025-02-18 08:23:00,Billing,12.5,206
107029,2025-02-18 08:57:00,Billing,7.15,214
107030,2025-02-18 08:19:00,General,7.0,248
107031,2025-02-18 08:27:00,General,3.43,213
107032,2025-02-18 08:35:00,General,10.89,220
107033,2025-02-18 08:58:00,Billing,3.54,207
107034,2025-02-18 08:34:00,Billing,8.07,241
107035,2025-02-18 08:28:00,Technical,23.05,209
107036,2025-02-18 09:54:00,Billing,13.5,204
107037,2025-02-18 09:46:00,Technical,24.01,231
107038,2025-02-18 09:25:00,Billing,12.21,223
107039,2025-02-18 09:18:00,General,3.33,229
107040,2025-02-18 09:09:00,Billing,9.67,214
107041,2025-02-18 09:03:00,Technical,25.0,215
107042,2025-02-18 09:12:00,General,10.6,202
107043,2025-02-18 09:40:00,General,8.98,232
107044,2025-02-18 09:39:00,Technical,21.17,244
107045,2025-02-18 09:47:00,General,5.18,238
107046,2025-02-18 10:16:00,Billing,6.4,224
107047,2025-02-18 10:57:00,Technical,24.88,250
107048,2025-02-18 10:41:00,Technical,26.21,204
107049,2025-02-18 10:53:00,Billing,4.08,248
107050,2025-02-18 10:07:00,General,10.39,218
107051,2025-02-18 10:47:00,Billing,10.89,207
107052,2025-02-18 10:13:00,Billing,5.98,217
107053,2025-02-18 10:45:00,Technical,29.89,227
107054,2025-02-18 10:43:00,General,7.41,208
107055,2025-02-18 10:41:00,Technical,27.74,212
107056,2025-02-18 10:33:00,General,8.15,236
107057,2025-02-18 10:22:00,Technical,23.52,235
107058,2025-02-18 10:43:00,General,7.11,204
107059,2025-02-18 10:05:00,General,7.63,203
107060,2025-02-18 11:01:00,Technical,26.44,238
107061,2025-02-18 11:38:00,General,10.91,239
107062,2025-02-18 11:10:00,Technical,21.35,203
107063,2025-02-18 11:00:00,Billing,7.55,223
107064,2025-02-18 11:57:00,Billing,9.06,217
107065,2025-02-18 11:19:00,General,4.13,209
107066,2025-02-18 11:17:00,Technical,32.45,244
107067,2025-02-18 11:07:00,General,8.86,229
107068,2025-02-18 11:46:00,General,5.42,208
107069,2025-02-18 11:54:00,Technical,25.91,240
107070,2025-02-18 11:29:00,General,12.84,210
107071,2025-02-18 11:38:00,Billing,11.59,214
107072,2025-02-18 11:47:00,Billing,2.26,242
107073,2025-02-18 12:29:00,Technical,29.1,238
107074,2025-02-18 12:47:00,General,9.5,243
107075,2025-02-18 12:16:00,Billing,10.77,206
107076,2025-02-18 13:43:00,Billing,9.8,206
107077,2025-02-18 13:57:00,Technical,20.72,247
107078,2025-02-18 13:10:00,Billing,7.72,234
107079,2025-02-18 13:13:00,General,9.54,218
107080,2025-02-18 14:51:00,Billing,8.25,232
107081,2025-02-18 14:29:00,Billing,4.31,226
107082,2025-02-18 14:17:00,Billing,8.57,239
107083,2025-02-18 15:44:00,Technical,23.3,225
107084,2025-02-18 15:05:00,Billing,4.33,208
107085,2025-02-18 15:42:00,General,9.58,232
107086,2025-02-18 15:19:00,Technical,25.51,234
107087,2025-02-18 15:16:00,Technical,29.45,244
107088,2025-02-18 15:19:00,Technical,23.45,246
107089,2025-02-18 15:01:00,Billing,6.02,228
107090,2025-02-18 16:23:00,General,9.19,218
107091,2025-02-18 16:07:00,General,2.49,243
107092,2025-02-18 16:12:00,Billing,4.55,222
107093,2025-02-18 16:08:00,Billing,11.07,227
107094,2025-02-18 16:36:00,Technical,25.88,203
107095,2025-02-18 16:15:00,Billing,16.37,211
107096,2025-02-18 16:07:00,Billing,9.84,239
107097,2025-02-18 16:01:00,Technical,25.58,227
107098,2025-02-18 17:30:00,Technical,20.64,221
107099,2025-02-18 17:21:00,Billing,4.76,201
107100,2025-02-18 17:42:00,Billing,9.66,233
107101,2025-02-18 17:00:00,Billing,5.96,203
107102,2025-02-18 17:41:00,Billing,9.66,246
107103,2025-02-18 18:50:00,General,7.15,241
107104,2025-02-18 18:11:00,General,7.64,244
107105,2025-02-18 18:01:00,Billing,4.04,225
107106,2025-02-18 18:56:00,General,5.31,219
107107,2025-02-18 18:54:00,General,8.09,249
107108,2025-02-18 19:17:00,Technical,17.71,237
107109,2025-02-18 19:25:00,Billing,7.52,216
107110,2025-02-18 19:11:00,General,9.06,227
107111,2025-02-18 19:34:00,General,8.36,221
107112,2025-02-18 19:33:00,Billing,4.75,233
107113,2025-02-18 19:07:00,Billing,10.59,208
107114,2025-02-18 20:56:00,Technical,27.01,246
107115,2025-02-18 20:39:00,Technical,25.5,236
107116,2025-02-18 20:07:00,Technical,24.32,239
107117,2025-02-18 21:34:00,Billing,3.33,241
107118,2025-02-18 21:47:00,Billing,13.58,235
107119,2025-02-18 22:44:00,Billing,6.53,229
107120,2025-02-18 22:09:00,Billing,5.72,204
107121,2025-02-19 00:46:00,Technical,28.22,247
107122,2025-02-19 00:30:00,General,5.25,212
107123,2025-02-19 00:03:00,General,5.95,206
107124,2025-02-19 01:57:00,Technical,22.98,241
107125,2025-02-19 01:10:00,Technical,29.8,224
107126,2025-02-19 01:33:00,General,8.11,220
107127,2025-02-19 01:56:00,General,8.15,234
107128,2025-02-19 01:35:00,General,9.28,225
107129,2025-02-19 02:46:00,General,5.24,205
107130,2025-02-19 02:56:00,General,12.67,231
107131,2025-02-19 02:01:00,Technical,25.46,233
107132,2025-02-19 02:31:00,Technical,27.8,209
107133,2025-02-19 02:20:00,Technical,26.94,230
107134,2025-02-19 03:35:00,Billing,7.11,221
107135,2025-02-19 03:58:00,General,9.67,223
107136,2025-02-19 04:19:00,Billing,8.0,208
107137,2025-02-19 04:35:00,Technical,23.36,205
107138,2025-02-19 04:24:00,Technical,25.53,203
107139,2025-02-19 04:27:00,Technical,26.85,226
107140,2025-02-19 04:14:00,General,5.51,201
107141,2025-02-19 05:43:00,Billing,6.06,210
107142,2025-02-19 05:43:00,Technical,22.54,204
107143,2025-02-19 05:30:00,Billing,12.07,248
107144,2025-02-19 05:07:00,General,7.25,209
107145,2025-02-19 05:06:00,Billing,6.72,218
107146,2025-02-19 05:51:00,Technical,27.32,231
107147,2025-02-19 06:29:00,Technical,27.03,243
107148,2025-02-19 06:30:00,Billing,3.88,229
107149,2025-02-19 06:12:00,Billing,9.98,244
107150,2025-02-19 06:16:00,Billing,11.38,248
107151,2025-02-19 07:28:00,Billing,3.54,211
107152,2025-02-19 07:18:00,General,8.69,217
107153,2025-02-19 07:35:00,General,8.48,223
107154,2025-02-19 08:29:00,Technical,18.76,244
107155,2025-02-19 08:38:00,Technical,27.02,242
107156,2025-02-19 08:06:00,Billing,8.17,235
107157,2025-02-19 08:20:00,Billing,8.5,217
107158,2025-02-19 08:22:00,General,8.37,205
107159,2025-02-19 08:17:00,Billing,3.33,229
107160,2025-02-19 08:58:00,Billing,7.45,204
107161,2025-02-19 08:36:00,Billing,2.99,243
107162,2025-02-19 08:51:00,Billing,10.41,220
107163,2025-02-19 08:26:00,Technical,28.1,237
107164,2025-02-19 08:43:00,Technical,23.09,239
107165,2025-02-19 08:46:00,Technical,24.98,212
107166,2025-02-19 08:29:00,Billing,6.12,203
107167,2025-02-19 08:00:00,Technical,29.82,216
107168,2025-02-19 08:25:00,Technical,25.43,212
107169,2025-02-19 08:58:00,General,4.71,205
107170,2025-02-19 08:12:00,Billing,2.18,217
107171,2025-02-19 09:17:00,Billing,3.17,230
107172,2025-02-19 09:40:00,Billing,7.85,241
107173,2025-02-19 09:42:00,Billing,8.6,214
107174,2025-02-19 09:18:00,General,10.75,226
107175,2025-02-19 09:33:00,General,7.85,214
107176,2025-02-19 09:30:00,Technical,25.94,240
107177,2025-02-19 09:38:00,General,6.85,245
107178,2025-02-19 09:07:00,Billing,5.73,245
107179,2025-02-19 09:13:00,Technical,28.19,250
107180,2025-02-19 09:22:00,General,12.23,224
107181,2025-02-19 09:03:00,Technical,21.16,215
107182,2025-02-19 09:20:00,Billing,7.53,248
107183,2025-02-19 09:57:00,Billing,10.52,209
107184,2025-02-19 09:13:00,Technical,28.13,249
107185,2025-02-19 09:26:00,Billing,7.25,210
107186,2025-02-19 09:00:00,General,17.59,222
107187,2025-02-19 09:30:00,General,6.78,222
107188,2025-02-19 09:22:00,Technical,25.74,201
107189,2025-02-19 09:42:00,Technical,25.72,202
107190,2025-02-19 10:38:00,General,10.26,219
107191,2025-02-19 10:57:00,General,7.74,217
107192,2025-02-19 10:52:00,Billing,9.45,223
107193,2025-02-19 10:09:00,Billing,10.96,204
107194,2025-02-19 10:35:00,General,11.26,209
107195,2025-02-19 10:30:00,General,10.96,224
107196,2025-02-19 10:57:00,Technical,28.36,242
107197,2025-02-19 10:41:00,General,6.46,209
107198,2025-02-19 10:37:00,Technical,28.86,214
107199,2025-02-19 10:54:00,Technical,22.07,218
107200,2025-02-19 10:11:00,Billing,5.55,227
107201,2025-02-19 10:12:00,Billing,7.2,204
107202,2025-02-19 10:21:00,General,9.84,245
107203,2025-02-19 10:35:00,Billing,6.84,203
107204,2025-02-19 11:22:00,General,7.45,234
107205,2025-02-19 11:04:00,Billing,4.36,217
107206,2025-02-19 11:25:00,General,7.04,216
107207,2025-02-19 11:40:00,Technical,28.3,214
107208,2025-02-19 11:43:00,Billing,7.01,204
107209,2025-02-19 11:29:00,Billing,4.56,221
107210,2025-02-19 11:08:00,General,4.78,244
107211,2025-02-19 11:44:00,Technical,23.94,216
107212,2025-02-19 12:41:00,General,7.6,218
107213,2025-02-19 12:12:00,General,11.97,242
107214,2025-02-19 12:55:00,Billing,14.36,225
107215,2025-02-19 12:51:00,Technical,26.18,207
107216,2025-02-19 12:17:00,Billing,7.39,202
107217,2025-02-19 13:53:00,Technical,23.42,244
107218,2025-02-19 13:11:00,Technical,20.73,239
107219,2025-02-19 13:14:00,Technical,23.52,223
107220,2025-02-19 13:38:00,General,5.64,229
107221,2025-02-19 13:56:00,Billing,10.23,248
107222,2025-02-19 14:18:00,Billing,9.23,234
107223,2025-02-19 14:22:00,Technical,21.76,213
107224,2025-02-19 14:44:00,Technical,27.35,208
107225,2025-02-19 15:10:00,Billing,5.77,210
107226,2025-02-19 15:01:00,Billing,4.53,244
107227,2025-02-19 15:45:00,Technical,24.2,247
107228,2025-02-19 15:54:00,Billing,5.15,234
107229,2025-02-19 15:46:00,General,8.68,230
107230,2025-02-19 15:00:00,Billing,5.97,225
107231,2025-02-19 15:10:00,Technical,28.03,244
107232,2025-02-19 15:02:00,General,5.2,246
107233,2025-02-19 16:22:00,General,9.8,241
107234,2025-02-19 16:47:00,Technical,27.09,219
107235,2025-02-19 16:16:00,Billing,9.06,238
107236,2025-02-19 16:05:00,General,5.14,226
107237,2025-02-19 17:43:00,Technical,23.77,220
107238,2025-02-19 17:43:00,Billing,9.89,219
107239,2025-02-19 17:10:00,Technical,24.08,213
107240,2025-02-19 17:01:00,Billing,5.6,246
107241,2025-02-19 17:49:00,General,11.17,249
107242,2025-02-19 18:10:00,General,9.07,224
107243,2025-02-19 18:24:00,General,8.05,246
107244,2025-02-19 18:11:00,Billing,7.99,212
107245,2025-02-19 18:37:00,Technical,26.83,220
107246,2025-02-19 19:42:00,General,2.4,225
107247,2025-02-19 19:48:00,Technical,31.09,226
107248,2025-02-19 19:54:00,General,3.41,233
107249,2025-02-19 19:53:00,Billing,7.98,241
107250,2025-02-19 19:08:00,Billing,6.52,213
107251,2025-02-19 19:15:00,General,2.0,242
107252,2025-02-19 19:27:00,Technical,25.39,203
107253,2025-02-19 19:00:00,Billing,8.16,201
107254,2025-02-19 20:00:00,General,6.92,220
107255,2025-02-19 20:39:00,General,7.65,244
107256,2025-02-19 20:56:00,General,2.28,240
107257,2025-02-19 20:01:00,Billing,8.27,231
107258,2025-02-19 20:29:00,Billing,8.6,246
107259,2025-02-19 20:38:00,Billing,11.02,204
107260,2025-02-19 20:39:00,Billing,11.74,239
107261,2025-02-19 20:47:00,Technical,21.68,222
107262,2025-02-19 20:19:00,Technical,26.93,215
107263,2025-02-19 21:37:00,Technical,29.72,207
107264,2025-02-19 21:25:00,Billing,7.78,245
107265,2025-02-19 21:01:00,General,12.12,220
107266,2025-02-19 21:16:00,General,6.68,239
107267,2025-02-19 21:09:00,General,7.6,225
107268,2025-02-19 22:21:00,General,7.72,220
107269,2025-02-19 22:35:00,General,5.0,201
107270,2025-02-19 22:52:00,General,3.8,209
107271,2025-02-19 22:28:00,Technical,23.79,250
107272,2025-02-19 22:53:00,Technical,27.0,210
107273,2025-02-19 22:17:00,Technical,32.21,249
107274,2025-02-19 22:10:00,Billing,2.0,224
107275,2025-02-19 23:14:00,Billing,2.0,220
107276,2025-02-19 23:05:00,Billing,6.97,237
107277,2025-02-19 23:43:00,General,2.52,239
107278,2025-02-19 23:18:00,Billing,4.12,230
107279,2025-02-19 23:50:00,Billing,9.07,215
107280,2025-02-20 00:44:00,Billing,13.88,237
107281,2025-02-20 00:15:00,Billing,8.75,250
107282,2025-02-20 01:20:00,General,8.02,241
107283,2025-02-20 01:24:00,Billing,10.98,224
107284,2025-02-20 01:54:00,General,9.01,246
107285,2025-02-20 01:53:00,Billing,3.36,206
107286,2025-02-20 01:02:00,Billing,9.49,243
107287,2025-02-20 02:19:00,Billing,10.49,217
107288,2025-02-20 02:06:00,Technical,25.32,237
107289,2025-02-20 02:02:00,Billing,6.27,208
107290,2025-02-20 03:24:00,Technical,26.23,250
107291,2025-02-20 03:02:00,Technical,18.8,231
107292,2025-02-20 03:29:00,Billing,9.46,238
107293,2025-02-20 03:26:00,General,6.43,222
107294,2025-02-20 04:23:00,Technical,19.93,220
107295,2025-02-20 04:41:00,Billing,7.36,205
107296,2025-02-20 04:23:00,Technical,30.31,231
107297,2025-02-20 05:41:00,Billing,8.52,222
107298,2025-02-20 05:03:00,Billing,8.69,245
107299,2025-02-20 06:19:00,Billing,6.97,236
107300,2025-02-20 06:39:00,Billing,9.47,244
107301,2025-02-20 06:21:00,Technical,24.62,208
107302,2025-02-20 06:52:00,Billing,6.3,225
107303,2025-02-20 07:14:00,Billing,11.86,227
107304,2025-02-20 07:41:00,Technical,24.84,232
107305,2025-02-20 07:21:00,General,5.16,214
107306,2025-02-20 07:42:00,General,7.6,241
107307,2025-02-20 07:03:00,General,7.7,223
107308,2025-02-20 08:02:00,Billing,5.8,222
107309,2025-02-20 08:48:00,General,10.45,235
107310,2025-02-20 08:12:00,General,6.7,230
107311,2025-02-20 08:11:00,General,8.92,203
107312,2025-02-20 08:12:00,General,4.3,217
107313,2025-02-20 08:28:00,Billing,7.19,245
107314,2025-02-20 08:07:00,Technical,26.46,231
107315,2025-02-20 08:54:00,General,7.59,219
107316,2025-02-20 08:51:00,Technical,25.62,218
107317,2025-02-20 08:08:00,Billing,7.05,206
107318,2025-02-20 08:34:00,General,10.29,235
107319,2025-02-20 08:38:00,Billing,10.6,222
107320,2025-02-20 08:33:00,Billing,5.39,231
107321,2025-02-20 08:03:00,Technical,20.31,214
107322,2025-02-20 09:26:00,Billing,15.77,233
107323,2025-02-20 09:24:00,Billing,10.13,205
107324,2025-02-20 09:05:00,Billing,9.45,227
107325,2025-02-20 09:08:00,Technical,22.09,228
107326,2025-02-20 09:41:00,Billing,4.62,207
107327,2025-02-20 09:27:00,Technical,26.35,236
107328,2025-02-20 09:48:00,Billing,7.11,217
107329,2025-02-20 09:33:00,Technical,31.25,223
107330,2025-02-20 09:46:00,Technical,25.36,219
107331,2025-02-20 09:03:00,General,9.3,213
107332,2025-02-20 09:14:00,General,2.45,249
107333,2025-02-20 09:04:00,Billing,8.88,225
107334,2025-02-20 09:40:00,General,5.14,214
107335,2025-02-20 09:03:00,Billing,7.75,223
107336,2025-02-20 09:44:00,Billing,8.65,218
107337,2025-02-20 09:01:00,Billing,10.09,241
107338,2025-02-20 09:37:00,Technical,27.1,201
107339,2025-02-20 09:56:00,General,8.4,214
107340,2025-02-20 09:51:00,General,5.59,240
107341,2025-02-20 09:49:00,Technical,26.63,208
107342,2025-02-20 10:56:00,General,7.78,223
107343,2025-02-20 10:56:00,Billing,7.88,222
107344,2025-02-20 10:32:00,Technical,29.35,243
107345,2025-02-20 10:27:00,General,7.9,209
107346,2025-02-20 10:16:00,Billing,12.9,234
107347,2025-02-20 10:08:00,Billing,4.94,241
107348,2025-02-20 10:19:00,Billing,10.87,205
107349,2025-02-20 10:20:00,Technical,21.6,205
107350,2025-02-20 10:06:00,General,10.1,237
107351,2025-02-20 10:16:00,Billing,5.61,228
107352,2025-02-20 10:58:00,General,5.19,213
107353,2025-02-20 10:56:00,Billing,8.19,244
107354,2025-02-20 10:00:00,Technical,17.29,244
107355,2025-02-20 11:58:00,General,2.0,205
107356,2025-02-20 11:24:00,Billing,6.79,238
107357,2025-02-20 11:17:00,Technical,25.81,227
107358,2025-02-20 11:29:00,Technical,22.66,236
107359,2025-02-20 11:11:00,Billing,8.3,214
107360,2025-02-20 11:03:00,Technical,25.85,201
107361,2025-02-20 11:54:00,Billing,4.37,248
107362,2025-02-20 11:53:00,Technical,23.89,224
107363,2025-02-20 11:07:00,Technical,23.55,228
107364,2025-02-20 11:03:00,Technical,24.43,248
107365,2025-02-20 11:24:00,General,9.6,246
107366,2025-02-20 11:34:00,Billing,11.62,238
107367,2025-02-20 11:15:00,General,12.9,222
107368,2025-02-20 11:06:00,Billing,8.52,247
107369,2025-02-20 11:42:00,Technical,22.85,232
107370,2025-02-20 11:31:00,General,7.36,202
107371,2025-02-20 11:39:00,Billing,7.97,230
107372,2025-02-20 11:35:00,Technical,23.51,249
107373,2025-02-20 11:30:00,Technical,25.56,237
107374,2025-02-20 12:12:00,Billing,5.25,222
107375,2025-02-20 12:42:00,Technical,23.39,224
107376,2025-02-20 12:21:00,Technical,29.88,237
107377,2025-02-20 12:58:00,General,14.77,223
107378,2025-02-20 12:13:00,Technical,28.4,217
107379,2025-02-20 12:20:00,General,7.94,201
107380,2025-02-20 13:56:00,Billing,14.11,206
107381,2025-02-20 13:29:00,Technical,26.94,239
107382,2025-02-20 13:22:00,Technical,26.32,204
107383,2025-02-20 13:25:00,General,9.98,207
107384,2025-02-20 13:40:00,General,8.24,242
107385,2025-02-20 13:02:00,Technical,28.97,208
107386,2025-02-20 13:41:00,Technical,25.17,242
107387,2025-02-20 13:14:00,Technical,26.95,237
107388,2025-02-20 13:51:00,Technical,22.37,208
107389,2025-02-20 14:28:00,Billing,4.15,248
107390,2025-02-20 14:10:00,General,10.46,243
107391,2025-02-20 14:47:00,General,6.67,205
107392,2025-02-20 14:55:00,Billing,10.01,206
107393,2025-02-20 14:18:00,Technical,23.54,249
107394,2025-02-20 14:43:00,Billing,8.71,232
107395,2025-02-20 14:09:00,Billing,7.89,213
107396,2025-02-20 15:02:00,General,14.04,203
107397,2025-02-20 15:47:00,Technical,25.37,229
107398,2025-02-20 15:40:00,General,9.11,222
107399,2025-02-20 15:11:00,General,11.76,227
107400,2025-02-20 15:22:00,Technical,22.38,244
107401,2025-02-20 16:37:00,Billing,6.87,209
107402,2025-02-20 16:34:00,Technical,28.52,212
107403,2025-02-20 16:47:00,Technical,23.64,243
107404,2025-02-20 16:13:00,Technical,21.62,223
107405,2025-02-20 17:08:00,Billing,9.54,222
107406,2025-02-20 17:32:00,Billing,4.29,218
107407,2025-02-20 17:35:00,Technical,24.84,221
107408,2025-02-20 17:52:00,Billing,4.11,244
107409,2025-02-20 17:38:00,Billing,5.09,216
107410,2025-02-20 17:39:00,Technical,23.65,207
107411,2025-02-20 17:27:00,Billing,7.76,216
107412,2025-02-20 17:13:00,Technical,21.75,211
107413,2025-02-20 17:01:00,Billing,2.0,250
107414,2025-02-20 17:05:00,Billing,7.61,208
107415,2025-02-20 18:39:00,Billing,5.73,201
107416,2025-02-20 18:38:00,Billing,10.83,227
107417,2025-02-20 18:14:00,Technical,26.78,222
107418,2025-02-20 19:46:00,Technical,22.97,209
107419,2025-02-20 19:44:00,Billing,9.06,207
107420,2025-02-20 20:27:00,Billing,9.88,244
107421,2025-02-20 20:08:00,Billing,6.13,229
107422,2025-02-20 20:52:00,General,8.37,207
107423,2025-02-20 20:04:00,Technical,23.55,203
107424,2025-02-20 20:32:00,General,14.31,202
107425,2025-02-20 20:13:00,Billing,11.87,214
107426,2025-02-20 22:19:00,Billing,3.14,221
107427,2025-02-20 22:29:00,Technical,31.68,236
107428,2025-02-20 22:08:00,Billing,5.11,217
107429,2025-02-20 22:43:00,Billing,10.33,245
107430,2025-02-20 23:41:00,General,11.28,225
107431,2025-02-20 23:49:00,Technical,24.63,229
107432,2025-02-20 23:29:00,Billing,6.43,244
107433,2025-02-21 00:57:00,Billing,8.77,217
107434,2025-02-21 00:40:00,Billing,11.75,210
107435,2025-02-21 00:16:00,Technical,20.93,216
107436,2025-02-21 01:21:00,Technical,27.26,205
107437,2025-02-21 01:05:00,Technical,24.48,245
107438,2025-02-21 01:55:00,Billing,9.0,224
107439,2025-02-21 01:44:00,Billing,6.09,243
107440,2025-02-21 02:58:00,Technical,22.36,228
107441,2025-02-21 02:35:00,Technical,29.84,225
107442,2025-02-21 02:24:00,General,10.17,230
107443,2025-02-21 02:56:00,General,5.0,211
107444,2025-02-21 02:44:00,Billing,8.59,213
107445,2025-02-21 02:50:00,General,5.95,247
107446,2025-02-21 02:23:00,Billing,7.84,242
107447,2025-02-21 02:49:00,Technical,31.78,230
107448,2025-02-21 03:15:00,General,8.6,221
107449,2025-02-21 04:04:00,Billing,7.96,207
107450,2025-02-21 04:24:00,General,11.24,227
107451,2025-02-21 04:41:00,Billing,3.99,244
107452,2025-02-21 04:21:00,Billing,5.78,232
107453,2025-02-21 04:44:00,Technical,23.77,206
107454,2025-02-21 04:00:00,General,10.07,210
107455,2025-02-21 04:38:00,General,6.65,206
107456,2025-02-21 05:20:00,Billing,9.67,209
107457,2025-02-21 05:47:00,General,7.16,241
107458,2025-02-21 05:01:00,Billing,4.91,212
107459,2025-02-21 06:43:00,Billing,6.31,206
107460,2025-02-21 06:37:00,Billing,10.53,247
107461,2025-02-21 07:50:00,Billing,8.65,212
107462,2025-02-21 07:19:00,General,5.56,240
107463,2025-02-21 07:14:00,Billing,7.73,206
107464,2025-02-21 07:10:00,Billing,8.98,249
107465,2025-02-21 08:26:00,Technical,27.48,203
107466,2025-02-21 08:58:00,Technical,20.6,228
107467,2025-02-21 08:52:00,Technical,29.71,223
107468,2025-02-21 08:28:00,General,9.51,244
107469,2025-02-21 08:34:00,General,5.22,250
107470,2025-02-21 08:06:00,Billing,6.57,226
107471,2025-02-21 08:17:00,General,13.74,229
107472,2025-02-21 08:07:00,Billing,6.46,221
107473,2025-02-21 09:15:00,General,9.73,215
107474,2025-02-21 09:25:00,Billing,5.84,212
107475,2025-02-21 09:52:00,Technical,28.42,205
107476,2025-02-21 09:00:00,General,9.46,213
107477,2025-02-21 09:31:00,Billing,8.12,234
107478,2025-02-21 09:56:00,General,6.36,238
107479,2025-02-21 09:40:00,Billing,4.23,215
107480,2025-02-21 09:51:00,General,9.18,201
107481,2025-02-21 09:17:00,Billing,5.69,227
107482,2025-02-21 09:25:00,General,8.22,216
107483,2025-02-21 09:17:00,Billing,3.29,224
107484,2025-02-21 10:13:00,Technical,25.62,212
107485,2025-02-21 10:07:00,Billing,5.96,239
107486,2025-02-21 10:06:00,General,5.64,244
107487,2025-02-21 10:31:00,Technical,22.35,228
107488,2025-02-21 10:01:00,General,3.36,238
107489,2025-02-21 10:30:00,Billing,9.59,230
107490,2025-02-21 10:44:00,Billing,8.22,218
107491,2025-02-21 10:58:00,Technical,23.67,220
107492,2025-02-21 10:03:00,Technical,23.69,244
107493,2025-02-21 10:55:00,Billing,6.34,208
107494,2025-02-21 10:04:00,Billing,7.66,203
107495,2025-02-21 10:01:00,Technical,28.76,208
107496,2025-02-21 11:32:00,Billing,10.8,224
107497,2025-02-21 11:24:00,Technical,25.57,211
107498,2025-02-21 11:12:00,General,9.9,226
107499,2025-02-21 11:46:00,Technical,23.72,214
107500,2025-02-21 11:41:00,Billing,4.55,208
107501,2025-02-21 11:30:00,Billing,10.84,226
107502,2025-02-21 11:31:00,Technical,18.31,236
107503,2025-02-21 11:09:00,Billing,8.44,238
107504,2025-02-21 11:06:00,General,2.22,209
107505,2025-02-21 11:08:00,Billing,8.73,236
107506,2025-02-21 11:42:00,Technical,23.38,224
107507,2025-02-21 11:21:00,General,6.17,206
107508,2025-02-21 11:51:00,Technical,22.64,213
107509,2025-02-21 11:51:00,Technical,21.8,224
107510,2025-02-21 11:26:00,Billing,7.5,201
107511,2025-02-21 12:42:00,Technical,23.87,203
107512,2025-02-21 12:14:00,Billing,9.29,209
107513,2025-02-21 12:21:00,General,13.58,237
107514,2025-02-21 12:10:00,General,3.92,236
107515,2025-02-21 12:19:00,General,4.34,227
107516,2025-02-21 12:04:00,Technical,29.51,216
107517,2025-02-21 13:05:00,General,5.44,236
107518,2025-02-21 13:01:00,Technical,25.69,219
107519,2025-02-21 13:44:00,Billing,6.06,223
107520,2025-02-21 13:20:00,Billing,7.91,228
107521,2025-02-21 14:48:00,General,3.66,206
107522,2025-02-21 14:14:00,General,8.03,216
107523,2025-02-21 14:46:00,General,4.6,226
107524,2025-02-21 14:01:00,Billing,5.89,237
107525,2025-02-21 14:30:00,General,9.1,243
107526,2025-02-21 14:21:00,Billing,8.63,225
107527,2025-02-21 15:53:00,Billing,7.43,227
107528,2025-02-21 15:19:00,General,5.19,219
107529,2025-02-21 15:50:00,General,9.38,218
107530,2025-02-21 15:27:00,General,8.81,205
107531,2025-02-21 15:19:00,Billing,7.6,221
107532,2025-02-21 15:28:00,Billing,7.38,238
107533,2025-02-21 16:09:00,Technical,20.58,244
107534,2025-02-21 16:24:00,Technical,27.27,215
107535,2025-02-21 16:23:00,Billing,8.85,206
107536,2025-02-21 17:27:00,Technical,15.21,237
107537,2025-02-21 17:54:00,Billing,4.4,244
107538,2025-02-21 17:11:00,General,4.07,214
107539,2025-02-21 17:11:00,Technical,24.05,224
107540,2025-02-21 17:14:00,Billing,12.01,213
107541,2025-02-21 17:44:00,Technical,19.82,204
107542,2025-02-21 18:24:00,Billing,11.47,230
107543,2025-02-21 18:03:00,Technical,23.85,213
107544,2025-02-21 18:15:00,General,5.24,235
107545,2025-02-21 18:15:00,Technical,23.21,248
107546,2025-02-21 19:47:00,Technical,27.0,236
107547,2025-02-21 19:28:00,Billing,11.37,209
107548,2025-02-21 19:41:00,Technical,16.79,249
107549,2025-02-21 20:38:00,Billing,7.76,207
107550,2025-02-21 20:12:00,Technical,29.86,227
107551,2025-02-21 20:49:00,Billing,7.78,232
107552,2025-02-21 20:06:00,Billing,8.49,201
107553,2025-02-21 20:01:00,Billing,15.44,242
107554,2025-02-21 21:57:00,Billing,10.26,205
107555,2025-02-21 21:24:00,General,4.65,250
107556,2025-02-21 21:44:00,General,3.48,204
107557,2025-02-21 21:30:00,Billing,4.41,244
107558,2025-02-21 22:06:00,General,8.01,229
107559,2025-02-21 22:40:00,Billing,9.29,203
107560,2025-02-21 22:51:00,Technical,25.02,233
107561,2025-02-21 22:22:00,Technical,23.05,204
107562,2025-02-21 23:36:00,Billing,7.28,244
107563,2025-02-21 23:21:00,Technical,23.33,202
107564,2025-02-21 23:27:00,Billing,2.32,246
107565,2025-02-21 23:38:00,Technical,20.43,212
107566,2025-02-21 23:22:00,Technical,21.06,234
107567,2025-02-21 23:15:00,Technical,29.39,210
107568,2025-02-21 23:24:00,Billing,10.15,234
107569,2025-02-21 23:26:00,Billing,8.76,225
107570,2025-02-22 00:35:00,Billing,2.4,213
107571,2025-02-22 00:50:00,Billing,7.06,237
107572,2025-02-22 00:52:00,Billing,6.35,218
107573,2025-02-22 00:55:00,Billing,9.54,239
107574,2025-02-22 00:41:00,Technical,22.18,211
107575,2025-02-22 01:15:00,Technical,21.98,238
107576,2025-02-22 01:35:00,Billing,10.08,204
107577,2025-02-22 02:57:00,General,8.09,247
107578,2025-02-22 02:07:00,Technical,25.66,206
107579,2025-02-22 02:52:00,General,6.19,227
107580,2025-02-22 02:23:00,Billing,10.11,206
107581,2025-02-22 03:37:00,Billing,8.22,209
107582,2025-02-22 04:34:00,Billing,6.49,202
107583,2025-02-22 04:10:00,General,6.97,236
107584,2025-02-22 04:38:00,General,14.6,209
107585,2025-02-22 04:20:00,Billing,9.72,228
107586,2025-02-22 05:02:00,Billing,10.72,249
107587,2025-02-22 05:25:00,General,6.65,208
107588,2025-02-22 05:15:00,Billing,5.22,215
107589,2025-02-22 05:20:00,General,8.42,230
107590,2025-02-22 05:34:00,General,7.86,204
107591,2025-02-22 06:09:00,Billing,7.26,209
107592,2025-02-22 07:43:00,Billing,10.88,239
107593,2025-02-22 07:54:00,Billing,7.84,235
107594,2025-02-22 08:01:00,General,5.74,207
107595,2025-02-22 08:44:00,Technical,24.26,240
107596,2025-02-22 08:31:00,Billing,7.58,242
107597,2025-02-22 08:42:00,Billing,4.45,243
107598,2025-02-22 08:33:00,Billing,7.83,218
107599,2025-02-22 08:16:00,General,4.63,206
107600,2025-02-22 08:07:00,Technical,32.49,213
107601,2025-02-22 09:29:00,General,8.09,237
107602,2025-02-22 09:23:00,Billing,11.95,209
107603,2025-02-22 09:24:00,Technical,26.03,236
107604,2025-02-22 09:58:00,General,10.24,235
107605,2025-02-22 09:54:00,Technical,27.75,219
107606,2025-02-22 09:55:00,General,10.09,235
107607,2025-02-22 09:53:00,General,8.38,223
107608,2025-02-22 09:16:00,Technical,21.49,235
107609,2025-02-22 10:55:00,Technical,22.59,239
107610,2025-02-22 10:10:00,Billing,8.59,201
107611,2025-02-22 10:29:00,Billing,2.61,205
107612,2025-02-22 10:07:00,General,6.57,228
107613,2025-02-22 10:01:00,Billing,8.08,212
107614,2025-02-22 10:14:00,Billing,11.07,231
107615,2025-02-22 10:48:00,Technical,30.41,235
107616,2025-02-22 10:47:00,Billing,8.83,209
107617,2025-02-22 10:11:00,Technical,22.46,234
107618,2025-02-22 10:36:00,Technical,26.62,207
107619,2025-02-22 11:55:00,Billing,9.59,233
107620,2025-02-22 11:56:00,General,12.63,208
107621,2025-02-22 11:21:00,Technical,25.07,204
107622,2025-02-22 11:24:00,Billing,7.67,225
107623,2025-02-22 11:16:00,General,6.74,216
107624,2025-02-22 11:16:00,General,11.18,235
107625,2025-02-22 11:38:00,Billing,5.45,218
107626,2025-02-22 11:15:00,General,6.29,228
107627,2025-02-22 11:17:00,Billing,8.32,247
107628,2025-02-22 11:01:00,Technical,24.97,229
107629,2025-02-22 11:58:00,Technical,21.44,233
107630,2025-02-22 12:42:00,Technical,21.74,213
107631,2025-02-22 12:24:00,Billing,6.66,202
107632,2025-02-22 12:35:00,Technical,21.88,213
107633,2025-02-22 13:50:00,Billing,7.34,210
107634,2025-02-22 13:48:00,Technical,21.0,249
107635,2025-02-22 13:56:00,Technical,30.09,241
107636,2025-02-22 14:40:00,Billing,9.47,205
107637,2025-02-22 15:09:00,Billing,2.5,242
107638,2025-02-22 16:53:00,General,4.21,211
107639,2025-02-22 16:48:00,General,8.44,243
107640,2025-02-22 16:05:00,General,6.97,227
107641,2025-02-22 17:24:00,Technical,22.47,205
107642,2025-02-22 17:47:00,Technical,25.78,202
107643,2025-02-22 17:25:00,General,8.97,223
107644,2025-02-22 17:29:00,Billing,8.36,227
107645,2025-02-22 18:11:00,Billing,5.08,217
107646,2025-02-22 18:12:00,Billing,3.13,249
107647,2025-02-22 18:53:00,Billing,6.76,250
107648,2025-02-22 19:49:00,Billing,2.11,225
107649,2025-02-22 19:29:00,Billing,10.64,223
107650,2025-02-22 19:08:00,Technical,25.98,206
107651,2025-02-22 20:25:00,General,12.33,215
107652,2025-02-22 20:14:00,Technical,26.91,238
107653,2025-02-22 20:54:00,General,5.47,203
107654,2025-02-22 21:42:00,Technical,29.81,226
107655,2025-02-22 21:09:00,Technical,30.78,233
107656,2025-02-22 22:49:00,Billing,9.63,215
107657,2025-02-22 22:04:00,Billing,8.34,211
107658,2025-02-22 22:37:00,General,8.29,245
107659,2025-02-22 22:29:00,General,5.38,229
107660,2025-02-22 22:55:00,Billing,7.63,240
107661,2025-02-22 23:42:00,Billing,6.76,203
107662,2025-02-22 23:30:00,General,11.78,236
107663,2025-02-23 00:17:00,Technical,22.72,246
107664,2025-02-23 00:52:00,Technical,24.27,215
107665,2025-02-23 00:49:00,Billing,6.93,217
107666,2025-02-23 00:08:00,Billing,9.49,210
107667,2025-02-23 00:33:00,Billing,7.77,246
107668,2025-02-23 01:51:00,Billing,11.88,205
107669,2025-02-23 01:27:00,Billing,5.04,219
107670,2025-02-23 02:46:00,Technical,27.89,208
107671,2025-02-23 02:00:00,Billing,5.04,202
107672,2025-02-23 02:10:00,Billing,8.39,214
107673,2025-02-23 02:28:00,Billing,5.07,238
107674,2025-02-23 03:49:00,General,5.36,212
107675,2025-02-23 03:03:00,General,9.59,247
107676,2025-02-23 05:17:00,Technical,27.72,227
107677,2025-02-23 05:06:00,Technical,25.74,222
107678,2025-02-23 06:23:00,General,7.73,210
107679,2025-02-23 06:55:00,Billing,7.64,232
107680,2025-02-23 06:35:00,Billing,8.42,217
107681,2025-02-23 06:30:00,Technical,22.18,226
107682,2025-02-23 06:04:00,Technical,28.06,238
107683,2025-02-23 07:46:00,Billing,9.99,223
107684,2025-02-23 07:58:00,Technical,26.65,206
107685,2025-02-23 08:30:00,Technical,22.7,202
107686,2025-02-23 08:10:00,General,8.45,246
107687,2025-02-23 08:44:00,General,3.61,242
107688,2025-02-23 08:42:00,General,11.32,247
107689,2025-02-23 08:23:00,General,8.95,221
107690,2025-02-23 08:58:00,Billing,6.99,226
107691,2025-02-23 08:34:00,Billing,10.14,232
107692,2025-02-23 08:15:00,Billing,3.3,231
107693,2025-02-23 08:37:00,General,9.54,245
107694,2025-02-23 09:00:00,General,3.47,210
107695,2025-02-23 09:23:00,Technical,21.73,246
107696,2025-02-23 09:21:00,Technical,26.03,211
107697,2025-02-23 09:53:00,Billing,10.44,211
107698,2025-02-23 09:30:00,Billing,8.7,210
107699,2025-02-23 09:37:00,Billing,8.01,207
107700,2025-02-23 09:44:00,General,9.89,242
107701,2025-02-23 09:36:00,Technical,26.53,221
107702,2025-02-23 09:52:00,General,9.07,233
107703,2025-02-23 10:08:00,Technical,22.72,246
107704,2025-02-23 10:05:00,General,9.98,229
107705,2025-02-23 10:43:00,Billing,6.52,215
107706,2025-02-23 10:01:00,General,9.32,245
107707,2025-02-23 10:27:00,Technical,20.39,204
107708,2025-02-23 10:22:00,General,14.34,223
107709,2025-02-23 10:39:00,General,13.12,218
107710,2025-02-23 10:35:00,General,6.22,211
107711,2025-02-23 10:05:00,Technical,26.67,226
107712,2025-02-23 10:06:00,Technical,28.42,203
107713,2025-02-23 10:01:00,Billing,8.23,210
107714,2025-02-23 10:34:00,Billing,5.93,204
107715,2025-02-23 10:42:00,General,6.82,231
107716,2025-02-23 10:01:00,Technical,29.14,203
107717,2025-02-23 11:54:00,Technical,27.93,228
107718,2025-02-23 11:08:00,Technical,23.25,246
107719,2025-02-23 11:02:00,Billing,6.84,208
107720,2025-02-23 11:58:00,Billing,8.89,243
107721,2025-02-23 11:24:00,Billing,7.55,230
107722,2025-02-23 11:25:00,Technical,21.48,241
107723,2025-02-23 11:41:00,Billing,9.48,249
107724,2025-02-23 11:39:00,General,8.1,227
107725,2025-02-23 11:53:00,Technical,21.61,241
107726,2025-02-23 11:35:00,General,7.84,228
107727,2025-02-23 11:17:00,Billing,2.57,242
107728,2025-02-23 11:44:00,Technical,27.36,205
107729,2025-02-23 11:33:00,Billing,2.0,226
107730,2025-02-23 11:19:00,Technical,22.76,243
107731,2025-02-23 11:11:00,Billing,5.82,221
107732,2025-02-23 11:26:00,Billing,6.17,208
107733,2025-02-23 11:28:00,Technical,29.86,219
107734,2025-02-23 11:30:00,Billing,10.45,246
107735,2025-02-23 12:00:00,Billing,5.33,240
107736,2025-02-23 12:54:00,Technical,29.44,242
107737,2025-02-23 12:57:00,General,6.8,205
107738,2025-02-23 12:43:00,Billing,6.45,202
107739,2025-02-23 13:15:00,Billing,2.79,239
107740,2025-02-23 13:07:00,Technical,20.47,207
107741,2025-02-23 13:56:00,Technical,24.25,235
107742,2025-02-23 14:09:00,Billing,10.5,220
107743,2025-02-23 14:20:00,Billing,7.29,245
107744,2025-02-23 15:24:00,Billing,9.42,202
107745,2025-02-23 16:38:00,General,9.52,220
107746,2025-02-23 16:15:00,Billing,9.82,242
107747,2025-02-23 16:09:00,Technical,22.23,225
107748,2025-02-23 17:45:00,Technical,28.16,226
107749,2025-02-23 17:03:00,Billing,11.33,232
107750,2025-02-23 17:12:00,Technical,25.02,246
107751,2025-02-23 17:09:00,General,17.43,205
107752,2025-02-23 18:02:00,General,8.51,208
107753,2025-02-23 18:16:00,General,4.88,204
107754,2025-02-23 18:41:00,Technical,24.89,230
107755,2025-02-23 19:30:00,General,6.59,247
107756,2025-02-23 19:43:00,General,9.51,244
107757,2025-02-23 19:52:00,General,14.79,241
107758,2025-02-23 19:36:00,Billing,5.62,233
107759,2025-02-23 19:10:00,General,9.33,250
107760,2025-02-23 20:06:00,General,13.03,246
107761,2025-02-23 20:35:00,Billing,15.12,204
107762,2025-02-23 20:43:00,Technical,29.15,246
107763,2025-02-23 20:18:00,Billing,9.31,212
107764,2025-02-23 21:08:00,Billing,11.58,228
107765,2025-02-23 21:10:00,Billing,4.52,220
107766,2025-02-23 21:55:00,Technical,25.39,212
107767,2025-02-23 22:35:00,Billing,10.81,228
107768,2025-02-23 23:49:00,General,3.98,228
107769,2025-02-23 23:20:00,General,4.93,201
107770,2025-02-23 23:35:00,Billing,8.52,236
107771,2025-02-23 23:52:00,Billing,7.92,211
107772,2025-02-24 00:50:00,Billing,4.3,239
107773,2025-02-24 00:41:00,Billing,5.77,213
107774,2025-02-24 00:02:00,Technical,31.05,236
107775,2025-02-24 00:10:00,General,13.59,226
107776,2025-02-24 01:06:00,General,5.69,201
107777,2025-02-24 01:47:00,Billing,10.55,204
107778,2025-02-24 01:03:00,Billing,9.62,208
107779,2025-02-24 01:28:00,Billing,2.7,216
107780,2025-02-24 01:47:00,General,9.44,245
107781,2025-02-24 02:08:00,Billing,4.3,230
107782,2025-02-24 02:10:00,Billing,14.31,205
107783,2025-02-24 02:38:00,Technical,26.72,217
107784,2025-02-24 02:28:00,Billing,9.48,233
107785,2025-02-24 02:28:00,General,4.5,223
107786,2025-02-24 02:27:00,Billing,8.11,207
107787,2025-02-24 02:39:00,Billing,16.79,208
107788,2025-02-24 02:08:00,General,11.41,211
107789,2025-02-24 02:49:00,Technical,30.14,222
107790,2025-02-24 02:05:00,General,7.05,225
107791,2025-02-24 03:43:00,Billing,4.99,231
107792,2025-02-24 03:37:00,Billing,7.05,223
107793,2025-02-24 03:52:00,Billing,5.83,245
107794,2025-02-24 03:46:00,Billing,9.99,204
107795,2025-02-24 03:20:00,General,2.56,218
107796,2025-02-24 04:35:00,Billing,7.43,212
107797,2025-02-24 04:39:00,General,10.19,212
107798,2025-02-24 04:20:00,Technical,24.44,222
107799,2025-02-24 04:30:00,Billing,9.62,247
107800,2025-02-24 05:31:00,Technical,21.34,219
107801,2025-02-24 05:15:00,Billing,10.31,208
107802,2025-02-24 06:19:00,Technical,25.51,203
107803,2025-02-24 06:34:00,Technical,28.77,208
107804,2025-02-24 07:56:00,Billing,7.45,241
107805,2025-02-24 07:44:00,Technical,26.03,212
107806,2025-02-24 07:28:00,General,12.84,239
107807,2025-02-24 07:38:00,Billing,5.1,246
107808,2025-02-24 07:40:00,Technical,24.52,246
107809,2025-02-24 08:48:00,General,6.5,201
107810,2025-02-24 08:50:00,Billing,7.0,246
107811,2025-02-24 08:58:00,Billing,9.76,249
107812,2025-02-24 08:03:00,Billing,8.06,205
107813,2025-02-24 08:23:00,Billing,9.42,201
107814,2025-02-24 08:22:00,Technical,23.27,214
107815,2025-02-24 08:31:00,Technical,22.52,250
107816,2025-02-24 08:37:00,Billing,5.95,210
107817,2025-02-24 08:38:00,General,7.72,230
107818,2025-02-24 08:36:00,Technical,22.35,216
107819,2025-02-24 08:19:00,Technical,21.79,229
107820,2025-02-24 09:22:00,Billing,12.41,233
107821,2025-02-24 09:12:00,Billing,5.42,225
107822,2025-02-24 09:42:00,Billing,5.04,209
107823,2025-02-24 09:46:00,Technical,25.71,233
107824,2025-02-24 09:53:00,Billing,8.08,216
107825,2025-02-24 09:15:00,General,11.92,239
107826,2025-02-24 09:45:00,General,7.01,203
107827,2025-02-24 09:42:00,General,9.05,222
107828,2025-02-24 09:18:00,Technical,26.49,242
107829,2025-02-24 10:50:00,Billing,6.19,230
107830,2025-02-24 10:48:00,Billing,10.28,209
107831,2025-02-24 10:30:00,Technical,26.88,214
107832,2025-02-24 10:31:00,General,2.0,245
107833,2025-02-24 10:43:00,General,13.63,247
107834,2025-02-24 10:26:00,General,5.33,209
107835,2025-02-24 10:32:00,General,6.69,238
107836,2025-02-24 10:03:00,General,10.18,220
107837,2025-02-24 10:25:00,Technical,24.56,245
107838,2025-02-24 10:01:00,Billing,5.86,233
107839,2025-02-24 10:36:00,Technical,28.9,227
107840,2025-02-24 10:18:00,General,5.62,204
107841,2025-02-24 10:21:00,General,13.36,212
107842,2025-02-24 10:15:00,General,2.0,219
107843,2025-02-24 11:14:00,Billing,10.25,231
107844,2025-02-24 11:09:00,Billing,11.49,219
107845,2025-02-24 11:45:00,General,8.02,210
107846,2025-02-24 11:49:00,Billing,8.22,202
107847,2025-02-24 11:18:00,Billing,11.66,216
107848,2025-02-24 11:57:00,General,4.25,226
107849,2025-02-24 11:52:00,Technical,26.11,245
107850,2025-02-24 11:25:00,General,8.6,212
107851,2025-02-24 11:28:00,Billing,5.69,242
107852,2025-02-24 11:27:00,Technical,23.25,214
107853,2025-02-24 11:56:00,General,9.38,207
107854,2025-02-24 11:17:00,Billing,10.57,243
107855,2025-02-24 11:49:00,Technical,24.83,201
107856,2025-02-24 11:25:00,Technical,22.98,211
107857,2025-02-24 11:58:00,Billing,2.03,241
107858,2025-02-24 11:01:00,Billing,6.95,247
107859,2025-02-24 11:55:00,Technical,21.03,224
107860,2025-02-24 11:45:00,General,12.19,220
107861,2025-02-24 12:30:00,Technical,21.44,246
107862,2025-02-24 12:41:00,General,12.52,230
107863,2025-02-24 12:32:00,Technical,30.67,250
107864,2025-02-24 12:09:00,Technical,24.65,222
107865,2025-02-24 12:50:00,Billing,4.69,217
107866,2025-02-24 12:50:00,General,9.82,208
107867,2025-02-24 13:50:00,General,5.86,237
107868,2025-02-24 13:34:00,General,8.44,231
107869,2025-02-24 13:18:00,Billing,9.01,226
107870,2025-02-24 13:30:00,Billing,3.61,213
107871,2025-02-24 13:42:00,Billing,4.85,239
107872,2025-02-24 13:56:00,Technical,23.93,241
107873,2025-02-24 14:07:00,Billing,11.21,233
107874,2025-02-24 14:19:00,General,5.24,201
107875,2025-02-24 14:12:00,General,10.41,212
107876,2025-02-24 14:02:00,Technical,23.65,229
107877,2025-02-24 15:48:00,General,12.16,201
107878,2025-02-24 15:09:00,Technical,33.98,221
107879,2025-02-24 15:02:00,Billing,6.57,218
107880,2025-02-24 15:33:00,Billing,3.87,226
107881,2025-02-24 15:48:00,Billing,11.62,228
107882,2025-02-24 16:47:00,Billing,4.78,243
107883,2025-02-24 16:55:00,Technical,20.03,205
107884,2025-02-24 16:21:00,Billing,7.98,211
107885,2025-02-24 16:25:00,Billing,6.84,216
107886,2025-02-24 16:35:00,Technical,26.39,222
107887,2025-02-24 16:12:00,Billing,7.02,211
107888,2025-02-24 17:45:00,Technical,26.75,225
107889,2025-02-24 17:29:00,Billing,4.53,243
107890,2025-02-24 17:40:00,General,11.44,223
107891,2025-02-24 18:34:00,General,8.86,248
107892,2025-02-24 18:47:00,Technical,23.18,206
107893,2025-02-24 18:14:00,Technical,27.5,236
107894,2025-02-24 18:49:00,Billing,8.03,214
107895,2025-02-24 18:47:00,Billing,7.67,222
107896,2025-02-24 19:12:00,Technical,22.08,250
107897,2025-02-24 19:56:00,Billing,8.71,249
107898,2025-02-24 19:31:00,Billing,10.85,225
107899,2025-02-24 19:35:00,Billing,4.84,228
107900,2025-02-24 19:39:00,General,7.99,224
107901,2025-02-24 19:29:00,Billing,8.05,203
107902,2025-02-24 20:33:00,Billing,6.48,249
107903,2025-02-24 20:07:00,Billing,7.14,234
107904,2025-02-24 20:50:00,General,3.27,240
107905,2025-02-24 20:41:00,Technical,25.38,228
107906,2025-02-24 20:25:00,Technical,29.36,214
107907,2025-02-24 20:11:00,Technical,26.88,236
107908,2025-02-24 21:24:00,General,6.95,231
107909,2025-02-24 21:17:00,Billing,11.9,213
107910,2025-02-24 22:58:00,Technical,24.06,218
107911,2025-02-24 22:06:00,Billing,6.01,230
107912,2025-02-24 22:37:00,Billing,4.67,237
107913,2025-02-24 22:42:00,Billing,6.0,205
107914,2025-02-24 22:04:00,Billing,9.44,244
107915,2025-02-24 23:06:00,General,10.33,207
107916,2025-02-25 00:05:00,Technical,19.89,207
107917,2025-02-25 00:15:00,General,10.66,227
107918,2025-02-25 00:34:00,Billing,11.29,248
107919,2025-02-25 00:22:00,Billing,13.8,238
107920,2025-02-25 01:24:00,General,4.4,220
107921,2025-02-25 01:52:00,General,9.9,209
107922,2025-02-25 01:49:00,Billing,9.01,222
107923,2025-02-25 01:18:00,General,7.12,229
107924,2025-02-25 01:11:00,Billing,11.87,207
107925,2025-02-25 01:38:00,Technical,31.32,220
107926,2025-02-25 01:11:00,General,4.87,217
107927,2025-02-25 01:23:00,Billing,7.21,208
107928,2025-02-25 01:22:00,Billing,9.73,237
107929,2025-02-25 02:57:00,General,5.0,226
107930,2025-02-25 02:20:00,Technical,19.71,243
107931,2025-02-25 02:06:00,General,9.62,223
107932,2025-02-25 02:23:00,Technical,25.43,201
107933,2025-02-25 02:27:00,Billing,3.27,226
107934,2025-02-25 03:52:00,Billing,9.07,250
107935,2025-02-25 03:05:00,Billing,10.32,234
107936,2025-02-25 03:51:00,Technical,24.81,213
107937,2025-02-25 04:09:00,General,4.35,226
107938,2025-02-25 04:19:00,Technical,26.85,244
107939,2025-02-25 05:50:00,Billing,11.43,220
107940,2025-02-25 05:43:00,Technical,28.18,218
107941,2025-02-25 05:43:00,Technical,23.96,220
107942,2025-02-25 05:13:00,General,9.43,237
107943,2025-02-25 05:04:00,General,10.13,223
107944,2025-02-25 05:00:00,Technical,21.61,207
107945,2025-02-25 05:07:00,General,9.44,211
107946,2025-02-25 05:19:00,Billing,5.3,228
107947,2025-02-25 05:41:00,Billing,7.87,237
107948,2025-02-25 06:47:00,Technical,21.27,247
107949,2025-02-25 06:15:00,Billing,5.05,235
107950,2025-02-25 06:31:00,Technical,20.95,206
107951,2025-02-25 06:38:00,Billing,7.4,223
107952,2025-02-25 06:22:00,General,6.42,203
107953,2025-02-25 07:41:00,Billing,4.84,233
107954,2025-02-25 07:01:00,Technical,22.73,244
107955,2025-02-25 07:23:00,General,5.93,250
107956,2025-02-25 07:49:00,Billing,8.86,241
107957,2025-02-25 08:54:00,Technical,21.69,235
107958,2025-02-25 08:41:00,Billing,5.39,212
107959,2025-02-25 08:01:00,General,6.43,247
107960,2025-02-25 08:17:00,General,10.54,229
107961,2025-02-25 08:42:00,General,7.41,214
107962,2025-02-25 08:45:00,General,11.85,239
107963,2025-02-25 08:17:00,General,3.48,211
107964,2025-02-25 08:19:00,General,5.13,213
107965,2025-02-25 08:36:00,Technical,31.41,205
107966,2025-02-25 08:00:00,General,11.82,243
107967,2025-02-25 08:49:00,General,2.0,242
107968,2025-02-25 08:16:00,Billing,2.0,226
107969,2025-02-25 08:11:00,Billing,12.01,216
107970,2025-02-25 08:00:00,Billing,10.14,242
107971,2025-02-25 08:10:00,Billing,5.41,242
107972,2025-02-25 08:37:00,Billing,9.69,238
107973,2025-02-25 08:11:00,Billing,5.54,207
107974,2025-02-25 08:39:00,General,10.18,229
107975,2025-02-25 08:50:00,Technical,23.52,226
107976,2025-02-25 09:38:00,Billing,11.97,241
107977,2025-02-25 09:46:00,General,5.49,215
107978,2025-02-25 09:03:00,Billing,8.09,235
107979,2025-02-25 09:26:00,Billing,12.46,232
107980,2025-02-25 09:36:00,General,9.44,250
107981,2025-02-25 09:17:00,General,10.02,248
107982,2025-02-25 09:13:00,Billing,5.97,212
107983,2025-02-25 09:06:00,General,4.24,239
107984,2025-02-25 09:55:00,General,6.85,244
107985,2025-02-25 09:03:00,Technical,26.29,211
107986,2025-02-25 09:00:00,Technical,27.26,211
107987,2025-02-25 09:28:00,Technical,26.61,224
107988,2025-02-25 10:06:00,Billing,10.68,248
107989,2025-02-25 10:25:00,Billing,10.63,247
107990,2025-02-25 10:32:00,Technical,22.23,233
107991,2025-02-25 10:20:00,Technical,29.56,227
107992,2025-02-25 10:43:00,Billing,8.11,232
107993,2025-02-25 10:46:00,General,9.15,223
107994,2025-02-25 10:01:00,General,7.48,212
107995,2025-02-25 10:31:00,Billing,7.47,223
107996,2025-02-25 11:46:00,General,9.52,236
107997,2025-02-25 11:21:00,Billing,7.42,218
107998,2025-02-25 11:55:00,General,9.12,212
107999,2025-02-25 11:14:00,Billing,5.98,208
108000,2025-02-25 11:34:00,Billing,2.34,220
108001,2025-02-25 11:02:00,Billing,10.41,220
108002,2025-02-25 11:53:00,General,6.62,210
108003,2025-02-25 11:13:00,General,3.82,214
108004,2025-02-25 11:57:00,General,11.81,218
108005,2025-02-25 11:39:00,Technical,25.54,231
108006,2025-02-25 11:02:00,General,5.63,221
108007,2025-02-25 11:09:00,Billing,10.72,207
108008,2025-02-25 11:58:00,General,10.98,213
108009,2025-02-25 11:47:00,General,5.09,228
108010,2025-02-25 11:28:00,Billing,8.03,207
108011,2025-02-25 11:25:00,Billing,7.22,206
108012,2025-02-25 11:55:00,General,7.96,221
108013,2025-02-25 11:48:00,Technical,23.35,247
108014,2025-02-25 11:52:00,Technical,27.65,231
108015,2025-02-25 11:58:00,Billing,8.0,220
108016,2025-02-25 11:31:00,Billing,10.76,210
108017,2025-02-25 11:47:00,Technical,25.03,246
108018,2025-02-25 12:14:00,Billing,2.54,204
108019,2025-02-25 12:30:00,Billing,9.01,212
108020,2025-02-25 12:05:00,General,10.26,227
108021,2025-02-25 12:19:00,Technical,23.26,212
108022,2025-02-25 12:36:00,General,7.05,208
108023,2025-02-25 12:02:00,General,4.13,221
108024,2025-02-25 12:15:00,Billing,8.46,245
108025,2025-02-25 12:39:00,General,11.74,220
108026,2025-02-25 13:16:00,Billing,4.69,225
108027,2025-02-25 13:08:00,General,5.66,245
108028,2025-02-25 13:15:00,General,8.11,203
108029,2025-02-25 14:06:00,General,8.0,223
108030,2025-02-25 14:05:00,Technical,15.08,218
108031,2025-02-25 14:44:00,Billing,6.15,202
108032,2025-02-25 15:20:00,General,9.82,219
108033,2025-02-25 15:33:00,General,12.71,247
108034,2025-02-25 16:27:00,General,12.74,247
108035,2025-02-25 16:51:00,Billing,11.0,221
108036,2025-02-25 16:46:00,General,4.47,245
108037,2025-02-25 17:23:00,General,4.18,230
108038,2025-02-25 17:27:00,General,3.03,247
108039,2025-02-25 17:42:00,Billing,8.28,201
108040,2025-02-25 17:26:00,Technical,23.98,227
108041,2025-02-25 17:26:00,Billing,5.39,239
108042,2025-02-25 17:54:00,Technical,28.6,215
108043,2025-02-25 17:32:00,Billing,10.7,210
108044,2025-02-25 17:15:00,General,6.76,223
108045,2025-02-25 18:26:00,General,10.15,206
108046,2025-02-25 18:09:00,Billing,7.19,238
108047,2025-02-25 18:41:00,Billing,2.22,209
108048,2025-02-25 18:10:00,Technical,27.24,228
108049,2025-02-25 18:23:00,Billing,6.97,242
108050,2025-02-25 18:29:00,General,10.9,209
108051,2025-02-25 18:05:00,General,10.57,217
108052,2025-02-25 19:58:00,General,5.81,202
108053,2025-02-25 19:15:00,Billing,5.88,210
108054,2025-02-25 19:23:00,General,8.51,213
108055,2025-02-25 19:42:00,Technical,20.83,239
108056,2025-02-25 19:25:00,Technical,23.37,211
108057,2025-02-25 19:19:00,Technical,28.09,212
108058,2025-02-25 19:21:00,Billing,6.92,240
108059,2025-02-25 20:23:00,General,7.98,245
108060,2025-02-25 20:39:00,General,6.53,243
108061,2025-02-25 20:43:00,Technical,23.84,250
108062,2025-02-25 20:11:00,Billing,2.0,220
108063,2025-02-25 20:07:00,Billing,6.9,247
108064,2025-02-25 20:54:00,General,9.44,206
108065,2025-02-25 20:45:00,Technical,21.21,239
108066,2025-02-25 20:32:00,Billing,5.28,229
108067,2025-02-25 20:35:00,General,6.75,245
108068,2025-02-25 21:52:00,Billing,9.78,222
108069,2025-02-25 21:22:00,Technical,24.59,207
108070,2025-02-25 21:58:00,General,4.98,242
108071,2025-02-25 21:04:00,Billing,9.54,242
108072,2025-02-25 22:40:00,General,6.98,214
108073,2025-02-25 23:23:00,Technical,26.79,228
108074,2025-02-25 23:13:00,Technical,25.76,201
108075,2025-02-25 23:35:00,General,4.85,250
108076,2025-02-25 23:55:00,Billing,3.96,210
108077,2025-02-25 23:38:00,Billing,4.98,213
108078,2025-02-25 23:12:00,Billing,7.56,201
108079,2025-02-26 00:33:00,General,12.99,203
108080,2025-02-26 00:07:00,Technical,19.88,209
108081,2025-02-26 00:01:00,Billing,9.2,227
108082,2025-02-26 00:00:00,General,12.21,222
108083,2025-02-26 01:43:00,Technical,21.23,244
108084,2025-02-26 01:05:00,Technical,31.29,221
108085,2025-02-26 01:14:00,Billing,9.76,208
108086,2025-02-26 01:08:00,General,13.58,247
108087,2025-02-26 02:33:00,General,11.47,206
108088,2025-02-26 02:45:00,Billing,8.96,240
108089,2025-02-26 02:39:00,Billing,10.45,206
108090,2025-02-26 03:28:00,General,10.69,217
108091,2025-02-26 03:20:00,Billing,10.28,247
108092,2025-02-26 03:38:00,Billing,11.74,239
108093,2025-02-26 03:21:00,Technical,26.74,241
108094,2025-02-26 03:42:00,General,7.05,237
108095,2025-02-26 03:37:00,General,3.44,207
108096,2025-02-26 03:21:00,Billing,11.12,243
108097,2025-02-26 04:12:00,General,7.84,250
108098,2025-02-26 04:33:00,Technical,26.02,232
108099,2025-02-26 04:00:00,General,6.81,224
108100,2025-02-26 04:18:00,Billing,6.78,224
108101,2025-02-26 04:14:00,Billing,7.05,249
108102,2025-02-26 04:18:00,Technical,30.38,209
108103,2025-02-26 05:33:00,Technical,28.27,212
108104,2025-02-26 05:07:00,General,4.91,238
108105,2025-02-26 05:18:00,Billing,7.38,209
108106,2025-02-26 05:38:00,General,8.17,240
108107,2025-02-26 06:26:00,Billing,2.0,242
108108,2025-02-26 06:03:00,General,9.08,219
108109,2025-02-26 06:39:00,General,8.35,201
108110,2025-02-26 06:00:00,Technical,26.4,215
108111,2025-02-26 06:13:00,Billing,6.52,205
108112,2025-02-26 06:25:00,Billing,8.1,225
108113,2025-02-26 06:54:00,Billing,11.79,249
108114,2025-02-26 06:06:00,Billing,11.64,204
108115,2025-02-26 06:01:00,General,12.3,248
108116,2025-02-26 06:02:00,Technical,22.92,204
108117,2025-02-26 06:42:00,General,2.47,238
108118,2025-02-26 07:01:00,Billing,8.33,209
108119,2025-02-26 07:24:00,Technical,22.69,236
108120,2025-02-26 07:20:00,Technical,26.24,240
108121,2025-02-26 07:27:00,Billing,10.51,204
108122,2025-02-26 07:22:00,Billing,10.66,241
108123,2025-02-26 08:43:00,General,11.0,201
108124,2025-02-26 08:57:00,Billing,14.52,224
108125,2025-02-26 08:24:00,General,10.87,207
108126,2025-02-26 08:56:00,Technical,25.43,240
108127,2025-02-26 08:16:00,Technical,22.9,204
108128,2025-02-26 08:15:00,General,12.2,243
108129,2025-02-26 08:43:00,Billing,5.72,218
108130,2025-02-26 08:48:00,Billing,12.1,234
108131,2025-02-26 08:21:00,Billing,3.21,247
108132,2025-02-26 08:38:00,Billing,8.92,233
108133,2025-02-26 08:15:00,Billing,9.83,212
108134,2025-02-26 08:07:00,Billing,6.91,209
108135,2025-02-26 08:08:00,General,9.34,247
108136,2025-02-26 08:49:00,Technical,27.84,213
108137,2025-02-26 08:02:00,Technical,23.5,248
108138,2025-02-26 08:15:00,Billing,4.28,210
108139,2025-02-26 08:26:00,General,9.32,207
108140,2025-02-26 08:26:00,Billing,9.95,214
108141,2025-02-26 08:05:00,General,7.81,220
108142,2025-02-26 08:43:00,Billing,10.37,222
108143,2025-02-26 08:21:00,Technical,26.43,207
108144,2025-02-26 09:07:00,Technical,21.08,212
108145,2025-02-26 09:01:00,Technical,23.43,215
108146,2025-02-26 09:16:00,General,11.09,221
108147,2025-02-26 09:32:00,Billing,6.99,229
108148,2025-02-26 09:51:00,Billing,15.18,238
108149,2025-02-26 09:12:00,General,7.94,224
108150,2025-02-26 09:49:00,General,6.06,241
108151,2025-02-26 09:43:00,Billing,6.3,241
108152,2025-02-26 09:38:00,Technical,28.73,213
108153,2025-02-26 09:44:00,General,6.47,206
108154,2025-02-26 09:03:00,Billing,7.6,214
108155,2025-02-26 09:46:00,Technical,23.84,221
108156,2025-02-26 09:43:00,Technical,26.71,228
108157,2025-02-26 09:29:00,Technical,33.68,236
108158,2025-02-26 09:29:00,General,8.82,214
108159,2025-02-26 09:00:00,Technical,26.2,203
108160,2025-02-26 09:13:00,Technical,20.92,225
108161,2025-02-26 10:24:00,Billing,6.16,217
108162,2025-02-26 10:53:00,Billing,9.19,217
108163,2025-02-26 10:57:00,General,4.98,203
108164,2025-02-26 10:35:00,General,3.64,216
108165,2025-02-26 10:53:00,General,6.68,229
108166,2025-02-26 10:12:00,Billing,9.6,216
108167,2025-02-26 10:38:00,Technical,30.88,235
108168,2025-02-26 10:06:00,Billing,5.05,218
108169,2025-02-26 10:20:00,General,4.06,208
108170,2025-02-26 10:02:00,Technical,27.72,238
108171,2025-02-26 10:14:00,Technical,23.32,246
108172,2025-02-26 10:11:00,General,11.07,248
108173,2025-02-26 10:26:00,Technical,23.11,235
108174,2025-02-26 10:03:00,Technical,24.07,231
108175,2025-02-26 11:28:00,Billing,7.01,227
108176,2025-02-26 11:47:00,Billing,6.73,233
108177,2025-02-26 11:41:00,General,8.61,248
108178,2025-02-26 11:09:00,Technical,28.04,237
108179,2025-02-26 11:23:00,Technical,23.65,203
108180,2025-02-26 11:17:00,Billing,9.51,203
108181,2025-02-26 11:47:00,Billing,13.79,225
108182,2025-02-26 11:15:00,Billing,5.26,243
108183,2025-02-26 11:10:00,General,9.03,221
108184,2025-02-26 11:35:00,General,9.63,243
108185,2025-02-26 11:27:00,General,12.47,233
108186,2025-02-26 11:47:00,General,11.92,217
108187,2025-02-26 11:28:00,Billing,4.47,206
108188,2025-02-26 11:20:00,General,8.53,245
108189,2025-02-26 11:34:00,Technical,32.59,246
108190,2025-02-26 11:33:00,General,5.62,216
108191,2025-02-26 12:56:00,Technical,20.18,212
108192,2025-02-26 12:57:00,Billing,7.47,249
108193,2025-02-26 12:25:00,Technical,26.65,245
108194,2025-02-26 12:22:00,General,4.73,201
108195,2025-02-26 12:44:00,General,8.23,203
108196,2025-02-26 13:08:00,General,9.65,226
108197,2025-02-26 13:45:00,Technical,26.77,223
108198,2025-02-26 13:25:00,General,8.34,204
108199,2025-02-26 13:37:00,Technical,23.99,234
108200,2025-02-26 14:42:00,General,6.23,204
108201,2025-02-26 14:44:00,Billing,4.2,208
108202,2025-02-26 14:11:00,Technical,23.48,217
108203,2025-02-26 14:35:00,Billing,10.38,229
108204,2025-02-26 14:44:00,General,6.85,222
108205,2025-02-26 15:46:00,Technical,27.24,220
108206,2025-02-26 16:23:00,Technical,25.34,208
108207,2025-02-26 16:21:00,General,8.86,224
108208,2025-02-26 16:29:00,Billing,7.65,235
108209,2025-02-26 16:30:00,Billing,2.0,228
108210,2025-02-26 16:57:00,Technical,24.47,210
108211,2025-02-26 16:06:00,Technical,26.05,240
108212,2025-02-26 16:48:00,Technical,23.55,237
108213,2025-02-26 17:23:00,General,2.0,234
108214,2025-02-26 17:44:00,General,4.2,217
108215,2025-02-26 17:08:00,General,7.05,239
108216,2025-02-26 17:52:00,Technical,25.61,247
108217,2025-02-26 17:06:00,Technical,27.56,211
108218,2025-02-26 18:07:00,Billing,9.36,201
108219,2025-02-26 18:41:00,Billing,6.57,210
108220,2025-02-26 18:23:00,General,6.5,237
108221,2025-02-26 19:58:00,Billing,2.0,223
108222,2025-02-26 19:11:00,Billing,10.32,238
108223,2025-02-26 19:39:00,General,8.1,231
108224,2025-02-26 19:10:00,Billing,7.31,205
108225,2025-02-26 19:50:00,General,4.64,231
108226,2025-02-26 19:20:00,Billing,8.69,230
108227,2025-02-26 20:04:00,General,7.16,235
108228,2025-02-26 20:40:00,Technical,27.4,208
108229,2025-02-26 20:04:00,Technical,25.3,231
108230,2025-02-26 21:07:00,General,13.71,204
108231,2025-02-26 22:32:00,Technical,24.57,230
108232,2025-02-26 22:24:00,General,7.62,228
108233,2025-02-26 22:25:00,Billing,8.05,209
108234,2025-02-26 22:46:00,Billing,6.28,208
108235,2025-02-26 22:57:00,Billing,11.0,203
108236,2025-02-26 22:56:00,Technical,27.18,204
108237,2025-02-26 23:16:00,General,10.82,206
108238,2025-02-26 23:42:00,Billing,7.08,246
108239,2025-02-26 23:27:00,General,7.46,222
108240,2025-02-26 23:04:00,Technical,21.69,226
108241,2025-02-26 23:23:00,Billing,5.37,244
108242,2025-02-27 00:10:00,General,7.67,216
108243,2025-02-27 00:09:00,Billing,15.43,213
108244,2025-02-27 00:07:00,General,8.78,229
108245,2025-02-27 01:26:00,General,5.55,226
108246,2025-02-27 01:35:00,Billing,10.66,216
108247,2025-02-27 01:58:00,Billing,16.22,221
108248,2025-02-27 01:02:00,Billing,7.71,207
108249,2025-02-27 01:42:00,Billing,11.52,237
108250,2025-02-27 01:24:00,Billing,7.54,225
108251,2025-02-27 02:03:00,Technical,25.86,214
108252,2025-02-27 03:23:00,General,2.45,224
108253,2025-02-27 03:57:00,Technical,28.11,209
108254,2025-02-27 03:06:00,Technical,29.5,209
108255,2025-02-27 03:38:00,Billing,10.01,233
108256,2025-02-27 03:16:00,Billing,5.43,242
108257,2025-02-27 04:29:00,Technical,24.56,225
108258,2025-02-27 04:40:00,Billing,8.91,223
108259,2025-02-27 04:30:00,Billing,10.25,202
108260,2025-02-27 04:56:00,Billing,5.23,235
108261,2025-02-27 04:40:00,General,2.0,248
108262,2025-02-27 04:07:00,General,6.17,207
108263,2025-02-27 05:44:00,Technical,20.59,226
108264,2025-02-27 05:07:00,General,8.05,212
108265,2025-02-27 05:23:00,Billing,6.25,217
108266,2025-02-27 05:54:00,Billing,8.28,233
108267,2025-02-27 05:48:00,Billing,12.99,205
108268,2025-02-27 05:16:00,Technical,28.17,218
108269,2025-02-27 06:08:00,General,8.78,208
108270,2025-02-27 06:22:00,General,5.73,244
108271,2025-02-27 06:58:00,Billing,6.15,250
108272,2025-02-27 06:17:00,Billing,3.56,234
108273,2025-02-27 06:41:00,Technical,22.22,203
108274,2025-02-27 07:29:00,Billing,7.39,232
108275,2025-02-27 07:03:00,Billing,6.01,242
108276,2025-02-27 07:32:00,General,6.53,219
108277,2025-02-27 07:12:00,Technical,23.0,227
108278,2025-02-27 07:24:00,Technical,27.07,211
108279,2025-02-27 07:57:00,Technical,26.42,236
108280,2025-02-27 08:45:00,Technical,24.92,241
108281,2025-02-27 08:40:00,Billing,4.01,205
108282,2025-02-27 08:15:00,Billing,7.3,225
108283,2025-02-27 08:37:00,Billing,8.82,214
108284,2025-02-27 08:41:00,General,14.21,201
108285,2025-02-27 08:35:00,Billing,15.28,208
108286,2025-02-27 08:48:00,Technical,26.01,241
108287,2025-02-27 08:05:00,Technical,25.3,201
108288,2025-02-27 08:55:00,General,8.06,228
108289,2025-02-27 08:39:00,Billing,8.6,223
108290,2025-02-27 08:07:00,General,2.67,244
108291,2025-02-27 08:20:00,Technical,27.49,221
108292,2025-02-27 08:39:00,Billing,13.2,205
108293,2025-02-27 08:01:00,Billing,11.01,225
108294,2025-02-27 08:15:00,Billing,4.66,218
108295,2025-02-27 08:37:00,Billing,4.24,240
108296,2025-02-27 08:57:00,General,10.21,234
108297,2025-02-27 08:03:00,Billing,6.55,214
108298,2025-02-27 09:03:00,General,12.77,226
108299,2025-02-27 09:41:00,Billing,2.1,244
108300,2025-02-27 09:19:00,Billing,8.29,226
108301,2025-02-27 09:11:00,Billing,13.69,229
108302,2025-02-27 09:41:00,Technical,24.03,242
108303,2025-02-27 09:09:00,Billing,11.12,214
108304,2025-02-27 09:51:00,Billing,7.85,218
108305,2025-02-27 09:19:00,General,10.5,235
108306,2025-02-27 09:29:00,Technical,26.56,230
108307,2025-02-27 09:42:00,Billing,7.77,246
108308,2025-02-27 09:33:00,Billing,11.33,226
108309,2025-02-27 09:50:00,General,12.26,215
108310,2025-02-27 09:35:00,General,3.83,213
108311,2025-02-27 09:36:00,Billing,5.19,226
108312,2025-02-27 09:56:00,Billing,13.5,233
108313,2025-02-27 09:03:00,Billing,12.28,241
108314,2025-02-27 10:55:00,Billing,10.12,207
108315,2025-02-27 10:07:00,Billing,10.86,213
108316,2025-02-27 10:17:00,Technical,26.07,214
108317,2025-02-27 10:18:00,General,7.67,213
108318,2025-02-27 10:21:00,Billing,6.87,220
108319,2025-02-27 10:28:00,General,2.43,242
108320,2025-02-27 10:36:00,Technical,24.97,225
108321,2025-02-27 10:30:00,General,8.3,240
108322,2025-02-27 10:26:00,Billing,12.93,238
108323,2025-02-27 10:37:00,General,5.47,216
108324,2025-02-27 10:51:00,Technical,24.54,224
108325,2025-02-27 10:13:00,General,4.12,250
108326,2025-02-27 10:20:00,Billing,5.51,226
108327,2025-02-27 11:15:00,Billing,10.97,240
108328,2025-02-27 11:58:00,Billing,15.58,229
108329,2025-02-27 11:10:00,Technical,26.14,212
108330,2025-02-27 11:37:00,Billing,5.69,233
108331,2025-02-27 11:27:00,General,8.6,208
108332,2025-02-27 11:41:00,Technical,36.07,250
108333,2025-02-27 11:03:00,Technical,25.43,227
108334,2025-02-27 11:30:00,Technical,27.58,231
108335,2025-02-27 11:58:00,Billing,5.67,242
108336,2025-02-27 11:50:00,Technical,23.24,201
108337,2025-02-27 11:36:00,Billing,6.92,250
108338,2025-02-27 11:47:00,Technical,26.29,216
108339,2025-02-27 11:34:00,General,4.76,227
108340,2025-02-27 11:37:00,Technical,28.23,228
108341,2025-02-27 11:56:00,General,7.28,241
108342,2025-02-27 11:08:00,Billing,6.95,237
108343,2025-02-27 11:47:00,Billing,11.3,203
108344,2025-02-27 11:06:00,General,10.55,221
108345,2025-02-27 11:19:00,Billing,4.8,208
108346,2025-02-27 11:04:00,Billing,4.82,244
108347,2025-02-27 11:05:00,Billing,4.07,203
108348,2025-02-27 11:13:00,Technical,23.84,206
108349,2025-02-27 12:44:00,Billing,5.31,237
108350,2025-02-27 12:26:00,Billing,8.5,213
108351,2025-02-27 12:37:00,Billing,10.25,248
108352,2025-02-27 12:12:00,Billing,12.8,239
108353,2025-02-27 12:46:00,Billing,8.73,215
108354,2025-02-27 12:23:00,Billing,10.47,245
108355,2025-02-27 13:05:00,General,8.93,225
108356,2025-02-27 13:15:00,Technical,26.7,228
108357,2025-02-27 13:01:00,General,2.6,204
108358,2025-02-27 13:00:00,Technical,26.34,245
108359,2025-02-27 13:02:00,Billing,9.52,237
108360,2025-02-27 13:55:00,Technical,28.22,204
108361,2025-02-27 13:46:00,General,6.42,204
108362,2025-02-27 13:34:00,Billing,2.0,231
108363,2025-02-27 14:27:00,Technical,21.71,247
108364,2025-02-27 14:50:00,Billing,7.74,235
108365,2025-02-27 14:07:00,Billing,4.16,225
108366,2025-02-27 14:29:00,Technical,28.6,228
108367,2025-02-27 14:23:00,Billing,4.36,244
108368,2025-02-27 15:32:00,General,8.6,234
108369,2025-02-27 15:40:00,Technical,26.13,205
108370,2025-02-27 15:14:00,Technical,27.39,204
108371,2025-02-27 15:15:00,General,6.02,229
108372,2025-02-27 15:43:00,Billing,6.53,201
108373,2025-02-27 15:26:00,Technical,24.57,225
108374,2025-02-27 15:15:00,General,3.1,229
108375,2025-02-27 16:36:00,Technical,22.52,205
108376,2025-02-27 16:20:00,Billing,7.07,239
108377,2025-02-27 16:48:00,Billing,8.18,219
108378,2025-02-27 16:46:00,Billing,2.0,236
108379,2025-02-27 16:51:00,Billing,8.08,214
108380,2025-02-27 16:30:00,Billing,9.31,222
108381,2025-02-27 17:36:00,Billing,5.23,228
108382,2025-02-27 17:47:00,Billing,12.55,228
108383,2025-02-27 17:23:00,Billing,9.79,244
108384,2025-02-27 17:58:00,Billing,11.67,232
108385,2025-02-27 17:20:00,Billing,7.07,244
108386,2025-02-27 17:35:00,Billing,10.49,208
108387,2025-02-27 18:47:00,Technical,23.91,235
108388,2025-02-27 18:50:00,Billing,12.44,207
108389,2025-02-27 18:05:00,Billing,8.94,233
108390,2025-02-27 18:03:00,General,5.78,205
108391,2025-02-27 19:42:00,Billing,7.93,249
108392,2025-02-27 19:24:00,Billing,4.22,235
108393,2025-02-27 19:52:00,General,7.22,239
108394,2025-02-27 20:47:00,Technical,24.37,226
108395,2025-02-27 20:06:00,Billing,6.24,220
108396,2025-02-27 20:39:00,Billing,12.93,222
108397,2025-02-27 20:13:00,Billing,11.22,202
108398,2025-02-27 20:42:00,Technical,25.17,234
108399,2025-02-27 20:45:00,Billing,11.95,218
108400,2025-02-27 20:46:00,General,10.81,238
108401,2025-02-27 20:17:00,Billing,10.08,243
108402,2025-02-27 20:58:00,Billing,6.83,240
108403,2025-02-27 20:35:00,General,7.46,228
108404,2025-02-27 20:58:00,Billing,2.89,208
108405,2025-02-27 21:03:00,General,8.57,236
108406,2025-02-27 21:38:00,Billing,10.83,207
108407,2025-02-27 21:11:00,Billing,6.47,230
108408,2025-02-27 21:16:00,Technical,20.52,216
108409,2025-02-27 21:56:00,Billing,9.0,228
108410,2025-02-27 22:22:00,Billing,6.5,210
108411,2025-02-27 22:54:00,Technical,22.01,211
108412,2025-02-27 22:57:00,Billing,3.72,221
108413,2025-02-27 22:44:00,Billing,4.59,217
108414,2025-02-27 23:14:00,Billing,11.89,220
108415,2025-02-27 23:21:00,Technical,25.22,231
108416,2025-02-27 23:04:00,Billing,7.67,207
108417,2025-02-27 23:06:00,General,6.05,222
108418,2025-02-27 23:29:00,Billing,9.28,203
108419,2025-02-27 23:18:00,Technical,26.79,208
108420,2025-02-27 23:05:00,Billing,2.12,201
108421,2025-02-28 00:54:00,Billing,8.88,208
108422,2025-02-28 00:11:00,Billing,7.15,202
108423,2025-02-28 00:51:00,General,8.13,238
108424,2025-02-28 00:41:00,Billing,8.47,245
108425,2025-02-28 00:28:00,Billing,8.26,229
108426,2025-02-28 00:06:00,Technical,28.41,211
108427,2025-02-28 01:37:00,General,8.26,212
108428,2025-02-28 01:47:00,Technical,23.12,212
108429,2025-02-28 01:01:00,General,2.62,216
108430,2025-02-28 01:50:00,Technical,25.66,236
108431,2025-02-28 01:33:00,General,7.26,212
108432,2025-02-28 02:35:00,Technical,25.82,244
108433,2025-02-28 02:54:00,Billing,6.47,229
108434,2025-02-28 02:37:00,Technical,22.03,206
108435,2025-02-28 02:53:00,Technical,23.67,246
108436,2025-02-28 02:03:00,General,13.44,227
108437,2025-02-28 03:01:00,General,9.01,231
108438,2025-02-28 03:52:00,Billing,10.3,228
108439,2025-02-28 03:04:00,General,9.0,217
108440,2025-02-28 03:09:00,General,15.17,237
108441,2025-02-28 03:48:00,Billing,10.57,216
108442,2025-02-28 03:30:00,General,8.52,224
108443,2025-02-28 03:19:00,Technical,20.39,206
108444,2025-02-28 04:13:00,General,3.07,207
108445,2025-02-28 04:18:00,General,9.49,243
108446,2025-02-28 05:17:00,Billing,6.98,249
108447,2025-02-28 05:51:00,Billing,12.04,232
108448,2025-02-28 06:34:00,Billing,5.66,230
108449,2025-02-28 06:48:00,Billing,9.74,230
108450,2025-02-28 06:01:00,Technical,30.32,237
108451,2025-02-28 06:29:00,Billing,3.43,243
108452,2025-02-28 07:19:00,Billing,12.66,249
108453,2025-02-28 07:10:00,Billing,9.61,224
108454,2025-02-28 08:15:00,Billing,8.25,244
108455,2025-02-28 08:13:00,Technical,30.82,209
108456,2025-02-28 08:16:00,Technical,27.92,201
108457,2025-02-28 08:53:00,General,7.35,202
108458,2025-02-28 08:12:00,Technical,24.14,214
108459,2025-02-28 08:56:00,General,7.23,222
108460,2025-02-28 08:13:00,General,9.41,209
108461,2025-02-28 08:47:00,Billing,4.96,205
108462,2025-02-28 08:07:00,General,2.0,238
108463,2025-02-28 08:28:00,Billing,4.06,241
108464,2025-02-28 08:50:00,Technical,20.88,242
108465,2025-02-28 08:08:00,Billing,4.86,240
108466,2025-02-28 08:53:00,Billing,5.84,218
108467,2025-02-28 09:15:00,Billing,10.27,224
108468,2025-02-28 09:02:00,Billing,4.98,208
108469,2025-02-28 09:01:00,Billing,6.34,229
108470,2025-02-28 09:21:00,Billing,11.55,214
108471,2025-02-28 09:14:00,General,11.11,215
108472,2025-02-28 09:19:00,Technical,25.1,244
108473,2025-02-28 09:38:00,Billing,4.64,201
108474,2025-02-28 09:45:00,Billing,2.0,228
108475,2025-02-28 09:39:00,General,10.14,238
108476,2025-02-28 09:03:00,Technical,24.43,247
108477,2025-02-28 09:57:00,Billing,10.96,239
108478,2025-02-28 09:23:00,Technical,21.22,210
108479,2025-02-28 09:16:00,Technical,27.67,222
108480,2025-02-28 09:21:00,Billing,5.53,240
108481,2025-02-28 10:25:00,Billing,8.3,248
108482,2025-02-28 10:52:00,Billing,10.75,236
108483,2025-02-28 10:09:00,General,11.69,215
108484,2025-02-28 10:29:00,Billing,2.0,214
108485,2025-02-28 10:29:00,Billing,3.4,227
108486,2025-02-28 10:17:00,General,10.05,203
108487,2025-02-28 10:29:00,General,8.5,221
108488,2025-02-28 10:23:00,Billing,12.41,221
108489,2025-02-28 10:21:00,General,6.15,222
108490,2025-02-28 10:56:00,Technical,26.81,239
108491,2025-02-28 10:09:00,Technical,26.35,209
108492,2025-02-28 10:15:00,General,10.13,227
108493,2025-02-28 10:50:00,General,3.24,201
108494,2025-02-28 10:39:00,General,12.38,248
108495,2025-02-28 10:27:00,General,2.47,225
108496,2025-02-28 10:05:00,Billing,4.95,243
108497,2025-02-28 10:37:00,Technical,25.7,242
108498,2025-02-28 10:58:00,Technical,29.86,209
108499,2025-02-28 10:58:00,Billing,9.19,244
108500,2025-02-28 10:23:00,General,2.0,243
108501,2025-02-28 10:15:00,General,3.33,202
108502,2025-02-28 11:40:00,Billing,3.46,236
108503,2025-02-28 11:01:00,Technical,24.49,246
108504,2025-02-28 11:40:00,Billing,5.52,203
108505,2025-02-28 11:55:00,Billing,3.02,210
108506,2025-02-28 11:48:00,Billing,2.45,219
108507,2025-02-28 11:25:00,Billing,6.35,246
108508,2025-02-28 11:38:00,General,8.81,228
108509,2025-02-28 11:10:00,Billing,13.01,248
108510,2025-02-28 11:02:00,Technical,22.57,214
108511,2025-02-28 11:50:00,Technical,27.23,236
108512,2025-02-28 11:56:00,Technical,22.77,209
108513,2025-02-28 11:42:00,Technical,27.52,245
108514,2025-02-28 11:04:00,General,14.44,211
108515,2025-02-28 11:27:00,Billing,7.75,228
108516,2025-02-28 11:28:00,General,10.79,202
108517,2025-02-28 12:53:00,Billing,8.26,249
108518,2025-02-28 12:14:00,Billing,5.54,220
108519,2025-02-28 12:31:00,Technical,24.38,212
108520,2025-02-28 12:30:00,General,5.39,201
108521,2025-02-28 12:44:00,General,8.8,234
108522,2025-02-28 12:07:00,Billing,10.54,234
108523,2025-02-28 13:53:00,General,5.5,218
108524,2025-02-28 13:16:00,Technical,23.64,225
108525,2025-02-28 13:41:00,Technical,25.25,208
108526,2025-02-28 13:17:00,Technical,25.82,240
108527,2025-02-28 13:13:00,General,10.66,234
108528,2025-02-28 13:28:00,Billing,8.47,213
108529,2025-02-28 13:26:00,Technical,21.88,201
108530,2025-02-28 13:54:00,Billing,9.9,239
108531,2025-02-28 13:57:00,General,4.84,216
108532,2025-02-28 14:35:00,Technical,25.93,231
108533,2025-02-28 14:55:00,General,14.86,218
108534,2025-02-28 14:23:00,Billing,6.26,205
108535,2025-02-28 14:02:00,Technical,19.52,218
108536,2025-02-28 14:31:00,Technical,29.2,232
108537,2025-02-28 15:41:00,General,7.25,217
108538,2025-02-28 15:31:00,Billing,11.35,207
108539,2025-02-28 15:08:00,General,7.82,235
108540,2025-02-28 15:13:00,General,8.98,241
108541,2025-02-28 15:00:00,Billing,8.76,240
108542,2025-02-28 16:27:00,General,8.61,227
108543,2025-02-28 16:55:00,Billing,8.93,224
108544,2025-02-28 16:28:00,General,5.83,210
108545,2025-02-28 17:34:00,Billing,7.4,206
108546,2025-02-28 17:37:00,Billing,6.76,231
108547,2025-02-28 18:22:00,General,9.24,224
108548,2025-02-28 18:58:00,General,4.75,240
108549,2025-02-28 18:34:00,General,4.35,246
108550,2025-02-28 18:22:00,Technical,24.95,204
108551,2025-02-28 19:03:00,Billing,8.54,235
108552,2025-02-28 19:52:00,Billing,6.08,248
108553,2025-02-28 19:27:00,Technical,24.74,234
108554,2025-02-28 19:13:00,Billing,6.51,245
108555,2025-02-28 19:55:00,Billing,6.91,247
108556,2025-02-28 20:54:00,General,14.7,244
108557,2025-02-28 20:36:00,Technical,26.51,223
108558,2025-02-28 20:23:00,General,14.04,232
108559,2025-02-28 20:36:00,Technical,25.71,236
108560,2025-02-28 20:22:00,Billing,10.92,216
108561,2025-02-28 20:28:00,Billing,4.88,227
108562,2025-02-28 20:35:00,Technical,21.2,245
108563,2025-02-28 20:43:00,Technical,20.52,248
108564,2025-02-28 21:41:00,Billing,6.79,202
108565,2025-02-28 21:41:00,Billing,3.56,238
108566,2025-02-28 21:21:00,Technical,26.64,248
108567,2025-02-28 22:45:00,Technical,22.61,225
108568,2025-02-28 22:48:00,Billing,5.67,201
108569,2025-02-28 22:16:00,Billing,4.71,234
108570,2025-02-28 22:37:00,Technical,19.76,201
108571,2025-02-28 22:44:00,Billing,4.66,245
108572,2025-02-28 22:25:00,General,13.04,226
108573,2025-02-28 22:56:00,General,2.96,226
108574,2025-02-28 23:45:00,General,10.79,241
108575,2025-02-28 23:27:00,Technical,25.25,220
108576,2025-02-28 23:10:00,Billing,5.8,230
108577,2025-02-28 23:16:00,General,11.53,221
108578,2025-02-28 23:20:00,Technical,22.89,206
108579,2025-03-01 00:20:00,General,7.12,236
108580,2025-03-01 00:25:00,General,6.37,204
108581,2025-03-01 00:36:00,General,9.32,227
108582,2025-03-01 02:42:00,Billing,7.49,243
108583,2025-03-01 02:46:00,Technical,25.86,223
108584,2025-03-01 03:25:00,Technical,24.64,231
108585,2025-03-01 03:28:00,Billing,6.45,205
108586,2025-03-01 04:56:00,General,9.49,221
108587,2025-03-01 05:12:00,Technical,25.92,222
108588,2025-03-01 05:22:00,General,7.58,205
108589,2025-03-01 05:54:00,Technical,26.32,213
108590,2025-03-01 05:46:00,General,10.65,218
108591,2025-03-01 05:56:00,Billing,9.24,203
108592,2025-03-01 06:52:00,Billing,6.34,205
108593,2025-03-01 06:53:00,Billing,13.99,247
108594,2025-03-01 06:27:00,Technical,21.58,221
108595,2025-03-01 06:39:00,Billing,8.57,212
108596,2025-03-01 07:38:00,Billing,6.27,214
108597,2025-03-01 07:47:00,General,9.17,218
108598,2025-03-01 07:47:00,General,10.17,234
108599,2025-03-01 07:15:00,General,6.78,219
108600,2025-03-01 07:23:00,Technical,25.98,217
108601,2025-03-01 08:23:00,General,6.18,208
108602,2025-03-01 08:53:00,Technical,25.49,211
108603,2025-03-01 08:49:00,General,10.12,238
108604,2025-03-01 08:05:00,Billing,11.69,246
108605,2025-03-01 08:31:00,General,7.81,246
108606,2025-03-01 08:06:00,Technical,22.65,245
108607,2025-03-01 08:54:00,General,10.78,224
108608,2025-03-01 08:14:00,Billing,7.78,242
108609,2025-03-01 08:23:00,Technical,27.11,245
108610,2025-03-01 09:43:00,Billing,14.2,238
108611,2025-03-01 09:17:00,Technical,22.43,212
108612,2025-03-01 09:15:00,General,4.03,223
108613,2025-03-01 09:58:00,Technical,23.49,210
108614,2025-03-01 09:19:00,General,9.43,241
108615,2025-03-01 09:29:00,General,5.92,241
108616,2025-03-01 09:16:00,Billing,7.13,221
108617,2025-03-01 09:58:00,General,8.24,203
108618,2025-03-01 09:31:00,Billing,7.67,219
108619,2025-03-01 10:31:00,General,4.63,207
108620,2025-03-01 10:06:00,Billing,10.04,244
108621,2025-03-01 10:50:00,Technical,21.03,227
108622,2025-03-01 10:43:00,General,5.19,236
108623,2025-03-01 10:36:00,General,2.0,242
108624,2025-03-01 10:45:00,Technical,25.21,221
108625,2025-03-01 10:33:00,General,6.79,208
108626,2025-03-01 10:29:00,General,12.2,212
108627,2025-03-01 10:52:00,General,8.79,213
108628,2025-03-01 10:44:00,Technical,26.61,236
108629,2025-03-01 10:19:00,General,7.46,234
108630,2025-03-01 10:01:00,Technical,24.64,225
108631,2025-03-01 11:05:00,General,6.64,235
108632,2025-03-01 11:12:00,Billing,7.88,239
108633,2025-03-01 11:02:00,Technical,19.83,232
108634,2025-03-01 11:21:00,Technical,19.77,216
108635,2025-03-01 11:48:00,Billing,6.54,230
108636,2025-03-01 11:36:00,Billing,10.61,207
108637,2025-03-01 11:12:00,Billing,5.57,222
108638,2025-03-01 11:28:00,Technical,23.64,239
108639,2025-03-01 11:40:00,Billing,12.71,206
108640,2025-03-01 11:12:00,Technical,21.65,230
108641,2025-03-01 11:19:00,Billing,10.27,206
108642,2025-03-01 11:33:00,General,8.25,228
108643,2025-03-01 11:51:00,Technical,22.23,210
108644,2025-03-01 11:13:00,Billing,11.08,236
108645,2025-03-01 11:39:00,Billing,6.53,248
108646,2025-03-01 11:48:00,Technical,27.37,205
108647,2025-03-01 11:00:00,Technical,20.27,240
108648,2025-03-01 13:56:00,Technical,27.95,249
108649,2025-03-01 13:22:00,Billing,10.35,215
108650,2025-03-01 13:06:00,Technical,21.52,247
108651,2025-03-01 13:36:00,Technical,26.26,223
108652,2025-03-01 13:12:00,General,12.87,216
108653,2025-03-01 14:53:00,Billing,10.38,226
108654,2025-03-01 14:35:00,Technical,27.95,218
108655,2025-03-01 14:38:00,Billing,4.6,228
108656,2025-03-01 14:16:00,General,8.48,221
108657,2025-03-01 14:50:00,Billing,6.01,234
108658,2025-03-01 14:25:00,General,8.22,218
108659,2025-03-01 15:33:00,General,2.32,233
108660,2025-03-01 15:31:00,General,6.81,201
108661,2025-03-01 16:47:00,Technical,25.94,243
108662,2025-03-01 16:31:00,Technical,26.32,219
108663,2025-03-01 16:01:00,Technical,20.09,210
108664,2025-03-01 16:47:00,Billing,7.44,245
108665,2025-03-01 18:00:00,Billing,11.73,222
108666,2025-03-01 18:25:00,General,6.45,249
108667,2025-03-01 19:21:00,Technical,23.68,204
108668,2025-03-01 19:21:00,Billing,11.37,203
108669,2025-03-01 20:02:00,Billing,13.46,247
108670,2025-03-01 20:03:00,General,12.66,214
108671,2025-03-01 20:37:00,General,10.16,242
108672,2025-03-01 21:14:00,General,3.77,238
108673,2025-03-01 22:47:00,Billing,10.48,230
108674,2025-03-01 22:45:00,Technical,25.0,208
108675,2025-03-01 22:55:00,Billing,6.6,247
108676,2025-03-01 23:34:00,General,5.14,223
108677,2025-03-01 23:22:00,Billing,2.0,221
108678,2025-03-02 00:53:00,General,9.19,232
108679,2025-03-02 00:00:00,Billing,11.05,202
108680,2025-03-02 00:25:00,Technical,28.74,208
108681,2025-03-02 01:55:00,Billing,4.51,203
108682,2025-03-02 01:45:00,Billing,6.67,206
108683,2025-03-02 01:09:00,Billing,8.68,224
108684,2025-03-02 03:36:00,Billing,2.0,203
108685,2025-03-02 03:53:00,Billing,6.21,218
108686,2025-03-02 03:40:00,Billing,8.92,217
108687,2025-03-02 04:27:00,Technical,26.53,236
108688,2025-03-02 04:54:00,General,6.2,224
108689,2025-03-02 04:48:00,General,7.22,208
108690,2025-03-02 05:16:00,General,10.56,248
108691,2025-03-02 05:47:00,Billing,4.77,218
108692,2025-03-02 05:22:00,Technical,24.0,212
108693,2025-03-02 05:52:00,Billing,6.9,233
108694,2025-03-02 05:06:00,Technical,24.21,247
108695,2025-03-02 06:54:00,General,7.11,237
108696,2025-03-02 06:40:00,General,7.38,215
108697,2025-03-02 07:36:00,General,7.99,213
108698,2025-03-02 07:15:00,Technical,27.2,212
108699,2025-03-02 08:45:00,Billing,9.95,204
108700,2025-03-02 08:20:00,General,12.85,233
108701,2025-03-02 08:04:00,General,10.86,232
108702,2025-03-02 08:41:00,Technical,27.27,221
108703,2025-03-02 08:31:00,General,10.79,210
108704,2025-03-02 08:28:00,Billing,4.56,212
108705,2025-03-02 09:45:00,General,9.85,247
108706,2025-03-02 09:09:00,General,8.08,237
108707,2025-03-02 09:18:00,Billing,6.75,241
108708,2025-03-02 09:35:00,Technical,24.88,205
108709,2025-03-02 09:12:00,Technical,25.04,241
108710,2025-03-02 09:28:00,Billing,6.27,245
108711,2025-03-02 09:48:00,Billing,3.93,211
108712,2025-03-02 10:22:00,Technical,27.5,209
108713,2025-03-02 10:32:00,Billing,3.63,214
108714,2025-03-02 10:37:00,General,11.86,244
108715,2025-03-02 10:55:00,General,7.89,202
108716,2025-03-02 10:39:00,Billing,5.91,218
108717,2025-03-02 10:07:00,Technical,24.33,234
108718,2025-03-02 11:03:00,Technical,28.96,214
108719,2025-03-02 11:16:00,Billing,7.77,201
108720,2025-03-02 11:02:00,Billing,10.02,203
108721,2025-03-02 11:25:00,Billing,6.04,204
108722,2025-03-02 11:26:00,Technical,27.42,245
108723,2025-03-02 11:58:00,Billing,14.77,222
108724,2025-03-02 11:55:00,Technical,20.24,234
108725,2025-03-02 11:46:00,General,6.86,226
108726,2025-03-02 11:16:00,General,7.04,221
108727,2025-03-02 11:25:00,Billing,7.08,239
108728,2025-03-02 11:29:00,Billing,2.83,217
108729,2025-03-02 13:55:00,General,6.68,204
108730,2025-03-02 13:46:00,General,7.39,250
108731,2025-03-02 14:13:00,General,10.8,217
108732,2025-03-02 14:07:00,Technical,22.29,214
108733,2025-03-02 14:38:00,Billing,6.57,225
108734,2025-03-02 14:21:00,General,5.97,237
108735,2025-03-02 14:19:00,Billing,4.62,219
108736,2025-03-02 15:03:00,Billing,15.34,214
108737,2025-03-02 15:44:00,Billing,5.34,217
108738,2025-03-02 16:33:00,General,11.09,216
108739,2025-03-02 16:30:00,General,3.34,227
108740,2025-03-02 16:58:00,Technical,25.95,211
108741,2025-03-02 17:46:00,General,3.54,205
108742,2025-03-02 17:56:00,Technical,20.99,218
108743,2025-03-02 17:31:00,Billing,13.17,232
108744,2025-03-02 19:41:00,Billing,5.16,209
108745,2025-03-02 20:37:00,Technical,24.3,208
108746,2025-03-02 20:11:00,Technical,27.63,230
108747,2025-03-02 20:04:00,General,4.3,220
108748,2025-03-02 21:54:00,Billing,6.24,244
108749,2025-03-02 21:06:00,General,8.45,238
108750,2025-03-02 21:18:00,Billing,8.23,204
108751,2025-03-02 21:27:00,Technical,24.21,211
108752,2025-03-02 22:08:00,Billing,9.75,226
108753,2025-03-02 22:43:00,Technical,27.72,204
108754,2025-03-02 22:14:00,Technical,25.34,240
108755,2025-03-02 23:01:00,General,3.51,202
108756,2025-03-02 23:10:00,Technical,26.84,206
108757,2025-03-03 00:11:00,General,6.6,219
108758,2025-03-03 00:29:00,Billing,6.98,209
108759,2025-03-03 00:48:00,Technical,20.16,219
108760,2025-03-03 00:43:00,Billing,12.26,243
108761,2025-03-03 00:43:00,Billing,10.94,223
108762,2025-03-03 01:58:00,Billing,9.29,212
108763,2025-03-03 02:06:00,Technical,21.23,250
108764,2025-03-03 02:06:00,General,10.25,204
108765,2025-03-03 02:07:00,Billing,11.88,232
108766,2025-03-03 02:26:00,Technical,24.54,244
108767,2025-03-03 02:56:00,General,9.15,204
108768,2025-03-03 02:07:00,Technical,27.45,211
108769,2025-03-03 02:32:00,Technical,28.23,236
108770,2025-03-03 02:09:00,Technical,21.84,229
108771,2025-03-03 02:03:00,Billing,6.53,239
108772,2025-03-03 02:05:00,Technical,21.77,217
108773,2025-03-03 03:32:00,Technical,24.14,242
108774,2025-03-03 03:45:00,Billing,10.64,249
108775,2025-03-03 03:33:00,Billing,11.8,230
108776,2025-03-03 03:53:00,Billing,4.67,224
108777,2025-03-03 03:47:00,Billing,10.37,225
108778,2025-03-03 03:46:00,Billing,8.64,235
108779,2025-03-03 04:38:00,General,5.39,227
108780,2025-03-03 04:30:00,Technical,23.11,222
108781,2025-03-03 04:24:00,Billing,7.16,246
108782,2025-03-03 04:55:00,Billing,13.73,235
108783,2025-03-03 04:51:00,General,12.55,202
108784,2025-03-03 04:18:00,Technical,24.28,245
108785,2025-03-03 04:31:00,Billing,10.07,206
108786,2025-03-03 04:34:00,General,5.15,206
108787,2025-03-03 05:55:00,Technical,23.86,242
108788,2025-03-03 05:49:00,Technical,32.27,204
108789,2025-03-03 05:48:00,Billing,10.45,249
108790,2025-03-03 05:32:00,Technical,27.93,247
108791,2025-03-03 05:40:00,Technical,23.84,217
108792,2025-03-03 05:00:00,Billing,10.33,235
108793,2025-03-03 05:16:00,Technical,23.6,230
108794,2025-03-03 06:31:00,Billing,12.18,209
108795,2025-03-03 06:49:00,Billing,5.02,239
108796,2025-03-03 06:39:00,Billing,8.57,229
108797,2025-03-03 07:19:00,General,16.12,214
108798,2025-03-03 07:55:00,Billing,4.33,219
108799,2025-03-03 07:43:00,Technical,21.0,223
108800,2025-03-03 07:25:00,General,7.33,214
108801,2025-03-03 07:31:00,Billing,5.99,236
108802,2025-03-03 07:13:00,General,14.16,211
108803,2025-03-03 07:39:00,Billing,4.32,224
108804,2025-03-03 07:13:00,Billing,11.54,209
108805,2025-03-03 08:57:00,Billing,5.81,228
108806,2025-03-03 08:18:00,Technical,21.03,208
108807,2025-03-03 08:16:00,General,8.24,232
108808,2025-03-03 08:31:00,General,7.78,234
108809,2025-03-03 08:48:00,Technical,20.74,250
108810,2025-03-03 08:22:00,General,5.1,226
108811,2025-03-03 08:04:00,Billing,4.96,226
108812,2025-03-03 08:12:00,Technical,29.15,225
108813,2025-03-03 08:16:00,General,7.71,241
108814,2025-03-03 08:50:00,General,10.69,224
108815,2025-03-03 08:26:00,General,7.77,245
108816,2025-03-03 08:10:00,Billing,8.66,215
108817,2025-03-03 08:47:00,Billing,10.34,232
108818,2025-03-03 08:07:00,General,10.83,211
108819,2025-03-03 08:49:00,General,6.66,219
108820,2025-03-03 08:57:00,General,4.86,224
108821,2025-03-03 08:45:00,General,11.11,248
108822,2025-03-03 08:20:00,Billing,8.28,238
108823,2025-03-03 09:19:00,Technical,26.73,223
108824,2025-03-03 09:45:00,Technical,24.92,229
108825,2025-03-03 09:19:00,Technical,31.17,224
108826,2025-03-03 09:44:00,Billing,3.96,214
108827,2025-03-03 09:19:00,Billing,6.93,228
108828,2025-03-03 09:15:00,Billing,12.34,220
108829,2025-03-03 09:06:00,General,6.72,225
108830,2025-03-03 09:09:00,Billing,3.35,248
108831,2025-03-03 09:19:00,Billing,7.23,232
108832,2025-03-03 09:12:00,General,8.08,235
108833,2025-03-03 09:39:00,Billing,9.15,238
108834,2025-03-03 09:56:00,Billing,2.0,243
108835,2025-03-03 09:13:00,Billing,4.56,245
108836,2025-03-03 09:40:00,Billing,9.31,239
108837,2025-03-03 09:01:00,Billing,3.4,234
108838,2025-03-03 09:51:00,Billing,9.97,225
108839,2025-03-03 10:07:00,General,8.82,249
108840,2025-03-03 10:34:00,General,8.77,207
108841,2025-03-03 10:42:00,Technical,26.03,233
108842,2025-03-03 10:28:00,Technical,24.66,248
108843,2025-03-03 10:37:00,General,7.96,221
108844,2025-03-03 10:17:00,Technical,27.77,213
108845,2025-03-03 10:37:00,Billing,10.81,221
108846,2025-03-03 10:36:00,Billing,8.96,235
108847,2025-03-03 10:26:00,General,7.56,226
108848,2025-03-03 10:34:00,Technical,22.11,210
108849,2025-03-03 10:45:00,Billing,13.62,236
108850,2025-03-03 10:18:00,Billing,6.11,224
108851,2025-03-03 10:12:00,Billing,8.24,245
108852,2025-03-03 10:15:00,Technical,20.84,246
108853,2025-03-03 10:15:00,General,8.06,208
108854,2025-03-03 10:43:00,Billing,8.0,205
108855,2025-03-03 10:39:00,Technical,25.46,228
108856,2025-03-03 10:43:00,Billing,7.48,244
108857,2025-03-03 10:58:00,General,10.85,242
108858,2025-03-03 11:02:00,General,11.45,210
108859,2025-03-03 11:17:00,Billing,6.06,228
108860,2025-03-03 11:52:00,General,6.79,217
108861,2025-03-03 11:40:00,Technical,26.37,243
108862,2025-03-03 11:04:00,Billing,10.24,218
108863,2025-03-03 11:50:00,General,5.67,228
108864,2025-03-03 11:16:00,Billing,9.21,231
108865,2025-03-03 11:22:00,Billing,10.63,201
108866,2025-03-03 11:02:00,Technical,23.33,212
108867,2025-03-03 11:15:00,Technical,29.59,229
108868,2025-03-03 11:42:00,Billing,14.78,250
108869,2025-03-03 11:12:00,Technical,23.79,217
108870,2025-03-03 11:18:00,General,4.65,225
108871,2025-03-03 11:01:00,Technical,31.18,225
108872,2025-03-03 11:20:00,Billing,12.59,229
108873,2025-03-03 12:54:00,General,6.04,241
108874,2025-03-03 12:17:00,General,7.82,207
108875,2025-03-03 12:21:00,Technical,24.95,228
108876,2025-03-03 12:15:00,Billing,9.42,229
108877,2025-03-03 12:16:00,Billing,11.1,242
108878,2025-03-03 13:44:00,General,5.85,244
108879,2025-03-03 13:54:00,General,7.04,245
108880,2025-03-03 13:23:00,Technical,24.5,243
108881,2025-03-03 14:55:00,Technical,25.53,237
108882,2025-03-03 14:38:00,General,9.78,244
108883,2025-03-03 14:54:00,Technical,24.49,223
108884,2025-03-03 14:23:00,Billing,8.56,207
108885,2025-03-03 15:41:00,General,9.31,235
108886,2025-03-03 15:08:00,Billing,5.28,220
108887,2025-03-03 15:57:00,Billing,6.18,223
108888,2025-03-03 15:53:00,Billing,10.28,249
108889,2025-03-03 15:02:00,General,9.95,212
108890,2025-03-03 16:48:00,Technical,25.29,226
108891,2025-03-03 16:44:00,General,5.92,250
108892,2025-03-03 16:06:00,Billing,13.15,241
108893,2025-03-03 16:24:00,Technical,24.54,235
108894,2025-03-03 16:52:00,Billing,8.22,206
108895,2025-03-03 16:48:00,Technical,29.62,241
108896,2025-03-03 16:32:00,Billing,11.0,225
108897,2025-03-03 17:41:00,Technical,35.92,241
108898,2025-03-03 17:36:00,Technical,26.07,249
108899,2025-03-03 17:04:00,General,7.67,206
108900,2025-03-03 17:54:00,General,2.0,210
108901,2025-03-03 17:52:00,Billing,6.7,239
108902,2025-03-03 17:16:00,General,7.37,236
108903,2025-03-03 17:58:00,Technical,29.25,225
108904,2025-03-03 17:55:00,General,6.61,226
108905,2025-03-03 17:05:00,General,3.29,219
108906,2025-03-03 18:13:00,General,8.14,208
108907,2025-03-03 18:55:00,General,13.4,211
108908,2025-03-03 18:44:00,Technical,29.85,249
108909,2025-03-03 18:43:00,General,5.83,246
108910,2025-03-03 18:30:00,Technical,24.36,249
108911,2025-03-03 18:43:00,Technical,25.68,242
108912,2025-03-03 19:34:00,General,4.78,237
108913,2025-03-03 19:07:00,Technical,18.45,225
108914,2025-03-03 19:56:00,General,13.37,249
108915,2025-03-03 19:13:00,Billing,8.95,208
108916,2025-03-03 19:23:00,Billing,9.97,246
108917,2025-03-03 20:52:00,Technical,24.65,207
108918,2025-03-03 20:51:00,Technical,23.35,213
108919,2025-03-03 20:08:00,Billing,4.64,222
108920,2025-03-03 20:22:00,Billing,8.28,238
108921,2025-03-03 21:03:00,Billing,12.79,226
108922,2025-03-03 21:17:00,General,12.51,210
108923,2025-03-03 21:24:00,General,4.4,247
108924,2025-03-03 21:16:00,Billing,9.32,213
108925,2025-03-03 21:27:00,Technical,23.82,204
108926,2025-03-03 22:14:00,Billing,12.06,217
108927,2025-03-03 22:32:00,Technical,23.88,216
108928,2025-03-03 22:26:00,Billing,5.33,212
108929,2025-03-03 22:24:00,Technical,20.7,217
108930,2025-03-03 22:49:00,Technical,21.7,215
108931,2025-03-03 23:55:00,General,5.4,230
108932,2025-03-03 23:02:00,Billing,5.17,238
108933,2025-03-03 23:22:00,General,10.84,245
108934,2025-03-03 23:19:00,Billing,6.85,228
108935,2025-03-04 00:32:00,Billing,7.67,236
108936,2025-03-04 00:38:00,Technical,24.75,215
108937,2025-03-04 00:34:00,Technical,23.01,205
108938,2025-03-04 00:21:00,Billing,7.92,234
108939,2025-03-04 00:56:00,Technical,24.21,214
108940,2025-03-04 00:16:00,Billing,7.94,234
108941,2025-03-04 00:10:00,Technical,28.87,235
108942,2025-03-04 00:49:00,General,11.52,233
108943,2025-03-04 01:28:00,Technical,23.49,231
108944,2025-03-04 01:42:00,General,4.38,238
108945,2025-03-04 01:00:00,Billing,5.47,218
108946,2025-03-04 01:00:00,Technical,29.42,227
108947,2025-03-04 02:25:00,General,8.43,228
108948,2025-03-04 02:32:00,Billing,9.07,207
108949,2025-03-04 02:35:00,General,7.59,221
108950,2025-03-04 03:14:00,General,5.6,202
108951,2025-03-04 03:29:00,Technical,24.76,217
108952,2025-03-04 03:45:00,Technical,31.61,232
108953,2025-03-04 03:03:00,Technical,25.24,225
108954,2025-03-04 03:24:00,Technical,21.14,249
108955,2025-03-04 04:04:00,Technical,25.37,240
108956,2025-03-04 04:41:00,Technical,22.02,222
108957,2025-03-04 04:39:00,Billing,6.02,228
108958,2025-03-04 04:31:00,Billing,5.67,249
108959,2025-03-04 05:39:00,Technical,26.44,248
108960,2025-03-04 05:57:00,General,5.71,234
108961,2025-03-04 05:55:00,Technical,20.57,232
108962,2025-03-04 05:44:00,General,7.35,236
108963,2025-03-04 05:15:00,Technical,26.94,232
108964,2025-03-04 06:51:00,General,7.36,201
108965,2025-03-04 06:36:00,Billing,6.72,215
108966,2025-03-04 06:46:00,Technical,24.69,227
108967,2025-03-04 07:23:00,Billing,11.57,222
108968,2025-03-04 07:25:00,Billing,11.01,219
108969,2025-03-04 07:55:00,General,6.15,205
108970,2025-03-04 07:44:00,Billing,8.95,212
108971,2025-03-04 07:10:00,Technical,25.61,208
108972,2025-03-04 08:34:00,Billing,9.33,219
108973,2025-03-04 08:50:00,Billing,7.41,239
108974,2025-03-04 08:39:00,General,9.99,250
108975,2025-03-04 08:50:00,General,7.88,250
108976,2025-03-04 08:04:00,Billing,7.03,227
108977,2025-03-04 08:08:00,General,8.81,240
108978,2025-03-04 09:08:00,Technical,20.43,238
108979,2025-03-04 09:04:00,Billing,8.65,225
108980,2025-03-04 09:36:00,Technical,25.37,220
108981,2025-03-04 09:10:00,Billing,8.66,229
108982,2025-03-04 09:54:00,General,12.94,206
108983,2025-03-04 09:52:00,General,11.6,248
108984,2025-03-04 09:22:00,Billing,2.0,216
108985,2025-03-04 09:56:00,Technical,24.45,239
108986,2025-03-04 09:08:00,Technical,25.42,216
108987,2025-03-04 09:28:00,Technical,24.32,223
108988,2025-03-04 09:54:00,Technical,25.67,231
108989,2025-03-04 09:41:00,Billing,9.7,227
108990,2025-03-04 09:20:00,General,2.0,215
108991,2025-03-04 09:44:00,General,6.84,219
108992,2025-03-04 09:50:00,General,8.32,249
108993,2025-03-04 09:27:00,Technical,28.0,212
108994,2025-03-04 09:40:00,Billing,4.97,250
108995,2025-03-04 09:35:00,General,6.65,223
108996,2025-03-04 09:07:00,Billing,5.53,228
108997,2025-03-04 09:41:00,Technical,24.66,237
108998,2025-03-04 09:15:00,Billing,12.02,211
108999,2025-03-04 09:21:00,General,2.0,205
109000,2025-03-04 10:17:00,Billing,6.91,231
109001,2025-03-04 10:54:00,Technical,26.86,218
109002,2025-03-04 10:54:00,General,7.5,239
109003,2025-03-04 10:44:00,Technical,28.57,225
109004,2025-03-04 10:13:00,Billing,5.89,230
109005,2025-03-04 10:13:00,General,9.9,229
109006,2025-03-04 10:15:00,Billing,12.43,238
109007,2025-03-04 10:46:00,Billing,8.12,224
109008,2025-03-04 10:55:00,Technical,27.6,223
109009,2025-03-04 10:48:00,Technical,27.09,227
109010,2025-03-04 10:30:00,Billing,9.85,210
109011,2025-03-04 10:00:00,Billing,6.05,216
109012,2025-03-04 11:03:00,Billing,7.61,230
109013,2025-03-04 11:24:00,Billing,10.13,242
109014,2025-03-04 11:31:00,General,5.52,210
109015,2025-03-04 11:24:00,Billing,5.82,225
109016,2025-03-04 11:37:00,General,11.24,205
109017,2025-03-04 11:07:00,Billing,5.72,233
109018,2025-03-04 11:13:00,Billing,8.03,215
109019,2025-03-04 11:01:00,General,6.91,229
109020,2025-03-04 11:51:00,Billing,9.75,205
109021,2025-03-04 11:31:00,General,9.03,229
109022,2025-03-04 11:20:00,Billing,3.56,214
109023,2025-03-04 11:42:00,Billing,9.69,222
109024,2025-03-04 11:37:00,Technical,32.84,221
109025,2025-03-04 11:02:00,Billing,6.61,238
109026,2025-03-04 11:51:00,Technical,21.51,209
109027,2025-03-04 11:42:00,Billing,9.05,207
109028,2025-03-04 11:57:00,General,10.67,213
109029,2025-03-04 11:39:00,Technical,23.5,213
109030,2025-03-04 11:52:00,Technical,24.05,249
109031,2025-03-04 11:24:00,Billing,7.55,220
109032,2025-03-04 11:48:00,General,6.45,239
109033,2025-03-04 11:33:00,Technical,26.9,246
109034,2025-03-04 11:50:00,Billing,5.65,229
109035,2025-03-04 11:16:00,Billing,8.19,220
109036,2025-03-04 12:50:00,General,10.65,220
109037,2025-03-04 12:14:00,Billing,12.17,203
109038,2025-03-04 12:48:00,Billing,3.34,244
109039,2025-03-04 12:12:00,Billing,14.36,208
109040,2025-03-04 13:14:00,Billing,6.88,211
109041,2025-03-04 13:06:00,General,8.28,246
109042,2025-03-04 13:12:00,Billing,9.26,243
109043,2025-03-04 13:17:00,Billing,12.77,223
109044,2025-03-04 13:45:00,Technical,24.88,223
109045,2025-03-04 13:30:00,Technical,23.68,238
109046,2025-03-04 13:56:00,Technical,23.15,213
109047,2025-03-04 14:39:00,General,10.44,215
109048,2025-03-04 14:39:00,Billing,13.09,242
109049,2025-03-04 14:01:00,General,7.38,229
109050,2025-03-04 15:27:00,General,7.72,223
109051,2025-03-04 16:40:00,General,9.64,244
109052,2025-03-04 16:05:00,General,6.42,224
109053,2025-03-04 16:31:00,Billing,6.46,247
109054,2025-03-04 17:15:00,Billing,3.58,244
109055,2025-03-04 17:20:00,Billing,4.32,231
109056,2025-03-04 17:34:00,Technical,24.16,245
109057,2025-03-04 17:31:00,Billing,8.29,205
109058,2025-03-04 17:38:00,Technical,30.47,202
109059,2025-03-04 17:08:00,General,11.49,202
109060,2025-03-04 17:31:00,Technical,27.58,208
109061,2025-03-04 18:09:00,Billing,11.72,201
109062,2025-03-04 18:45:00,Billing,7.09,212
109063,2025-03-04 18:48:00,General,8.81,232
109064,2025-03-04 18:34:00,General,2.04,216
109065,2025-03-04 18:03:00,Technical,32.51,209
109066,2025-03-04 18:56:00,Billing,2.0,203
109067,2025-03-04 18:13:00,Billing,7.03,214
109068,2025-03-04 18:14:00,Billing,5.81,207
109069,2025-03-04 18:18:00,General,5.18,206
109070,2025-03-04 19:08:00,Technical,20.42,213
109071,2025-03-04 19:19:00,General,5.14,221
109072,2025-03-04 19:16:00,General,8.36,245
109073,2025-03-04 19:44:00,General,10.59,249
109074,2025-03-04 19:28:00,Billing,3.17,208
109075,2025-03-04 19:16:00,Technical,26.12,221
109076,2025-03-04 20:28:00,General,10.6,204
109077,2025-03-04 20:57:00,Billing,9.63,235
109078,2025-03-04 20:08:00,Billing,7.0,220
109079,2025-03-04 20:08:00,Technical,21.89,218
109080,2025-03-04 20:34:00,Billing,6.2,240
109081,2025-03-04 20:35:00,Billing,6.22,247
109082,2025-03-04 20:53:00,Technical,20.48,217
109083,2025-03-04 20:28:00,Billing,12.39,223
109084,2025-03-04 20:01:00,Technical,22.01,245
109085,2025-03-04 21:58:00,Technical,21.5,207
109086,2025-03-04 21:07:00,Billing,8.11,218
109087,2025-03-04 21:50:00,Billing,10.33,236
109088,2025-03-04 21:01:00,Billing,7.83,201
109089,2025-03-04 21:47:00,Billing,2.81,237
109090,2025-03-04 21:14:00,Billing,10.26,204
109091,2025-03-04 21:29:00,Billing,6.31,213
109092,2025-03-04 21:00:00,Billing,4.03,247
109093,2025-03-04 21:53:00,Billing,14.48,204
109094,2025-03-04 21:36:00,Billing,8.34,232
109095,2025-03-04 21:37:00,Technical,24.02,249
109096,2025-03-04 22:50:00,General,10.41,242
109097,2025-03-04 22:53:00,Technical,29.69,245
109098,2025-03-04 22:33:00,Technical,22.7,216
109099,2025-03-04 23:53:00,Technical,23.0,203
109100,2025-03-04 23:35:00,Technical,27.94,219
109101,2025-03-05 00:35:00,Billing,15.4,240
109102,2025-03-05 00:52:00,Billing,8.51,235
109103,2025-03-05 00:01:00,Technical,23.35,218
109104,2025-03-05 00:31:00,Billing,5.77,241
109105,2025-03-05 00:05:00,General,4.31,211
109106,2025-03-05 00:04:00,Technical,27.95,221
109107,2025-03-05 00:08:00,General,10.77,205
109108,2025-03-05 00:15:00,Billing,6.36,202
109109,2025-03-05 01:36:00,Technical,24.22,236
109110,2025-03-05 01:04:00,Billing,9.35,245
109111,2025-03-05 01:18:00,Billing,8.06,239
109112,2025-03-05 01:17:00,General,4.79,250
109113,2025-03-05 01:50:00,Billing,10.24,217
109114,2025-03-05 02:49:00,General,7.86,240
109115,2025-03-05 02:13:00,Billing,2.03,202
109116,2025-03-05 02:29:00,Billing,6.31,215
109117,2025-03-05 02:00:00,General,6.01,217
109118,2025-03-05 02:33:00,Billing,4.17,243
109119,2025-03-05 02:01:00,Billing,6.11,216
109120,2025-03-05 02:13:00,General,10.74,246
109121,2025-03-05 02:21:00,Billing,8.57,218
109122,2025-03-05 03:25:00,Technical,24.01,210
109123,2025-03-05 03:32:00,General,13.21,245
109124,2025-03-05 03:28:00,General,3.9,244
109125,2025-03-05 03:22:00,General,9.77,243
109126,2025-03-05 03:11:00,General,8.65,234
109127,2025-03-05 03:53:00,Billing,7.63,236
109128,2025-03-05 04:50:00,Billing,12.6,234
109129,2025-03-05 04:57:00,Billing,8.1,246
109130,2025-03-05 04:22:00,General,10.04,218
109131,2025-03-05 05:05:00,Technical,31.05,217
109132,2025-03-05 05:45:00,General,9.71,211
109133,2025-03-05 05:31:00,Billing,4.76,217
109134,2025-03-05 05:06:00,Technical,21.72,235
109135,2025-03-05 05:36:00,Billing,8.36,237
109136,2025-03-05 05:04:00,Technical,23.11,238
109137,2025-03-05 06:56:00,General,11.28,202
109138,2025-03-05 06:39:00,Technical,25.0,229
109139,2025-03-05 06:09:00,General,12.89,219
109140,2025-03-05 06:56:00,Billing,8.0,214
109141,2025-03-05 06:20:00,General,2.63,216
109142,2025-03-05 07:46:00,Billing,2.49,224
109143,2025-03-05 07:20:00,General,5.13,231
109144,2025-03-05 08:32:00,General,11.23,244
109145,2025-03-05 08:19:00,General,5.81,241
109146,2025-03-05 08:41:00,General,6.08,250
109147,2025-03-05 08:19:00,Billing,10.41,223
109148,2025-03-05 08:39:00,General,6.98,216
109149,2025-03-05 08:36:00,Technical,24.24,213
109150,2025-03-05 08:58:00,General,9.73,214
109151,2025-03-05 08:29:00,Technical,29.38,246
109152,2025-03-05 08:40:00,General,7.35,225
109153,2025-03-05 08:46:00,General,7.75,221
109154,2025-03-05 08:30:00,Technical,26.56,230
109155,2025-03-05 08:17:00,Technical,21.19,232
109156,2025-03-05 08:13:00,Technical,21.68,238
109157,2025-03-05 08:21:00,General,8.69,216
109158,2025-03-05 09:22:00,Billing,6.98,246
109159,2025-03-05 09:17:00,General,7.57,246
109160,2025-03-05 09:47:00,Technical,20.06,242
109161,2025-03-05 09:52:00,Billing,7.45,218
109162,2025-03-05 09:14:00,Technical,23.77,205
109163,2025-03-05 09:40:00,Billing,2.12,232
109164,2025-03-05 09:44:00,Billing,8.09,223
109165,2025-03-05 09:35:00,Technical,29.68,242
109166,2025-03-05 09:16:00,Billing,4.1,231
109167,2025-03-05 09:13:00,General,6.78,235
109168,2025-03-05 09:58:00,Billing,10.41,236
109169,2025-03-05 09:19:00,Billing,5.76,225
109170,2025-03-05 09:08:00,Billing,5.95,243
109171,2025-03-05 09:56:00,Technical,29.23,221
109172,2025-03-05 10:34:00,Billing,13.67,225
109173,2025-03-05 10:30:00,Billing,7.02,207
109174,2025-03-05 10:58:00,General,7.63,224
109175,2025-03-05 10:06:00,Billing,7.19,238
109176,2025-03-05 10:31:00,Billing,10.22,210
109177,2025-03-05 10:10:00,Technical,23.89,248
109178,2025-03-05 10:07:00,Technical,24.69,206
109179,2025-03-05 10:04:00,Technical,24.39,206
109180,2025-03-05 10:53:00,Technical,24.69,249
109181,2025-03-05 10:49:00,Technical,25.59,247
109182,2025-03-05 10:34:00,General,11.47,219
109183,2025-03-05 10:32:00,Billing,8.63,232
109184,2025-03-05 11:51:00,Technical,20.23,226
109185,2025-03-05 11:00:00,Billing,6.89,213
109186,2025-03-05 11:58:00,Billing,7.01,209
109187,2025-03-05 11:53:00,Technical,28.97,235
109188,2025-03-05 11:11:00,Billing,9.58,213
109189,2025-03-05 11:39:00,General,6.88,204
109190,2025-03-05 11:41:00,Technical,26.32,229
109191,2025-03-05 11:02:00,Billing,5.63,220
109192,2025-03-05 11:18:00,Billing,5.85,228
109193,2025-03-05 11:34:00,Billing,6.96,222
109194,2025-03-05 11:48:00,Billing,11.13,209
109195,2025-03-05 11:32:00,General,10.25,208
109196,2025-03-05 11:49:00,Technical,26.75,245
109197,2025-03-05 11:25:00,Technical,24.54,203
109198,2025-03-05 12:11:00,General,9.86,209
109199,2025-03-05 12:46:00,Billing,4.58,226
109200,2025-03-05 12:08:00,General,9.77,222
109201,2025-03-05 12:53:00,Billing,13.23,216
109202,2025-03-05 12:47:00,Billing,5.14,235
109203,2025-03-05 12:52:00,General,7.12,238
109204,2025-03-05 13:16:00,General,8.0,229
109205,2025-03-05 13:38:00,Billing,5.02,232
109206,2025-03-05 13:10:00,Billing,8.46,214
109207,2025-03-05 13:39:00,Billing,10.03,245
109208,2025-03-05 14:20:00,Technical,23.64,225
109209,2025-03-05 14:02:00,Billing,9.94,222
109210,2025-03-05 14:21:00,Technical,21.23,247
109211,2025-03-05 14:18:00,Billing,8.34,236
109212,2025-03-05 14:29:00,General,7.39,221
109213,2025-03-05 14:44:00,Billing,6.48,240
109214,2025-03-05 14:41:00,Billing,8.24,209
109215,2025-03-05 15:49:00,Technical,23.41,233
109216,2025-03-05 15:38:00,Technical,23.61,220
109217,2025-03-05 15:30:00,Billing,2.0,230
109218,2025-03-05 15:20:00,Technical,24.59,201
109219,2025-03-05 15:12:00,Billing,6.43,207
109220,2025-03-05 15:37:00,Billing,9.11,208
109221,2025-03-05 16:13:00,General,11.31,245
109222,2025-03-05 16:19:00,Billing,7.07,212
109223,2025-03-05 16:46:00,Billing,4.33,218
109224,2025-03-05 16:28:00,General,9.01,235
109225,2025-03-05 16:11:00,Billing,5.43,210
109226,2025-03-05 17:02:00,Billing,8.86,202
109227,2025-03-05 17:53:00,General,6.87,230
109228,2025-03-05 17:55:00,Technical,29.31,217
109229,2025-03-05 17:52:00,Technical,20.11,214
109230,2025-03-05 18:38:00,Billing,8.67,219
109231,2025-03-05 18:27:00,General,12.48,212
109232,2025-03-05 18:14:00,Technical,21.82,236
109233,2025-03-05 19:28:00,Technical,21.61,219
109234,2025-03-05 19:51:00,General,10.05,249
109235,2025-03-05 19:54:00,General,7.83,250
109236,2025-03-05 19:20:00,Billing,10.3,213
109237,2025-03-05 20:48:00,Billing,7.43,211
109238,2025-03-05 20:57:00,General,5.19,214
109239,2025-03-05 20:52:00,Billing,9.93,229
109240,2025-03-05 20:27:00,Billing,7.9,219
109241,2025-03-05 20:35:00,General,7.34,224
109242,2025-03-05 21:01:00,General,7.83,211
109243,2025-03-05 21:46:00,Technical,25.69,218
109244,2025-03-05 21:18:00,Billing,8.44,219
109245,2025-03-05 22:10:00,Billing,6.85,250
109246,2025-03-05 22:48:00,Billing,8.37,221
109247,2025-03-05 23:19:00,Billing,7.77,220
109248,2025-03-05 23:52:00,Billing,7.81,207
109249,2025-03-05 23:46:00,General,6.35,225
109250,2025-03-05 23:18:00,Technical,25.32,229
109251,2025-03-05 23:03:00,Technical,24.52,237
109252,2025-03-06 00:47:00,Technical,22.84,234
109253,2025-03-06 00:29:00,Billing,6.78,247
109254,2025-03-06 00:52:00,Technical,24.8,241
109255,2025-03-06 01:27:00,Billing,10.58,236
109256,2025-03-06 01:22:00,Billing,13.75,244
109257,2025-03-06 01:56:00,Billing,7.55,222
109258,2025-03-06 01:04:00,Billing,5.43,232
109259,2025-03-06 02:01:00,General,4.8,248
109260,2025-03-06 02:18:00,Technical,20.27,210
109261,2025-03-06 02:37:00,General,8.27,227
109262,2025-03-06 02:00:00,Technical,28.9,243
109263,2025-03-06 02:58:00,Billing,8.18,207
109264,2025-03-06 02:32:00,General,11.53,225
109265,2025-03-06 03:24:00,Billing,3.85,238
109266,2025-03-06 03:07:00,Billing,8.19,219
109267,2025-03-06 03:17:00,Technical,25.18,219
109268,2025-03-06 03:50:00,Billing,8.57,207
109269,2025-03-06 03:36:00,Billing,10.08,205
109270,2025-03-06 03:14:00,Billing,10.8,216
109271,2025-03-06 04:39:00,General,4.86,214
109272,2025-03-06 04:09:00,Billing,11.38,221
109273,2025-03-06 05:15:00,Billing,9.59,235
109274,2025-03-06 05:04:00,Technical,28.97,250
109275,2025-03-06 05:23:00,Technical,26.65,215
109276,2025-03-06 05:04:00,Billing,7.43,232
109277,2025-03-06 05:47:00,Billing,10.92,223
109278,2025-03-06 06:22:00,Billing,13.11,227
109279,2025-03-06 06:39:00,Technical,20.23,219
109280,2025-03-06 06:24:00,General,10.66,207
109281,2025-03-06 06:39:00,Billing,4.33,250
109282,2025-03-06 06:37:00,Technical,25.34,230
109283,2025-03-06 06:08:00,General,6.98,219
109284,2025-03-06 06:18:00,Technical,21.66,206
109285,2025-03-06 07:20:00,Technical,28.53,249
109286,2025-03-06 07:02:00,General,3.08,209
109287,2025-03-06 07:21:00,General,6.41,204
109288,2025-03-06 07:41:00,Billing,16.76,219
109289,2025-03-06 07:40:00,General,9.1,224
109290,2025-03-06 07:31:00,General,5.3,233
109291,2025-03-06 07:52:00,Billing,8.66,247
109292,2025-03-06 07:13:00,General,9.03,234
109293,2025-03-06 07:00:00,Billing,10.0,222
109294,2025-03-06 08:01:00,Billing,4.75,202
109295,2025-03-06 08:37:00,General,11.24,228
109296,2025-03-06 08:36:00,Technical,25.48,242
109297,2025-03-06 08:12:00,Billing,9.19,224
109298,2025-03-06 08:27:00,General,6.97,226
109299,2025-03-06 08:00:00,General,2.26,210
109300,2025-03-06 08:50:00,Technical,25.14,232
109301,2025-03-06 08:12:00,Billing,5.7,217
109302,2025-03-06 08:01:00,Billing,12.8,232
109303,2025-03-06 08:53:00,Billing,11.36,231
109304,2025-03-06 08:15:00,General,8.3,225
109305,2025-03-06 08:16:00,Billing,10.04,231
109306,2025-03-06 08:42:00,Technical,26.48,243
109307,2025-03-06 08:57:00,Technical,21.17,215
109308,2025-03-06 08:42:00,Technical,22.89,225
109309,2025-03-06 08:25:00,Billing,9.07,203
109310,2025-03-06 08:15:00,General,9.58,243
109311,2025-03-06 08:25:00,Billing,9.97,245
109312,2025-03-06 09:00:00,Billing,12.32,225
109313,2025-03-06 09:09:00,Billing,9.04,218
109314,2025-03-06 09:19:00,Technical,23.24,222
109315,2025-03-06 09:39:00,Technical,28.95,250
109316,2025-03-06 09:40:00,Billing,8.11,242
109317,2025-03-06 09:26:00,Billing,6.48,217
109318,2025-03-06 09:54:00,Technical,24.12,243
109319,2025-03-06 09:47:00,Billing,4.76,223
109320,2025-03-06 09:29:00,General,7.21,235
109321,2025-03-06 09:45:00,General,13.13,219
109322,2025-03-06 09:44:00,General,2.0,222
109323,2025-03-06 09:31:00,General,9.32,226
109324,2025-03-06 09:28:00,General,3.45,235
109325,2025-03-06 10:54:00,Billing,9.48,245
109326,2025-03-06 10:06:00,General,7.3,219
109327,2025-03-06 10:24:00,General,3.43,209
109328,2025-03-06 10:37:00,Technical,27.23,202
109329,2025-03-06 10:55:00,General,9.13,236
109330,2025-03-06 10:23:00,Billing,10.22,249
109331,2025-03-06 10:47:00,General,9.75,235
109332,2025-03-06 10:25:00,Billing,5.17,249
109333,2025-03-06 10:42:00,General,15.69,226
109334,2025-03-06 10:43:00,Billing,12.87,218
109335,2025-03-06 10:24:00,Billing,5.56,248
109336,2025-03-06 10:20:00,Billing,8.32,224
109337,2025-03-06 10:03:00,General,6.2,208
109338,2025-03-06 10:34:00,General,9.91,239
109339,2025-03-06 10:46:00,Billing,7.73,207
109340,2025-03-06 10:55:00,General,7.32,207
109341,2025-03-06 10:07:00,Billing,10.01,244
109342,2025-03-06 10:25:00,Billing,14.79,234
109343,2025-03-06 11:39:00,General,9.45,239
109344,2025-03-06 11:21:00,Technical,20.76,250
109345,2025-03-06 11:46:00,Billing,11.51,243
109346,2025-03-06 11:56:00,General,8.97,207
109347,2025-03-06 11:08:00,Billing,7.27,227
109348,2025-03-06 11:12:00,Billing,6.38,245
109349,2025-03-06 11:00:00,Billing,7.04,242
109350,2025-03-06 11:12:00,Technical,27.65,219
109351,2025-03-06 11:06:00,Billing,8.88,215
109352,2025-03-06 11:58:00,General,12.64,230
109353,2025-03-06 11:00:00,Billing,2.0,216
109354,2025-03-06 11:47:00,General,7.91,240
109355,2025-03-06 11:02:00,Billing,9.99,201
109356,2025-03-06 11:16:00,Technical,25.52,248
109357,2025-03-06 11:38:00,Billing,5.72,223
109358,2025-03-06 12:25:00,Technical,32.32,230
109359,2025-03-06 12:10:00,General,13.34,217
109360,2025-03-06 12:14:00,Billing,9.4,220
109361,2025-03-06 12:58:00,General,10.0,222
109362,2025-03-06 12:26:00,General,7.7,211
109363,2025-03-06 12:15:00,Billing,6.08,224
109364,2025-03-06 12:41:00,Technical,25.55,245
109365,2025-03-06 13:24:00,Billing,2.03,232
109366,2025-03-06 13:37:00,General,6.69,241
109367,2025-03-06 13:31:00,General,2.29,216
109368,2025-03-06 13:26:00,Billing,4.94,223
109369,2025-03-06 13:33:00,General,9.73,223
109370,2025-03-06 14:33:00,Billing,11.31,229
109371,2025-03-06 14:44:00,General,5.92,205
109372,2025-03-06 14:02:00,General,8.22,235
109373,2025-03-06 14:56:00,General,10.54,207
109374,2025-03-06 15:11:00,General,5.44,243
109375,2025-03-06 15:44:00,Billing,13.41,208
109376,2025-03-06 15:49:00,Billing,10.22,211
109377,2025-03-06 15:37:00,Technical,24.38,228
109378,2025-03-06 15:36:00,General,10.69,226
109379,2025-03-06 15:02:00,General,14.84,220
109380,2025-03-06 15:27:00,General,11.7,203
109381,2025-03-06 16:07:00,Billing,4.92,209
109382,2025-03-06 16:54:00,Billing,8.92,240
109383,2025-03-06 16:02:00,Billing,7.57,219
109384,2025-03-06 17:10:00,Technical,27.71,210
109385,2025-03-06 17:20:00,Billing,5.88,225
109386,2025-03-06 17:07:00,Technical,23.18,234
109387,2025-03-06 17:00:00,Billing,6.68,203
109388,2025-03-06 17:46:00,Billing,8.2,250
109389,2025-03-06 17:05:00,Technical,22.61,247
109390,2025-03-06 17:51:00,Billing,8.07,245
109391,2025-03-06 17:35:00,Technical,28.99,209
109392,2025-03-06 18:01:00,General,4.39,204
109393,2025-03-06 18:00:00,Billing,6.17,228
109394,2025-03-06 18:54:00,General,8.21,243
109395,2025-03-06 19:27:00,Billing,12.91,202
109396,2025-03-06 19:43:00,Technical,20.05,221
109397,2025-03-06 20:01:00,Technical,22.16,217
109398,2025-03-06 20:10:00,Billing,9.73,223
109399,2025-03-06 20:49:00,Billing,10.11,247
109400,2025-03-06 20:26:00,Billing,8.59,234
109401,2025-03-06 20:17:00,General,5.26,211
109402,2025-03-06 20:45:00,Technical,28.95,241
109403,2025-03-06 20:36:00,Billing,2.0,211
109404,2025-03-06 20:05:00,General,8.22,247
109405,2025-03-06 20:21:00,General,10.16,203
109406,2025-03-06 20:45:00,General,3.33,237
109407,2025-03-06 21:12:00,Technical,20.55,246
109408,2025-03-06 21:17:00,Technical,26.8,207
109409,2025-03-06 21:23:00,Billing,5.79,222
109410,2025-03-06 21:51:00,Billing,7.54,235
109411,2025-03-06 22:21:00,Technical,29.45,204
109412,2025-03-06 22:53:00,Billing,4.81,219
109413,2025-03-06 22:50:00,Billing,4.79,231
109414,2025-03-06 22:14:00,Technical,30.44,216
109415,2025-03-06 22:18:00,Technical,18.76,238
109416,2025-03-06 23:38:00,Technical,27.22,243
109417,2025-03-06 23:36:00,Billing,11.7,225
109418,2025-03-06 23:36:00,Billing,9.14,237
109419,2025-03-06 23:50:00,Billing,7.1,233
109420,2025-03-07 00:14:00,General,9.18,243
109421,2025-03-07 00:28:00,Technical,25.4,239
109422,2025-03-07 00:08:00,Billing,7.16,235
109423,2025-03-07 00:34:00,Technical,30.9,248
109424,2025-03-07 01:18:00,Technical,28.07,221
109425,2025-03-07 01:23:00,General,9.35,213
109426,2025-03-07 01:00:00,Technical,23.73,234
109427,2025-03-07 01:30:00,Technical,19.2,250
109428,2025-03-07 01:26:00,General,4.34,221
109429,2025-03-07 01:54:00,Billing,7.29,204
109430,2025-03-07 03:31:00,Technical,23.18,214
109431,2025-03-07 03:08:00,General,6.9,212
109432,2025-03-07 03:17:00,General,4.53,241
109433,2025-03-07 03:32:00,Billing,8.26,205
109434,2025-03-07 03:57:00,General,2.8,231
109435,2025-03-07 03:02:00,Billing,9.32,204
109436,2025-03-07 04:04:00,Billing,5.05,206
109437,2025-03-07 04:06:00,General,10.37,239
109438,2025-03-07 04:39:00,Billing,14.4,211
109439,2025-03-07 04:46:00,Billing,4.77,202
109440,2025-03-07 04:58:00,Billing,11.29,223
109441,2025-03-07 04:26:00,General,13.08,210
109442,2025-03-07 04:49:00,Technical,28.04,246
109443,2025-03-07 04:40:00,Technical,21.29,213
109444,2025-03-07 04:08:00,Technical,28.7,210
109445,2025-03-07 06:27:00,Billing,6.79,223
109446,2025-03-07 06:25:00,Billing,6.88,217
109447,2025-03-07 07:47:00,General,11.73,246
109448,2025-03-07 07:04:00,Billing,8.61,218
109449,2025-03-07 07:36:00,Technical,24.12,232
109450,2025-03-07 07:10:00,General,11.17,242
109451,2025-03-07 07:12:00,Technical,29.07,221
109452,2025-03-07 07:23:00,Billing,8.47,243
109453,2025-03-07 07:36:00,Technical,24.27,250
109454,2025-03-07 07:00:00,Technical,25.22,210
109455,2025-03-07 08:05:00,General,8.43,206
109456,2025-03-07 08:56:00,General,6.73,210
109457,2025-03-07 08:34:00,General,11.33,215
109458,2025-03-07 08:21:00,General,7.22,205
109459,2025-03-07 08:26:00,General,11.71,219
109460,2025-03-07 08:54:00,Technical,23.44,247
109461,2025-03-07 08:55:00,Technical,24.69,218
109462,2025-03-07 08:20:00,Technical,22.34,227
109463,2025-03-07 08:00:00,General,4.91,219
109464,2025-03-07 08:34:00,Technical,24.46,202
109465,2025-03-07 08:09:00,Billing,11.45,222
109466,2025-03-07 08:05:00,Billing,5.32,232
109467,2025-03-07 08:04:00,General,3.65,224
109468,2025-03-07 08:41:00,General,16.69,207
109469,2025-03-07 08:40:00,General,9.33,249
109470,2025-03-07 09:11:00,Billing,3.77,227
109471,2025-03-07 09:17:00,General,5.78,248
109472,2025-03-07 09:34:00,Billing,5.39,209
109473,2025-03-07 09:11:00,Technical,27.18,210
109474,2025-03-07 09:00:00,Billing,4.43,228
109475,2025-03-07 09:51:00,Billing,6.22,203
109476,2025-03-07 09:42:00,Billing,6.37,204
109477,2025-03-07 09:15:00,General,5.1,244
109478,2025-03-07 09:53:00,Billing,9.26,216
109479,2025-03-07 09:15:00,General,6.56,236
109480,2025-03-07 09:20:00,Technical,22.61,201
109481,2025-03-07 09:04:00,General,8.73,219
109482,2025-03-07 09:13:00,Technical,22.06,220
109483,2025-03-07 09:58:00,General,8.72,216
109484,2025-03-07 09:00:00,Billing,9.88,240
109485,2025-03-07 09:06:00,Technical,33.62,245
109486,2025-03-07 09:45:00,General,4.42,203
109487,2025-03-07 09:55:00,Billing,12.64,203
109488,2025-03-07 09:15:00,Billing,2.6,216
109489,2025-03-07 09:19:00,Technical,26.79,231
109490,2025-03-07 09:04:00,General,12.82,207
109491,2025-03-07 09:08:00,General,10.45,247
109492,2025-03-07 09:57:00,Technical,19.08,217
109493,2025-03-07 10:31:00,Billing,8.8,248
109494,2025-03-07 10:02:00,General,5.34,206
109495,2025-03-07 10:27:00,Billing,8.44,202
109496,2025-03-07 10:09:00,General,4.77,215
109497,2025-03-07 10:13:00,Billing,5.4,228
109498,2025-03-07 10:24:00,Technical,25.45,244
109499,2025-03-07 10:50:00,Billing,11.3,212
109500,2025-03-07 10:42:00,Technical,23.03,206
109501,2025-03-07 11:19:00,Billing,8.03,219
109502,2025-03-07 11:21:00,Technical,19.79,224
109503,2025-03-07 11:29:00,Technical,19.42,229
109504,2025-03-07 11:14:00,Billing,7.76,248
109505,2025-03-07 11:22:00,Technical,23.49,242
109506,2025-03-07 11:27:00,Technical,25.79,212
109507,2025-03-07 11:57:00,Billing,13.66,241
109508,2025-03-07 11:54:00,Billing,10.07,206
109509,2025-03-07 11:28:00,General,4.64,229
109510,2025-03-07 11:31:00,Technical,21.32,249
109511,2025-03-07 11:27:00,General,2.53,245
109512,2025-03-07 11:30:00,Billing,12.55,230
109513,2025-03-07 11:28:00,Technical,25.01,242
109514,2025-03-07 11:14:00,General,11.68,232
109515,2025-03-07 11:13:00,Billing,11.44,224
109516,2025-03-07 11:57:00,General,4.06,244
109517,2025-03-07 12:38:00,Billing,6.86,223
109518,2025-03-07 12:11:00,Technical,26.02,204
109519,2025-03-07 12:10:00,Billing,4.01,236
109520,2025-03-07 12:43:00,General,8.74,221
109521,2025-03-07 12:34:00,General,11.35,215
109522,2025-03-07 12:33:00,Billing,8.5,213
109523,2025-03-07 12:01:00,Technical,27.05,204
109524,2025-03-07 12:57:00,Technical,28.51,221
109525,2025-03-07 12:28:00,General,10.21,226
109526,2025-03-07 12:26:00,Technical,24.84,237
109527,2025-03-07 13:01:00,Technical,20.23,249
109528,2025-03-07 13:08:00,Technical,25.49,236
109529,2025-03-07 13:09:00,Technical,28.45,216
109530,2025-03-07 13:39:00,General,12.2,214
109531,2025-03-07 13:16:00,Technical,25.14,249
109532,2025-03-07 13:20:00,Technical,25.5,202
109533,2025-03-07 13:24:00,Billing,6.64,209
109534,2025-03-07 13:03:00,Technical,25.32,230
109535,2025-03-07 13:13:00,Billing,4.96,222
109536,2025-03-07 14:44:00,General,2.0,233
109537,2025-03-07 14:27:00,General,6.85,209
109538,2025-03-07 14:57:00,General,5.74,207
109539,2025-03-07 14:21:00,Billing,10.01,231
109540,2025-03-07 14:11:00,Billing,10.19,217
109541,2025-03-07 15:38:00,Billing,4.4,240
109542,2025-03-07 15:35:00,Billing,11.0,222
109543,2025-03-07 15:25:00,Technical,22.85,250
109544,2025-03-07 16:32:00,Technical,25.22,250
109545,2025-03-07 16:17:00,Billing,3.22,210
109546,2025-03-07 16:50:00,Technical,28.16,224
109547,2025-03-07 16:34:00,Billing,11.29,210
109548,2025-03-07 16:34:00,Technical,23.4,224
109549,2025-03-07 16:52:00,Billing,6.24,239
109550,2025-03-07 16:57:00,General,8.0,215
109551,2025-03-07 17:20:00,Billing,8.69,202
109552,2025-03-07 17:00:00,Technical,25.82,216
109553,2025-03-07 17:54:00,Technical,20.46,222
109554,2025-03-07 17:08:00,Billing,8.94,205
109555,2025-03-07 18:41:00,Billing,16.23,231
109556,2025-03-07 18:00:00,Technical,24.36,204
109557,2025-03-07 18:50:00,Billing,4.05,232
109558,2025-03-07 18:57:00,General,3.58,240
109559,2025-03-07 19:13:00,Billing,12.41,202
109560,2025-03-07 19:24:00,General,3.9,211
109561,2025-03-07 19:27:00,General,11.0,221
109562,2025-03-07 19:25:00,General,7.84,215
109563,2025-03-07 19:05:00,Billing,7.4,204
109564,2025-03-07 19:27:00,Billing,4.95,240
109565,2025-03-07 19:28:00,General,9.32,233
109566,2025-03-07 20:06:00,Technical,20.2,247
109567,2025-03-07 20:25:00,Technical,26.28,209
109568,2025-03-07 21:57:00,General,4.09,246
109569,2025-03-07 21:24:00,Technical,26.6,218
109570,2025-03-07 21:20:00,Technical,27.32,222
109571,2025-03-07 21:36:00,Billing,9.28,237
109572,2025-03-07 21:01:00,Technical,27.26,213
109573,2025-03-07 21:16:00,Billing,8.51,245
109574,2025-03-07 22:01:00,Billing,6.85,238
109575,2025-03-07 22:04:00,General,10.44,237
109576,2025-03-07 22:14:00,General,12.08,224
109577,2025-03-07 22:47:00,Billing,7.09,241
109578,2025-03-07 22:26:00,General,3.51,219
109579,2025-03-07 22:42:00,Technical,22.74,232
109580,2025-03-07 22:52:00,Billing,14.32,236
109581,2025-03-07 22:24:00,Technical,27.64,239
109582,2025-03-07 23:01:00,General,12.81,238
109583,2025-03-07 23:51:00,General,11.33,232
109584,2025-03-07 23:53:00,Technical,20.11,228
109585,2025-03-07 23:17:00,Billing,5.16,213
109586,2025-03-07 23:05:00,General,7.61,245
109587,2025-03-07 23:54:00,General,3.76,219
109588,2025-03-08 00:01:00,General,6.98,250
109589,2025-03-08 00:20:00,Billing,4.32,212
109590,2025-03-08 01:48:00,Technical,20.16,242
109591,2025-03-08 01:04:00,Billing,8.19,214
109592,2025-03-08 01:14:00,Technical,25.39,246
109593,2025-03-08 01:39:00,General,10.52,235
109594,2025-03-08 01:17:00,Technical,23.32,207
109595,2025-03-08 02:04:00,Technical,31.53,227
109596,2025-03-08 02:06:00,Billing,3.69,232
109597,2025-03-08 02:46:00,General,4.36,209
109598,2025-03-08 02:25:00,Billing,7.36,220
109599,2025-03-08 02:44:00,Billing,9.16,238
109600,2025-03-08 04:09:00,General,9.69,208
109601,2025-03-08 04:25:00,Technical,24.28,237
109602,2025-03-08 05:47:00,Technical,25.6,217
109603,2025-03-08 05:45:00,Billing,7.31,245
109604,2025-03-08 05:32:00,General,9.58,242
109605,2025-03-08 05:03:00,General,6.43,201
109606,2025-03-08 05:56:00,Billing,7.55,224
109607,2025-03-08 06:54:00,General,9.39,244
109608,2025-03-08 06:29:00,Technical,25.36,246
109609,2025-03-08 06:55:00,Billing,5.44,219
109610,2025-03-08 07:53:00,Billing,9.19,226
109611,2025-03-08 08:40:00,Billing,9.35,247
109612,2025-03-08 08:04:00,Billing,5.83,212
109613,2025-03-08 09:04:00,Technical,25.29,231
109614,2025-03-08 09:44:00,Billing,6.89,202
109615,2025-03-08 09:46:00,Billing,8.88,240
109616,2025-03-08 09:16:00,Billing,3.49,204
109617,2025-03-08 09:37:00,Billing,8.15,231
109618,2025-03-08 09:41:00,General,8.45,223
109619,2025-03-08 10:02:00,Billing,9.69,213
109620,2025-03-08 10:53:00,Billing,2.16,248
109621,2025-03-08 10:09:00,Billing,6.5,220
109622,2025-03-08 10:55:00,Technical,29.61,232
109623,2025-03-08 10:40:00,Technical,23.1,229
109624,2025-03-08 11:36:00,Technical,24.21,228
109625,2025-03-08 11:02:00,Technical,26.52,223
109626,2025-03-08 11:38:00,General,7.0,244
109627,2025-03-08 11:19:00,General,8.81,228
109628,2025-03-08 12:08:00,Technical,27.84,203
109629,2025-03-08 12:41:00,Billing,8.96,215
109630,2025-03-08 13:23:00,General,10.76,211
109631,2025-03-08 13:30:00,Technical,23.48,208
109632,2025-03-08 13:50:00,General,11.22,212
109633,2025-03-08 13:57:00,Billing,3.39,223
109634,2025-03-08 14:35:00,General,12.28,219
109635,2025-03-08 14:28:00,Billing,3.64,243
109636,2025-03-08 14:33:00,Technical,20.64,231
109637,2025-03-08 14:31:00,General,4.98,229
109638,2025-03-08 14:20:00,General,4.79,209
109639,2025-03-08 14:46:00,General,11.91,224
109640,2025-03-08 15:51:00,Billing,6.08,241
109641,2025-03-08 15:13:00,General,7.08,213
109642,2025-03-08 16:43:00,Billing,4.94,205
109643,2025-03-08 16:50:00,Billing,3.37,233
109644,2025-03-08 17:34:00,Technical,24.41,226
109645,2025-03-08 17:43:00,General,6.83,246
109646,2025-03-08 17:03:00,Billing,5.63,242
109647,2025-03-08 18:14:00,General,7.93,230
109648,2025-03-08 18:00:00,Technical,30.27,236
109649,2025-03-08 19:45:00,General,9.95,247
109650,2025-03-08 19:12:00,Billing,11.49,249
109651,2025-03-08 19:00:00,Technical,24.11,224
109652,2025-03-08 19:19:00,Technical,16.78,211
109653,2025-03-08 19:19:00,Billing,8.5,241
109654,2025-03-08 19:16:00,General,8.74,205
109655,2025-03-08 20:13:00,Billing,10.15,210
109656,2025-03-08 21:55:00,General,8.68,245
109657,2025-03-08 21:33:00,General,6.15,209
109658,2025-03-08 21:37:00,Technical,29.5,220
109659,2025-03-08 22:10:00,Billing,7.47,224
109660,2025-03-09 00:39:00,Billing,9.56,238
109661,2025-03-09 01:34:00,Technical,15.92,208
109662,2025-03-09 01:20:00,General,11.16,246
109663,2025-03-09 02:33:00,Technical,22.47,237
109664,2025-03-09 02:11:00,Billing,9.21,204
109665,2025-03-09 02:39:00,Technical,23.83,226
109666,2025-03-09 02:15:00,Billing,8.42,212
109667,2025-03-09 02:39:00,Billing,12.44,237
109668,2025-03-09 02:42:00,Technical,23.38,213
109669,2025-03-09 02:30:00,Technical,26.82,226
109670,2025-03-09 03:54:00,Technical,20.73,239
109671,2025-03-09 04:28:00,Billing,8.12,243
109672,2025-03-09 04:33:00,Billing,8.4,242
109673,2025-03-09 04:56:00,Billing,9.22,210
109674,2025-03-09 04:37:00,General,4.35,223
109675,2025-03-09 04:28:00,Billing,4.7,236
109676,2025-03-09 04:40:00,Billing,5.75,223
109677,2025-03-09 04:24:00,Billing,6.21,223
109678,2025-03-09 05:23:00,Billing,2.0,242
109679,2025-03-09 05:34:00,Technical,28.02,250
109680,2025-03-09 05:22:00,Technical,23.09,246
109681,2025-03-09 05:10:00,Billing,4.98,204
109682,2025-03-09 06:58:00,General,10.44,233
109683,2025-03-09 06:18:00,General,7.93,248
109684,2025-03-09 06:12:00,Billing,7.6,222
109685,2025-03-09 07:32:00,Technical,31.76,213
109686,2025-03-09 07:26:00,Billing,12.99,225
109687,2025-03-09 07:29:00,Billing,9.97,209
109688,2025-03-09 08:38:00,Billing,9.13,240
109689,2025-03-09 08:18:00,General,7.42,248
109690,2025-03-09 08:55:00,General,7.09,202
109691,2025-03-09 08:29:00,General,11.21,238
109692,2025-03-09 08:43:00,General,7.66,249
109693,2025-03-09 08:20:00,General,9.9,214
109694,2025-03-09 08:39:00,Billing,8.72,239
109695,2025-03-09 08:42:00,Technical,28.28,238
109696,2025-03-09 09:30:00,Technical,25.53,202
109697,2025-03-09 09:04:00,Billing,7.07,234
109698,2025-03-09 09:51:00,Billing,10.96,216
109699,2025-03-09 09:18:00,General,11.9,216
109700,2025-03-09 09:55:00,Billing,10.48,206
109701,2025-03-09 09:38:00,Billing,6.64,203
109702,2025-03-09 09:10:00,Technical,26.98,250
109703,2025-03-09 09:35:00,Technical,24.27,203
109704,2025-03-09 10:39:00,General,10.57,239
109705,2025-03-09 10:36:00,Billing,11.34,250
109706,2025-03-09 10:32:00,Billing,9.27,226
109707,2025-03-09 10:01:00,General,6.21,212
109708,2025-03-09 10:27:00,Billing,7.15,214
109709,2025-03-09 11:57:00,Billing,12.69,245
109710,2025-03-09 11:41:00,General,4.24,230
109711,2025-03-09 11:45:00,General,9.44,208
109712,2025-03-09 11:39:00,Billing,5.03,202
109713,2025-03-09 11:03:00,General,9.22,212
109714,2025-03-09 11:48:00,Billing,4.79,216
109715,2025-03-09 12:03:00,General,11.07,230
109716,2025-03-09 12:41:00,General,9.67,202
109717,2025-03-09 12:15:00,Technical,25.65,222
109718,2025-03-09 13:48:00,General,6.6,239
109719,2025-03-09 14:02:00,Billing,7.76,230
109720,2025-03-09 14:37:00,General,4.93,206
109721,2025-03-09 14:45:00,General,6.78,211
109722,2025-03-09 15:15:00,Technical,21.42,219
109723,2025-03-09 15:42:00,Technical,30.95,241
109724,2025-03-09 15:26:00,Billing,9.7,224
109725,2025-03-09 15:54:00,Billing,12.3,204
109726,2025-03-09 16:00:00,Billing,9.62,241
109727,2025-03-09 16:30:00,Billing,11.35,241
109728,2025-03-09 17:55:00,General,9.85,230
109729,2025-03-09 17:28:00,General,9.9,241
109730,2025-03-09 17:02:00,Technical,25.76,236
109731,2025-03-09 17:24:00,Billing,9.9,247
109732,2025-03-09 18:29:00,General,8.62,210
109733,2025-03-09 18:14:00,Technical,26.94,221
109734,2025-03-09 19:03:00,Billing,10.77,250
109735,2025-03-09 19:57:00,Technical,27.37,204
109736,2025-03-09 20:12:00,Technical,29.57,223
109737,2025-03-09 20:30:00,Billing,9.1,209
109738,2025-03-09 21:00:00,Billing,11.57,208
109739,2025-03-09 21:58:00,Technical,27.54,219
109740,2025-03-09 21:39:00,Billing,6.9,236
109741,2025-03-09 21:41:00,General,4.69,208
109742,2025-03-09 22:43:00,Technical,29.75,229
109743,2025-03-09 23:33:00,Billing,4.4,209
109744,2025-03-09 23:42:00,General,8.01,244
109745,2025-03-09 23:25:00,Technical,20.78,209
109746,2025-03-09 23:39:00,Technical,24.69,214
109747,2025-03-09 23:37:00,Billing,10.81,205
109748,2025-03-10 00:24:00,General,10.86,245
109749,2025-03-10 00:38:00,General,12.47,208
109750,2025-03-10 00:16:00,General,12.92,250
109751,2025-03-10 00:34:00,Technical,20.88,222
109752,2025-03-10 01:35:00,General,9.56,208
109753,2025-03-10 01:29:00,Technical,22.86,231
109754,2025-03-10 01:45:00,Billing,10.21,205
109755,2025-03-10 01:10:00,Billing,3.02,222
109756,2025-03-10 02:57:00,General,2.0,240
109757,2025-03-10 02:20:00,Technical,24.25,249
109758,2025-03-10 03:29:00,Billing,9.22,210
109759,2025-03-10 03:08:00,Billing,9.95,203
109760,2025-03-10 03:42:00,General,5.47,216
109761,2025-03-10 03:17:00,Technical,25.56,232
109762,2025-03-10 03:27:00,Technical,24.64,250
109763,2025-03-10 03:36:00,General,12.81,237
109764,2025-03-10 03:12:00,Billing,6.3,222
109765,2025-03-10 03:01:00,Billing,5.14,214
109766,2025-03-10 03:53:00,Billing,2.0,212
109767,2025-03-10 03:30:00,Billing,7.31,217
109768,2025-03-10 04:12:00,General,12.83,202
109769,2025-03-10 04:04:00,Technical,24.33,202
109770,2025-03-10 04:39:00,Technical,24.9,213
109771,2025-03-10 04:17:00,General,8.04,218
109772,2025-03-10 05:37:00,Technical,22.84,217
109773,2025-03-10 05:54:00,Technical,23.98,209
109774,2025-03-10 05:19:00,Billing,4.81,211
109775,2025-03-10 05:49:00,Billing,8.33,235
109776,2025-03-10 05:13:00,General,6.47,203
109777,2025-03-10 05:46:00,Technical,20.9,244
109778,2025-03-10 06:38:00,Technical,22.7,223
109779,2025-03-10 06:36:00,General,8.09,201
109780,2025-03-10 06:09:00,Billing,2.44,220
109781,2025-03-10 07:03:00,Technical,28.7,213
109782,2025-03-10 07:21:00,General,9.97,210
109783,2025-03-10 07:15:00,Technical,23.77,242
109784,2025-03-10 08:15:00,Billing,8.34,244
109785,2025-03-10 08:51:00,General,10.64,223
109786,2025-03-10 08:19:00,Billing,5.18,243
109787,2025-03-10 08:25:00,General,4.61,241
109788,2025-03-10 08:21:00,General,4.62,233
109789,2025-03-10 08:11:00,Billing,6.37,244
109790,2025-03-10 08:13:00,Technical,20.86,246
109791,2025-03-10 08:31:00,Billing,14.68,228
109792,2025-03-10 08:28:00,Billing,6.89,230
109793,2025-03-10 08:03:00,General,5.94,233
109794,2025-03-10 08:55:00,General,9.18,243
109795,2025-03-10 08:54:00,General,7.49,211
109796,2025-03-10 08:48:00,Billing,9.28,204
109797,2025-03-10 08:45:00,General,9.76,208
109798,2025-03-10 08:56:00,Technical,27.3,244
109799,2025-03-10 08:50:00,General,7.27,227
109800,2025-03-10 08:31:00,General,4.36,203
109801,2025-03-10 08:27:00,Technical,28.27,222
109802,2025-03-10 08:23:00,Billing,11.95,232
109803,2025-03-10 08:18:00,Technical,27.6,223
109804,2025-03-10 08:53:00,General,6.97,203
109805,2025-03-10 09:23:00,Billing,11.97,250
109806,2025-03-10 09:58:00,Technical,25.87,202
109807,2025-03-10 09:34:00,General,8.87,231
109808,2025-03-10 09:27:00,Billing,5.02,211
109809,2025-03-10 09:22:00,General,4.37,224
109810,2025-03-10 09:11:00,Technical,20.35,220
109811,2025-03-10 09:19:00,Technical,23.32,214
109812,2025-03-10 09:27:00,General,11.1,212
109813,2025-03-10 09:34:00,General,8.73,244
109814,2025-03-10 09:30:00,Technical,22.31,231
109815,2025-03-10 09:04:00,Billing,11.86,205
109816,2025-03-10 09:10:00,General,5.0,226
109817,2025-03-10 09:29:00,Billing,7.06,214
109818,2025-03-10 09:56:00,Billing,4.93,234
109819,2025-03-10 10:10:00,Billing,8.36,205
109820,2025-03-10 10:36:00,Billing,9.76,221
109821,2025-03-10 10:15:00,Billing,6.95,249
109822,2025-03-10 10:08:00,General,10.6,225
109823,2025-03-10 10:26:00,Billing,5.35,208
109824,2025-03-10 10:46:00,Billing,3.86,205
109825,2025-03-10 10:14:00,General,7.86,231
109826,2025-03-10 10:09:00,Billing,2.0,240
109827,2025-03-10 10:33:00,General,7.8,244
109828,2025-03-10 10:43:00,Billing,5.5,235
109829,2025-03-10 10:44:00,General,9.48,249
109830,2025-03-10 10:56:00,Technical,28.91,241
109831,2025-03-10 10:07:00,Billing,6.78,246
109832,2025-03-10 10:50:00,Billing,11.7,205
109833,2025-03-10 10:10:00,Technical,25.0,219
109834,2025-03-10 10:41:00,Technical,24.51,244
109835,2025-03-10 10:35:00,General,6.44,222
109836,2025-03-10 11:39:00,General,15.63,222
109837,2025-03-10 11:49:00,General,3.4,211
109838,2025-03-10 11:20:00,Technical,29.45,249
109839,2025-03-10 11:45:00,Billing,11.53,247
109840,2025-03-10 11:02:00,General,6.03,245
109841,2025-03-10 11:18:00,Billing,7.26,249
109842,2025-03-10 11:57:00,Technical,33.06,246
109843,2025-03-10 11:52:00,Technical,25.89,217
109844,2025-03-10 11:15:00,Technical,23.36,239
109845,2025-03-10 11:07:00,Billing,2.56,225
109846,2025-03-10 11:40:00,General,8.79,229
109847,2025-03-10 12:52:00,Billing,10.35,204
109848,2025-03-10 12:58:00,General,3.69,236
109849,2025-03-10 13:05:00,General,12.59,233
109850,2025-03-10 13:53:00,Technical,21.68,235
109851,2025-03-10 13:39:00,Technical,24.17,240
109852,2025-03-10 13:24:00,Billing,8.96,221
109853,2025-03-10 13:21:00,Technical,20.71,209
109854,2025-03-10 13:58:00,Technical,24.5,204
109855,2025-03-10 13:29:00,General,9.44,233
109856,2025-03-10 14:40:00,Technical,23.5,243
109857,2025-03-10 14:55:00,Technical,24.78,201
109858,2025-03-10 14:23:00,Technical,22.53,202
109859,2025-03-10 14:07:00,Technical,24.64,245
109860,2025-03-10 14:18:00,Billing,7.28,220
109861,2025-03-10 14:41:00,Billing,5.94,235
109862,2025-03-10 15:30:00,Billing,5.67,227
109863,2025-03-10 15:08:00,General,8.16,223
109864,2025-03-10 15:22:00,General,6.56,210
109865,2025-03-10 15:39:00,General,8.02,238
109866,2025-03-10 15:24:00,Technical,26.38,242
109867,2025-03-10 16:29:00,Billing,12.34,228
109868,2025-03-10 16:19:00,Billing,8.39,206
109869,2025-03-10 16:37:00,Billing,12.57,215
109870,2025-03-10 16:07:00,Technical,22.79,236
109871,2025-03-10 16:37:00,Billing,9.27,220
109872,2025-03-10 16:32:00,Billing,11.72,250
109873,2025-03-10 17:35:00,Technical,19.88,211
109874,2025-03-10 17:57:00,Billing,9.5,250
109875,2025-03-10 17:34:00,General,10.56,209
109876,2025-03-10 17:05:00,General,7.41,236
109877,2025-03-10 17:02:00,Billing,4.08,210
109878,2025-03-10 17:33:00,Technical,23.99,236
109879,2025-03-10 17:20:00,Billing,2.0,239
109880,2025-03-10 17:16:00,Technical,20.48,210
109881,2025-03-10 18:02:00,Billing,7.0,206
109882,2025-03-10 18:16:00,Billing,11.47,219
109883,2025-03-10 18:07:00,Billing,3.62,214
109884,2025-03-10 18:09:00,Billing,5.31,232
109885,2025-03-10 18:57:00,Technical,17.63,204
109886,2025-03-10 19:39:00,Billing,3.13,212
109887,2025-03-10 19:04:00,Billing,11.59,202
109888,2025-03-10 19:29:00,General,9.96,241
109889,2025-03-10 20:33:00,Technical,22.69,250
109890,2025-03-10 20:43:00,General,3.33,247
109891,2025-03-10 20:13:00,Billing,4.8,215
109892,2025-03-10 20:19:00,Technical,22.04,248
109893,2025-03-10 20:28:00,General,5.15,209
109894,2025-03-10 20:08:00,General,7.32,248
109895,2025-03-10 20:51:00,Technical,21.69,204
109896,2025-03-10 21:15:00,Technical,26.68,211
109897,2025-03-10 21:13:00,Technical,23.92,234
109898,2025-03-10 21:38:00,Billing,2.0,202
109899,2025-03-10 22:10:00,Technical,23.44,219
109900,2025-03-10 23:25:00,General,9.32,241
109901,2025-03-10 23:29:00,Technical,24.88,213
109902,2025-03-10 23:21:00,Billing,5.05,211
109903,2025-03-10 23:53:00,General,7.9,214
109904,2025-03-10 23:21:00,Technical,25.32,206
109905,2025-03-10 23:09:00,Billing,4.82,219
109906,2025-03-10 23:54:00,General,9.86,205
109907,2025-03-10 23:53:00,Billing,6.38,239
109908,2025-03-11 00:49:00,Technical,23.96,232
109909,2025-03-11 01:30:00,Technical,23.96,237
109910,2025-03-11 01:30:00,Technical,24.2,234
109911,2025-03-11 01:37:00,Technical,23.02,213
109912,2025-03-11 01:50:00,Technical,25.59,239
109913,2025-03-11 01:09:00,Billing,7.11,249
109914,2025-03-11 01:32:00,General,3.64,244
109915,2025-03-11 01:48:00,General,8.05,216
109916,2025-03-11 02:53:00,Billing,12.32,218
109917,2025-03-11 02:31:00,Billing,11.77,228
109918,2025-03-11 02:33:00,General,5.13,229
109919,2025-03-11 02:00:00,Billing,5.12,216
109920,2025-03-11 03:52:00,Billing,5.52,202
109921,2025-03-11 03:21:00,General,5.28,237
109922,2025-03-11 03:57:00,Technical,27.96,234
109923,2025-03-11 03:16:00,Billing,5.38,224
109924,2025-03-11 03:56:00,General,9.65,205
109925,2025-03-11 03:58:00,General,8.51,226
109926,2025-03-11 04:34:00,Billing,13.39,228
109927,2025-03-11 04:13:00,General,2.0,236
109928,2025-03-11 04:34:00,Billing,6.59,247
109929,2025-03-11 04:10:00,Technical,26.34,243
109930,2025-03-11 04:19:00,Technical,29.72,210
109931,2025-03-11 04:42:00,General,2.13,212
109932,2025-03-11 05:38:00,Billing,8.6,220
109933,2025-03-11 05:51:00,Technical,25.63,202
109934,2025-03-11 05:57:00,Billing,8.19,212
109935,2025-03-11 05:38:00,Technical,27.89,232
109936,2025-03-11 06:24:00,Technical,22.48,232
109937,2025-03-11 06:54:00,General,7.74,228
109938,2025-03-11 06:27:00,Billing,7.7,203
109939,2025-03-11 06:01:00,Billing,4.72,250
109940,2025-03-11 07:56:00,Technical,22.01,217
109941,2025-03-11 07:00:00,General,9.88,213
109942,2025-03-11 07:32:00,Technical,17.66,226
109943,2025-03-11 08:16:00,General,11.13,228
109944,2025-03-11 08:57:00,General,9.49,201
109945,2025-03-11 08:40:00,Billing,8.4,232
109946,2025-03-11 08:24:00,Technical,22.97,212
109947,2025-03-11 08:11:00,General,7.26,214
109948,2025-03-11 08:24:00,Billing,8.84,203
109949,2025-03-11 08:30:00,Billing,9.9,228
109950,2025-03-11 08:39:00,Billing,5.83,216
109951,2025-03-11 08:34:00,Billing,16.94,208
109952,2025-03-11 08:32:00,General,8.03,237
109953,2025-03-11 08:18:00,General,9.86,210
109954,2025-03-11 08:56:00,Billing,6.78,226
109955,2025-03-11 08:18:00,Billing,11.49,217
109956,2025-03-11 08:29:00,General,6.86,229
109957,2025-03-11 08:18:00,Billing,9.4,208
109958,2025-03-11 08:26:00,General,8.71,249
109959,2025-03-11 08:46:00,Billing,11.05,245
109960,2025-03-11 08:42:00,Technical,20.88,235
109961,2025-03-11 09:00:00,Billing,3.34,206
109962,2025-03-11 09:24:00,Billing,11.18,227
109963,2025-03-11 09:54:00,Billing,6.85,238
109964,2025-03-11 09:49:00,Technical,26.86,226
109965,2025-03-11 09:27:00,General,10.39,228
109966,2025-03-11 09:50:00,Billing,9.2,219
109967,2025-03-11 09:10:00,General,6.54,248
109968,2025-03-11 09:22:00,Billing,7.48,240
109969,2025-03-11 09:53:00,General,4.33,221
109970,2025-03-11 09:27:00,General,8.23,248
109971,2025-03-11 09:53:00,Technical,22.46,221
109972,2025-03-11 09:38:00,Billing,2.0,244
109973,2025-03-11 09:41:00,Billing,5.87,243
109974,2025-03-11 09:58:00,Technical,22.25,205
109975,2025-03-11 09:13:00,Billing,8.02,211
109976,2025-03-11 09:01:00,Billing,14.47,249
109977,2025-03-11 09:08:00,General,9.37,209
109978,2025-03-11 10:39:00,General,6.24,231
109979,2025-03-11 10:05:00,Billing,4.57,229
109980,2025-03-11 10:38:00,Billing,15.82,210
109981,2025-03-11 10:22:00,Technical,26.81,206
109982,2025-03-11 10:09:00,Billing,5.21,206
109983,2025-03-11 10:27:00,Billing,10.04,228
109984,2025-03-11 10:13:00,General,5.09,248
109985,2025-03-11 10:50:00,General,7.24,236
109986,2025-03-11 10:32:00,General,4.86,247
109987,2025-03-11 10:21:00,Billing,2.72,243
109988,2025-03-11 10:17:00,Technical,25.28,208
109989,2025-03-11 10:54:00,Billing,11.69,214
109990,2025-03-11 10:00:00,Billing,8.34,248
109991,2025-03-11 10:18:00,Billing,7.7,211
109992,2025-03-11 10:58:00,Billing,4.28,241
109993,2025-03-11 10:27:00,Technical,27.63,202
109994,2025-03-11 10:24:00,General,2.0,226
109995,2025-03-11 11:32:00,Billing,9.96,221
109996,2025-03-11 11:20:00,Technical,24.15,213
109997,2025-03-11 11:32:00,Billing,12.58,244
109998,2025-03-11 11:55:00,General,12.21,230
109999,2025-03-11 11:15:00,General,6.38,245
110000,2025-03-11 11:51:00,Technical,26.32,239
110001,2025-03-11 11:44:00,Billing,9.51,214
110002,2025-03-11 11:17:00,General,7.65,235
110003,2025-03-11 11:32:00,General,8.66,233
110004,2025-03-11 11:37:00,General,8.6,201
110005,2025-03-11 11:56:00,Technical,22.98,232
110006,2025-03-11 11:10:00,Technical,26.0,222
110007,2025-03-11 11:32:00,General,10.89,241
110008,2025-03-11 12:26:00,Technical,19.71,232
110009,2025-03-11 12:33:00,General,7.31,218
110010,2025-03-11 12:29:00,Billing,12.77,223
110011,2025-03-11 12:49:00,General,6.29,237
110012,2025-03-11 12:01:00,General,7.82,232
110013,2025-03-11 13:18:00,Technical,22.08,235
110014,2025-03-11 13:20:00,Billing,10.9,240
110015,2025-03-11 13:44:00,General,8.77,245
110016,2025-03-11 13:07:00,Billing,9.87,224
110017,2025-03-11 13:22:00,Billing,7.6,227
110018,2025-03-11 14:47:00,Technical,26.0,221
110019,2025-03-11 14:34:00,Billing,4.56,218
110020,2025-03-11 14:10:00,Technical,31.05,205
110021,2025-03-11 14:22:00,General,6.13,233
110022,2025-03-11 14:33:00,Technical,28.23,217
110023,2025-03-11 14:47:00,Billing,5.55,227
110024,2025-03-11 15:48:00,General,7.31,237
110025,2025-03-11 15:15:00,Billing,11.62,214
110026,2025-03-11 15:11:00,Technical,19.99,227
110027,2025-03-11 15:28:00,Technical,25.64,223
110028,2025-03-11 15:30:00,General,9.49,203
110029,2025-03-11 16:54:00,General,5.62,223
110030,2025-03-11 16:26:00,Technical,24.13,210
110031,2025-03-11 17:28:00,Technical,25.56,213
110032,2025-03-11 17:44:00,General,9.95,243
110033,2025-03-11 17:42:00,Billing,12.12,201
110034,2025-03-11 17:51:00,Billing,3.63,234
110035,2025-03-11 17:28:00,Technical,24.75,250
110036,2025-03-11 18:41:00,Technical,24.16,228
110037,2025-03-11 18:27:00,General,9.7,205
110038,2025-03-11 18:11:00,Billing,7.27,226
110039,2025-03-11 18:53:00,Technical,26.81,207
110040,2025-03-11 19:47:00,General,9.6,223
110041,2025-03-11 19:41:00,Billing,7.5,204
110042,2025-03-11 19:05:00,Billing,9.01,201
110043,2025-03-11 19:55:00,Billing,7.3,207
110044,2025-03-11 19:18:00,Billing,7.33,214
110045,2025-03-11 19:54:00,Technical,27.72,238
110046,2025-03-11 19:40:00,Billing,6.16,224
110047,2025-03-11 19:51:00,Technical,21.14,203
110048,2025-03-11 20:17:00,Technical,28.18,224
110049,2025-03-11 20:28:00,General,9.15,225
110050,2025-03-11 20:48:00,General,8.56,230
110051,2025-03-11 20:18:00,Technical,22.5,205
110052,2025-03-11 20:47:00,General,11.77,244
110053,2025-03-11 20:04:00,Billing,14.7,224
110054,2025-03-11 21:02:00,General,11.56,239
110055,2025-03-11 21:01:00,Billing,5.98,213
110056,2025-03-11 22:17:00,Technical,23.09,217
110057,2025-03-11 22:18:00,General,8.71,222
110058,2025-03-11 22:03:00,Billing,10.32,204
110059,2025-03-11 22:33:00,Billing,12.18,211
110060,2025-03-11 22:01:00,General,9.66,215
110061,2025-03-11 23:54:00,Billing,7.93,221
110062,2025-03-11 23:07:00,Technical,23.44,228
110063,2025-03-11 23:42:00,Billing,5.55,237
110064,2025-03-11 23:48:00,General,8.24,229
110065,2025-03-11 23:32:00,Billing,9.82,248
110066,2025-03-11 23:01:00,Billing,11.15,245
110067,2025-03-11 23:15:00,General,6.97,240
110068,2025-03-12 00:28:00,Billing,5.6,241
110069,2025-03-12 00:56:00,Technical,24.88,204
110070,2025-03-12 00:00:00,General,5.74,205
110071,2025-03-12 00:30:00,General,11.83,236
110072,2025-03-12 00:07:00,Technical,23.78,211
110073,2025-03-12 01:32:00,Billing,10.5,204
110074,2025-03-12 02:20:00,General,8.73,227
110075,2025-03-12 02:49:00,Billing,8.98,217
110076,2025-03-12 02:48:00,Billing,5.11,247
110077,2025-03-12 02:53:00,Technical,24.33,210
110078,2025-03-12 02:39:00,General,6.54,246
110079,2025-03-12 03:15:00,Technical,26.55,230
110080,2025-03-12 03:39:00,Technical,27.73,248
110081,2025-03-12 03:38:00,Billing,3.82,202
110082,2025-03-12 03:05:00,Technical,26.69,218
110083,2025-03-12 03:16:00,General,10.4,204
110084,2025-03-12 03:53:00,General,9.52,242
110085,2025-03-12 04:01:00,General,8.64,221
110086,2025-03-12 04:28:00,Billing,12.25,237
110087,2025-03-12 04:53:00,General,8.6,239
110088,2025-03-12 04:05:00,General,15.56,234
110089,2025-03-12 04:39:00,Billing,10.9,218
110090,2025-03-12 04:19:00,Billing,5.54,236
110091,2025-03-12 05:18:00,Technical,25.27,211
110092,2025-03-12 05:08:00,General,7.35,225
110093,2025-03-12 05:31:00,Billing,15.74,208
110094,2025-03-12 06:49:00,General,7.06,235
110095,2025-03-12 06:02:00,Technical,20.32,233
110096,2025-03-12 06:15:00,Billing,7.88,225
110097,2025-03-12 06:07:00,Technical,25.81,203
110098,2025-03-12 06:21:00,Billing,6.69,226
110099,2025-03-12 06:05:00,Billing,2.0,205
110100,2025-03-12 07:50:00,Billing,5.22,203
110101,2025-03-12 07:27:00,Technical,27.81,209
110102,2025-03-12 07:38:00,Technical,25.88,219
110103,2025-03-12 07:02:00,Billing,8.41,222
110104,2025-03-12 07:18:00,Billing,10.49,221
110105,2025-03-12 07:26:00,General,9.07,217
110106,2025-03-12 07:38:00,General,7.14,233
110107,2025-03-12 08:26:00,General,2.8,246
110108,2025-03-12 08:08:00,General,6.84,213
110109,2025-03-12 08:25:00,Technical,24.75,206
110110,2025-03-12 08:11:00,Technical,24.59,223
110111,2025-03-12 08:49:00,General,12.11,211
110112,2025-03-12 08:05:00,Technical,25.38,216
110113,2025-03-12 08:29:00,Technical,24.79,240
110114,2025-03-12 08:02:00,Technical,26.37,247
110115,2025-03-12 08:26:00,Technical,22.7,205
110116,2025-03-12 08:27:00,Billing,4.84,207
110117,2025-03-12 08:33:00,Billing,14.97,202
110118,2025-03-12 08:14:00,Billing,10.79,233
110119,2025-03-12 08:26:00,General,2.0,202
110120,2025-03-12 08:08:00,General,6.76,202
110121,2025-03-12 08:57:00,Technical,30.15,201
110122,2025-03-12 08:46:00,Technical,21.53,201
110123,2025-03-12 08:42:00,Billing,7.62,231
110124,2025-03-12 08:49:00,Technical,24.7,239
110125,2025-03-12 08:35:00,Technical,27.03,246
110126,2025-03-12 08:20:00,Billing,9.19,235
110127,2025-03-12 08:31:00,General,3.15,236
110128,2025-03-12 08:33:00,Billing,8.24,220
110129,2025-03-12 08:51:00,General,8.14,224
110130,2025-03-12 08:56:00,General,4.72,228
110131,2025-03-12 08:33:00,Technical,26.46,216
110132,2025-03-12 08:03:00,Technical,25.56,240
110133,2025-03-12 08:44:00,Billing,6.76,240
110134,2025-03-12 09:14:00,Technical,19.52,245
110135,2025-03-12 09:16:00,Technical,28.3,237
110136,2025-03-12 09:22:00,Billing,5.82,220
110137,2025-03-12 09:23:00,Technical,30.8,223
110138,2025-03-12 09:49:00,General,8.82,246
110139,2025-03-12 09:43:00,Billing,11.38,233
110140,2025-03-12 09:57:00,Billing,6.22,243
110141,2025-03-12 09:16:00,General,6.1,242
110142,2025-03-12 09:26:00,Billing,10.29,243
110143,2025-03-12 09:24:00,General,7.27,234
110144,2025-03-12 09:50:00,General,6.06,210
110145,2025-03-12 09:53:00,General,5.25,238
110146,2025-03-12 10:34:00,Billing,7.23,206
110147,2025-03-12 10:43:00,Billing,6.32,242
110148,2025-03-12 10:51:00,Billing,6.48,237
110149,2025-03-12 10:28:00,Technical,27.27,214
110150,2025-03-12 10:50:00,General,4.07,203
110151,2025-03-12 10:22:00,General,8.89,207
110152,2025-03-12 10:12:00,Technical,25.71,247
110153,2025-03-12 10:24:00,Billing,12.93,249
110154,2025-03-12 10:02:00,Technical,25.34,220
110155,2025-03-12 10:35:00,General,6.98,241
110156,2025-03-12 10:21:00,Billing,8.19,216
110157,2025-03-12 10:08:00,Billing,11.78,201
110158,2025-03-12 10:43:00,Billing,4.15,212
110159,2025-03-12 10:18:00,Technical,22.77,236
110160,2025-03-12 10:42:00,Billing,7.62,209
110161,2025-03-12 10:18:00,Billing,11.01,237
110162,2025-03-12 11:12:00,Technical,15.56,234
110163,2025-03-12 11:05:00,Technical,28.43,242
110164,2025-03-12 11:07:00,Billing,12.66,202
110165,2025-03-12 11:19:00,General,9.28,204
110166,2025-03-12 11:55:00,General,16.31,221
110167,2025-03-12 11:40:00,General,14.85,213
110168,2025-03-12 11:05:00,Billing,9.05,212
110169,2025-03-12 11:15:00,General,10.54,232
110170,2025-03-12 11:07:00,General,9.23,236
110171,2025-03-12 11:58:00,General,11.21,206
110172,2025-03-12 11:04:00,Technical,25.32,234
110173,2025-03-12 11:09:00,General,5.6,247
110174,2025-03-12 11:52:00,Billing,7.91,217
110175,2025-03-12 11:35:00,Billing,9.57,233
110176,2025-03-12 11:51:00,Billing,8.11,224
110177,2025-03-12 11:38:00,Technical,25.19,247
110178,2025-03-12 12:27:00,General,7.98,221
110179,2025-03-12 12:29:00,Technical,25.41,247
110180,2025-03-12 12:53:00,Billing,7.98,204
110181,2025-03-12 12:38:00,Billing,11.95,225
110182,2025-03-12 12:36:00,Billing,8.01,208
110183,2025-03-12 12:40:00,General,5.42,206
110184,2025-03-12 13:09:00,Billing,11.28,211
110185,2025-03-12 14:40:00,Technical,27.1,249
110186,2025-03-12 14:05:00,General,8.09,201
110187,2025-03-12 14:51:00,Billing,6.19,223
110188,2025-03-12 14:38:00,Billing,3.92,217
110189,2025-03-12 15:01:00,Billing,12.84,232
110190,2025-03-12 15:41:00,Technical,25.51,229
110191,2025-03-12 15:30:00,Technical,29.78,213
110192,2025-03-12 15:21:00,Technical,29.0,241
110193,2025-03-12 15:38:00,Technical,24.86,232
110194,2025-03-12 16:20:00,General,9.24,205
110195,2025-03-12 16:37:00,Billing,4.55,236
110196,2025-03-12 16:30:00,General,7.63,242
110197,2025-03-12 16:53:00,Technical,23.56,250
110198,2025-03-12 16:01:00,Technical,24.79,208
110199,2025-03-12 16:48:00,General,5.73,244
110200,2025-03-12 16:34:00,Billing,11.0,219
110201,2025-03-12 16:40:00,General,10.46,220
110202,2025-03-12 17:26:00,Billing,2.0,216
110203,2025-03-12 17:45:00,General,6.68,236
110204,2025-03-12 17:05:00,Billing,4.74,220
110205,2025-03-12 18:26:00,Technical,20.41,248
110206,2025-03-12 18:57:00,General,12.44,222
110207,2025-03-12 19:08:00,Technical,25.02,218
110208,2025-03-12 20:30:00,Billing,2.13,242
110209,2025-03-12 20:53:00,General,5.67,241
110210,2025-03-12 20:52:00,Technical,24.59,226
110211,2025-03-12 20:47:00,Technical,28.34,212
110212,2025-03-12 20:32:00,Billing,7.52,204
110213,2025-03-12 20:39:00,Billing,7.44,206
110214,2025-03-12 21:16:00,Billing,8.29,241
110215,2025-03-12 21:38:00,Technical,23.16,233
110216,2025-03-12 21:17:00,Billing,6.61,202
110217,2025-03-12 21:14:00,General,5.79,242
110218,2025-03-12 21:01:00,Technical,27.22,245
110219,2025-03-12 21:44:00,General,13.1,202
110220,2025-03-12 22:36:00,Technical,23.57,218
110221,2025-03-12 22:09:00,Technical,27.58,211
110222,2025-03-12 22:55:00,General,3.08,212
110223,2025-03-12 22:53:00,Billing,9.47,219
110224,2025-03-12 22:28:00,Billing,12.8,249
110225,2025-03-12 22:22:00,Technical,22.42,212
110226,2025-03-12 22:38:00,Billing,7.92,235
110227,2025-03-12 22:29:00,Technical,23.85,202
110228,2025-03-12 22:23:00,Billing,8.51,209
110229,2025-03-12 23:17:00,Billing,3.46,222
110230,2025-03-12 23:08:00,Technical,23.58,250
110231,2025-03-12 23:18:00,General,3.4,225
110232,2025-03-12 23:17:00,General,12.95,210
110233,2025-03-12 23:16:00,Technical,25.09,249
110234,2025-03-12 23:26:00,Billing,6.83,207
110235,2025-03-12 23:48:00,General,5.35,239
110236,2025-03-12 23:37:00,Technical,26.52,209
110237,2025-03-12 23:56:00,Technical,30.26,211
110238,2025-03-12 23:02:00,Billing,15.41,245
110239,2025-03-12 23:52:00,Technical,19.54,228
110240,2025-03-12 23:39:00,Billing,10.75,230
110241,2025-03-13 00:47:00,Billing,11.76,201
110242,2025-03-13 00:08:00,Technical,27.47,249
110243,2025-03-13 00:33:00,Technical,29.41,234
110244,2025-03-13 00:58:00,General,8.77,249
110245,2025-03-13 01:49:00,Technical,28.91,204
110246,2025-03-13 01:57:00,Billing,11.5,247
110247,2025-03-13 01:27:00,General,5.12,227
110248,2025-03-13 01:38:00,Technical,28.33,237
110249,2025-03-13 02:19:00,Billing,7.12,229
110250,2025-03-13 02:29:00,Technical,24.23,214
110251,2025-03-13 02:09:00,Billing,6.34,225
110252,2025-03-13 02:55:00,Billing,14.13,237
110253,2025-03-13 02:34:00,Billing,13.31,227
110254,2025-03-13 02:04:00,Billing,7.69,213
110255,2025-03-13 02:03:00,Billing,8.05,202
110256,2025-03-13 03:37:00,Technical,24.19,215
110257,2025-03-13 03:50:00,Technical,27.73,218
110258,2025-03-13 03:09:00,General,6.45,230
110259,2025-03-13 03:07:00,General,10.13,212
110260,2025-03-13 03:44:00,General,7.84,211
110261,2025-03-13 03:41:00,General,11.36,230
110262,2025-03-13 04:44:00,Billing,10.36,214
110263,2025-03-13 04:46:00,Billing,8.36,225
110264,2025-03-13 04:41:00,General,10.32,241
110265,2025-03-13 04:47:00,Technical,22.02,240
110266,2025-03-13 05:26:00,General,4.78,227
110267,2025-03-13 05:06:00,Billing,12.2,211
110268,2025-03-13 05:19:00,General,8.03,219
110269,2025-03-13 05:53:00,Billing,2.99,247
110270,2025-03-13 05:41:00,Billing,7.1,241
110271,2025-03-13 05:39:00,Technical,20.9,211
110272,2025-03-13 05:37:00,Billing,9.95,228
110273,2025-03-13 05:26:00,Billing,12.76,202
110274,2025-03-13 06:03:00,Technical,22.53,243
110275,2025-03-13 06:52:00,General,11.45,231
110276,2025-03-13 06:58:00,Billing,10.65,221
110277,2025-03-13 06:47:00,Billing,4.89,232
110278,2025-03-13 06:20:00,Technical,23.16,228
110279,2025-03-13 06:31:00,Billing,8.24,232
110280,2025-03-13 06:47:00,Billing,6.44,204
110281,2025-03-13 06:31:00,Billing,7.46,214
110282,2025-03-13 06:34:00,General,12.54,224
110283,2025-03-13 06:35:00,Billing,7.78,240
110284,2025-03-13 06:36:00,Billing,6.98,211
110285,2025-03-13 06:20:00,Billing,11.16,215
110286,2025-03-13 06:15:00,Billing,12.98,233
110287,2025-03-13 07:53:00,Billing,9.46,217
110288,2025-03-13 07:34:00,Technical,31.05,204
110289,2025-03-13 07:03:00,Billing,7.18,234
110290,2025-03-13 07:00:00,Billing,7.28,209
110291,2025-03-13 07:28:00,Billing,7.97,236
110292,2025-03-13 07:50:00,Billing,6.51,242
110293,2025-03-13 08:08:00,General,7.1,201
110294,2025-03-13 08:26:00,General,6.25,206
110295,2025-03-13 08:49:00,Technical,26.86,241
110296,2025-03-13 08:28:00,Billing,6.35,223
110297,2025-03-13 08:50:00,Billing,8.9,201
110298,2025-03-13 08:55:00,General,11.67,222
110299,2025-03-13 08:27:00,General,8.43,244
110300,2025-03-13 08:12:00,Technical,28.89,202
110301,2025-03-13 08:13:00,General,3.92,234
110302,2025-03-13 08:25:00,Billing,6.41,235
110303,2025-03-13 08:03:00,Billing,12.86,221
110304,2025-03-13 08:50:00,General,5.41,217
110305,2025-03-13 09:20:00,Billing,8.84,241
110306,2025-03-13 09:10:00,General,7.23,222
110307,2025-03-13 09:26:00,Billing,9.07,247
110308,2025-03-13 09:42:00,General,2.0,210
110309,2025-03-13 09:11:00,Technical,21.99,213
110310,2025-03-13 09:05:00,Technical,26.34,245
110311,2025-03-13 09:25:00,General,4.72,226
110312,2025-03-13 09:01:00,Billing,4.98,241
110313,2025-03-13 09:45:00,General,9.73,214
110314,2025-03-13 09:47:00,Billing,7.74,222
110315,2025-03-13 09:45:00,Billing,4.73,230
110316,2025-03-13 09:48:00,Technical,27.45,203
110317,2025-03-13 09:35:00,Billing,2.44,243
110318,2025-03-13 10:26:00,General,10.29,225
110319,2025-03-13 10:03:00,Technical,26.87,216
110320,2025-03-13 10:38:00,General,7.18,202
110321,2025-03-13 10:43:00,General,6.88,213
110322,2025-03-13 10:49:00,Billing,8.04,203
110323,2025-03-13 10:46:00,General,13.06,240
110324,2025-03-13 10:17:00,Billing,3.76,207
110325,2025-03-13 11:24:00,Billing,9.05,228
110326,2025-03-13 11:21:00,Technical,22.76,221
110327,2025-03-13 11:32:00,Billing,8.98,204
110328,2025-03-13 11:14:00,Technical,29.33,222
110329,2025-03-13 11:36:00,Billing,4.88,223
110330,2025-03-13 11:53:00,General,10.26,247
110331,2025-03-13 11:47:00,Technical,25.7,218
110332,2025-03-13 11:19:00,Technical,21.13,217
110333,2025-03-13 11:49:00,Technical,24.0,233
110334,2025-03-13 11:13:00,General,10.38,250
110335,2025-03-13 11:13:00,Billing,9.16,245
110336,2025-03-13 11:39:00,General,3.31,204
110337,2025-03-13 11:26:00,Billing,8.68,243
110338,2025-03-13 11:29:00,Billing,5.37,237
110339,2025-03-13 11:11:00,Billing,13.18,217
110340,2025-03-13 11:48:00,Technical,22.43,239
110341,2025-03-13 11:48:00,General,2.0,225
110342,2025-03-13 12:36:00,Billing,5.95,205
110343,2025-03-13 12:54:00,Technical,28.36,208
110344,2025-03-13 12:57:00,Technical,24.72,219
110345,2025-03-13 12:41:00,Billing,10.69,239
110346,2025-03-13 12:32:00,Technical,25.45,211
110347,2025-03-13 12:45:00,General,6.97,213
110348,2025-03-13 13:58:00,Technical,23.66,221
110349,2025-03-13 13:05:00,General,4.73,215
110350,2025-03-13 13:06:00,Billing,7.33,223
110351,2025-03-13 13:09:00,Technical,29.96,218
110352,2025-03-13 13:38:00,Technical,24.62,250
110353,2025-03-13 13:21:00,Billing,8.35,242
110354,2025-03-13 13:05:00,General,9.42,209
110355,2025-03-13 13:04:00,Billing,10.93,213
110356,2025-03-13 13:36:00,Billing,6.38,223
110357,2025-03-13 14:23:00,Technical,31.16,229
110358,2025-03-13 14:39:00,Technical,24.81,202
110359,2025-03-13 14:27:00,Technical,25.42,212
110360,2025-03-13 14:52:00,Billing,4.7,237
110361,2025-03-13 14:02:00,General,5.48,217
110362,2025-03-13 14:13:00,Billing,6.38,208
110363,2025-03-13 14:52:00,Billing,6.52,234
110364,2025-03-13 14:09:00,Billing,2.13,240
110365,2025-03-13 15:20:00,Billing,10.25,209
110366,2025-03-13 15:42:00,General,13.2,231
110367,2025-03-13 15:35:00,General,10.17,202
110368,2025-03-13 16:18:00,Technical,26.53,207
110369,2025-03-13 16:24:00,General,12.91,222
110370,2025-03-13 16:58:00,Billing,3.99,242
110371,2025-03-13 16:06:00,Billing,5.24,246
110372,2025-03-13 16:04:00,Billing,4.78,221
110373,2025-03-13 17:57:00,Billing,7.05,245
110374,2025-03-13 17:12:00,Billing,5.23,220
110375,2025-03-13 17:18:00,Billing,6.37,221
110376,2025-03-13 17:23:00,Billing,13.06,229
110377,2025-03-13 17:05:00,Billing,11.02,234
110378,2025-03-13 17:02:00,Technical,28.21,213
110379,2025-03-13 18:07:00,General,8.0,234
110380,2025-03-13 18:02:00,General,6.57,217
110381,2025-03-13 18:00:00,Billing,16.01,237
110382,2025-03-13 19:04:00,Technical,26.17,239
110383,2025-03-13 19:54:00,General,6.06,203
110384,2025-03-13 19:52:00,Billing,5.01,212
110385,2025-03-13 19:03:00,Technical,31.45,216
110386,2025-03-13 19:52:00,Billing,8.71,209
110387,2025-03-13 19:28:00,General,5.36,249
110388,2025-03-13 19:35:00,Billing,8.61,222
110389,2025-03-13 20:28:00,General,7.12,215
110390,2025-03-13 20:41:00,General,9.07,233
110391,2025-03-13 20:50:00,Billing,8.75,224
110392,2025-03-13 20:32:00,General,7.84,225
110393,2025-03-13 21:43:00,Billing,7.86,225
110394,2025-03-13 21:11:00,Billing,7.8,236
110395,2025-03-13 21:25:00,Billing,4.08,222
110396,2025-03-13 21:43:00,General,8.14,230
110397,2025-03-13 21:32:00,General,8.35,203
110398,2025-03-13 21:04:00,Billing,6.61,230
110399,2025-03-13 21:50:00,Technical,23.19,215
110400,2025-03-13 21:20:00,Technical,24.56,247
110401,2025-03-13 22:45:00,General,12.48,224
110402,2025-03-13 22:23:00,Technical,22.58,231
110403,2025-03-13 22:39:00,Technical,26.23,210
110404,2025-03-13 22:55:00,General,11.78,209
110405,2025-03-13 23:19:00,Billing,9.65,231
110406,2025-03-13 23:19:00,General,11.12,242
110407,2025-03-13 23:01:00,Billing,6.97,229
110408,2025-03-13 23:03:00,Technical,27.85,243
110409,2025-03-13 23:07:00,General,10.7,232
110410,2025-03-13 23:54:00,General,7.97,236
110411,2025-03-13 23:05:00,Billing,16.14,245
110412,2025-03-14 00:29:00,Technical,27.33,218
110413,2025-03-14 00:35:00,Technical,25.26,221
110414,2025-03-14 00:37:00,Technical,24.07,205
110415,2025-03-14 01:30:00,General,7.02,215
110416,2025-03-14 01:40:00,General,9.61,225
110417,2025-03-14 01:39:00,Billing,9.24,208
110418,2025-03-14 01:47:00,Billing,10.85,203
110419,2025-03-14 01:03:00,Billing,18.01,202
110420,2025-03-14 01:02:00,Billing,7.82,223
110421,2025-03-14 02:27:00,General,14.59,241
110422,2025-03-14 02:55:00,General,8.61,249
110423,2025-03-14 02:43:00,Billing,7.35,203
110424,2025-03-14 02:18:00,Billing,3.25,218
110425,2025-03-14 02:02:00,Technical,24.5,203
110426,2025-03-14 03:45:00,Billing,12.76,206
110427,2025-03-14 03:29:00,General,9.0,228
110428,2025-03-14 03:31:00,General,5.19,229
110429,2025-03-14 03:54:00,Billing,15.41,207
110430,2025-03-14 03:10:00,Technical,25.54,218
110431,2025-03-14 04:06:00,Technical,21.16,232
110432,2025-03-14 04:50:00,General,3.5,228
110433,2025-03-14 04:54:00,Billing,8.38,210
110434,2025-03-14 04:56:00,Technical,31.97,249
110435,2025-03-14 04:41:00,General,2.03,223
110436,2025-03-14 04:24:00,Billing,7.98,204
110437,2025-03-14 04:23:00,Billing,5.33,227
110438,2025-03-14 04:51:00,Billing,12.12,230
110439,2025-03-14 04:41:00,General,7.52,240
110440,2025-03-14 04:43:00,Billing,9.73,248
110441,2025-03-14 04:50:00,Billing,3.86,245
110442,2025-03-14 04:45:00,Billing,9.22,228
110443,2025-03-14 04:44:00,Billing,10.13,220
110444,2025-03-14 05:05:00,Billing,6.23,231
110445,2025-03-14 05:09:00,Billing,6.02,210
110446,2025-03-14 05:44:00,Technical,22.65,239
110447,2025-03-14 05:29:00,Billing,10.76,246
110448,2025-03-14 05:11:00,Billing,4.89,220
110449,2025-03-14 05:35:00,Technical,31.02,221
110450,2025-03-14 06:29:00,Technical,26.92,218
110451,2025-03-14 06:22:00,Billing,10.43,202
110452,2025-03-14 06:53:00,General,11.88,249
110453,2025-03-14 06:38:00,Technical,28.95,208
110454,2025-03-14 06:48:00,Billing,4.36,225
110455,2025-03-14 06:14:00,General,7.37,221
110456,2025-03-14 07:30:00,Technical,26.94,219
110457,2025-03-14 07:22:00,Technical,23.56,230
110458,2025-03-14 07:57:00,Technical,29.3,229
110459,2025-03-14 07:50:00,General,8.72,201
110460,2025-03-14 08:42:00,Billing,6.9,240
110461,2025-03-14 08:06:00,Billing,2.0,224
110462,2025-03-14 08:03:00,Billing,11.39,205
110463,2025-03-14 08:30:00,General,2.0,227
110464,2025-03-14 08:04:00,Billing,2.0,227
110465,2025-03-14 08:04:00,Billing,12.47,205
110466,2025-03-14 08:03:00,Billing,9.62,249
110467,2025-03-14 08:00:00,Billing,5.09,232
110468,2025-03-14 08:35:00,Billing,5.46,245
110469,2025-03-14 09:42:00,Technical,22.24,228
110470,2025-03-14 09:35:00,Technical,22.45,219
110471,2025-03-14 09:16:00,General,10.9,228
110472,2025-03-14 09:51:00,Billing,2.0,226
110473,2025-03-14 09:16:00,Billing,11.29,231
110474,2025-03-14 09:52:00,Technical,21.26,203
110475,2025-03-14 09:19:00,General,8.99,208
110476,2025-03-14 09:38:00,General,10.73,210
110477,2025-03-14 09:32:00,Technical,17.57,236
110478,2025-03-14 09:52:00,Technical,21.68,205
110479,2025-03-14 09:42:00,Technical,25.12,202
110480,2025-03-14 09:07:00,General,9.26,237
110481,2025-03-14 09:13:00,General,8.0,205
110482,2025-03-14 09:58:00,Technical,30.43,244
110483,2025-03-14 09:47:00,Technical,25.85,230
110484,2025-03-14 10:41:00,Technical,29.5,241
110485,2025-03-14 10:18:00,General,3.46,231
110486,2025-03-14 10:08:00,General,9.07,245
110487,2025-03-14 10:40:00,General,10.12,231
110488,2025-03-14 10:45:00,Technical,26.98,206
110489,2025-03-14 10:30:00,General,10.84,235
110490,2025-03-14 10:25:00,Billing,11.55,237
110491,2025-03-14 10:39:00,General,9.77,203
110492,2025-03-14 10:35:00,Billing,11.22,242
110493,2025-03-14 10:43:00,Billing,9.34,211
110494,2025-03-14 11:20:00,Technical,24.71,212
110495,2025-03-14 11:22:00,Technical,23.42,206
110496,2025-03-14 11:12:00,General,8.59,227
110497,2025-03-14 11:02:00,Technical,23.75,249
110498,2025-03-14 11:58:00,Billing,7.76,229
110499,2025-03-14 11:24:00,Billing,5.13,242
110500,2025-03-14 11:49:00,General,4.96,227
110501,2025-03-14 11:42:00,General,9.24,242
110502,2025-03-14 11:52:00,Billing,7.64,223
110503,2025-03-14 11:58:00,General,8.09,238
110504,2025-03-14 11:14:00,Billing,3.93,232
110505,2025-03-14 11:51:00,General,10.06,201
110506,2025-03-14 12:49:00,General,10.0,214
110507,2025-03-14 12:42:00,General,4.11,202
110508,2025-03-14 12:28:00,General,9.61,243
110509,2025-03-14 12:51:00,General,8.33,233
110510,2025-03-14 12:47:00,Technical,16.62,237
110511,2025-03-14 12:40:00,Technical,26.73,224
110512,2025-03-14 12:39:00,Technical,22.15,204
110513,2025-03-14 13:15:00,Billing,5.01,239
110514,2025-03-14 13:57:00,Billing,6.82,208
110515,2025-03-14 13:20:00,Technical,25.78,242
110516,2025-03-14 13:39:00,Technical,25.82,237
110517,2025-03-14 13:19:00,Technical,20.49,209
110518,2025-03-14 13:01:00,Billing,11.52,246
110519,2025-03-14 14:14:00,General,8.83,216
110520,2025-03-14 14:54:00,Technical,26.43,241
110521,2025-03-14 14:30:00,Billing,8.97,205
110522,2025-03-14 15:28:00,Technical,24.54,245
110523,2025-03-14 15:34:00,Technical,29.49,211
110524,2025-03-14 15:52:00,Technical,27.5,213
110525,2025-03-14 15:52:00,Billing,11.19,208
110526,2025-03-14 15:14:00,Billing,3.1,221
110527,2025-03-14 15:24:00,General,8.7,244
110528,2025-03-14 16:24:00,General,13.52,228
110529,2025-03-14 16:15:00,Technical,20.23,248
110530,2025-03-14 16:41:00,Billing,12.34,228
110531,2025-03-14 16:08:00,General,5.48,230
110532,2025-03-14 16:01:00,Billing,9.06,211
110533,2025-03-14 17:38:00,Billing,5.21,246
110534,2025-03-14 17:13:00,General,12.19,202
110535,2025-03-14 17:08:00,General,10.46,213
110536,2025-03-14 17:12:00,Billing,9.52,221
110537,2025-03-14 17:19:00,Billing,8.47,236
110538,2025-03-14 17:37:00,Technical,28.3,215
110539,2025-03-14 17:45:00,Billing,3.87,236
110540,2025-03-14 18:07:00,Billing,6.86,228
110541,2025-03-14 18:10:00,Technical,28.24,210
110542,2025-03-14 18:29:00,Technical,25.8,223
110543,2025-03-14 18:53:00,Billing,2.0,228
110544,2025-03-14 19:56:00,Billing,7.92,222
110545,2025-03-14 19:33:00,General,15.17,234
110546,2025-03-14 19:06:00,Billing,9.12,245
110547,2025-03-14 19:08:00,Technical,25.52,218
110548,2025-03-14 19:42:00,Billing,9.56,210
110549,2025-03-14 20:51:00,General,7.74,208
110550,2025-03-14 20:31:00,Technical,24.61,208
110551,2025-03-14 20:09:00,Technical,21.41,249
110552,2025-03-14 20:30:00,Technical,26.04,245
110553,2025-03-14 20:12:00,Technical,22.46,225
110554,2025-03-14 21:40:00,Billing,10.82,222
110555,2025-03-14 21:01:00,Billing,7.86,230
110556,2025-03-14 21:56:00,Technical,23.63,205
110557,2025-03-14 21:52:00,Billing,9.07,229
110558,2025-03-14 21:36:00,Billing,8.42,218
110559,2025-03-14 21:33:00,Billing,13.18,242
110560,2025-03-14 21:04:00,Billing,8.31,223
110561,2025-03-14 21:58:00,Billing,10.0,224
110562,2025-03-14 21:44:00,Billing,7.59,229
110563,2025-03-14 21:47:00,General,6.72,205
110564,2025-03-14 22:21:00,General,5.89,213
110565,2025-03-14 22:50:00,General,6.65,209
110566,2025-03-14 22:47:00,Billing,5.53,236
110567,2025-03-14 23:58:00,General,11.21,247
110568,2025-03-14 23:53:00,Technical,28.98,230
110569,2025-03-15 00:44:00,Billing,5.1,244
110570,2025-03-15 00:08:00,Technical,23.52,203
110571,2025-03-15 01:55:00,Billing,9.34,215
110572,2025-03-15 02:04:00,Billing,7.44,216
110573,2025-03-15 02:09:00,General,8.14,219
110574,2025-03-15 02:04:00,Billing,5.06,209
110575,2025-03-15 02:13:00,Technical,23.01,246
110576,2025-03-15 02:15:00,Billing,9.0,225
110577,2025-03-15 02:50:00,Billing,8.51,224
110578,2025-03-15 03:11:00,Billing,5.73,218
110579,2025-03-15 03:49:00,General,5.36,238
110580,2025-03-15 03:06:00,General,7.12,222
110581,2025-03-15 03:12:00,Billing,8.53,242
110582,2025-03-15 04:37:00,Technical,23.27,231
110583,2025-03-15 05:51:00,Billing,4.01,238
110584,2025-03-15 05:14:00,General,7.29,222
110585,2025-03-15 06:43:00,General,9.33,247
110586,2025-03-15 06:08:00,Billing,9.2,215
110587,2025-03-15 06:49:00,General,6.97,211
110588,2025-03-15 06:47:00,Technical,18.32,212
110589,2025-03-15 06:25:00,Technical,24.77,250
110590,2025-03-15 07:07:00,General,8.42,241
110591,2025-03-15 08:14:00,Billing,7.27,221
110592,2025-03-15 08:05:00,General,9.75,203
110593,2025-03-15 08:33:00,Billing,7.73,204
110594,2025-03-15 08:21:00,Technical,34.05,237
110595,2025-03-15 08:58:00,Billing,8.69,228
110596,2025-03-15 08:00:00,General,10.89,231
110597,2025-03-15 08:53:00,Billing,6.8,234
110598,2025-03-15 08:43:00,Billing,8.7,234
110599,2025-03-15 08:09:00,General,6.4,206
110600,2025-03-15 08:34:00,General,7.36,225
110601,2025-03-15 08:40:00,Technical,25.27,222
110602,2025-03-15 09:29:00,Technical,26.02,219
110603,2025-03-15 09:00:00,Billing,8.58,205
110604,2025-03-15 09:17:00,Billing,3.22,242
110605,2025-03-15 09:24:00,Billing,10.03,236
110606,2025-03-15 09:23:00,Billing,9.41,209
110607,2025-03-15 09:37:00,Technical,25.85,225
110608,2025-03-15 09:42:00,Billing,5.4,226
110609,2025-03-15 10:22:00,Billing,10.15,217
110610,2025-03-15 10:40:00,Billing,12.15,215
110611,2025-03-15 10:51:00,Technical,24.69,234
110612,2025-03-15 10:48:00,Billing,8.11,204
110613,2025-03-15 10:45:00,Technical,20.98,233
110614,2025-03-15 10:40:00,General,6.06,245
110615,2025-03-15 10:52:00,General,16.19,213
110616,2025-03-15 10:17:00,Technical,27.62,212
110617,2025-03-15 10:15:00,Billing,7.43,230
110618,2025-03-15 10:50:00,Billing,3.86,233
110619,2025-03-15 11:31:00,General,9.51,215
110620,2025-03-15 11:35:00,Technical,27.85,220
110621,2025-03-15 11:13:00,General,5.75,220
110622,2025-03-15 11:39:00,Technical,23.55,226
110623,2025-03-15 11:03:00,Billing,8.72,234
110624,2025-03-15 12:35:00,Billing,10.68,215
110625,2025-03-15 12:45:00,Technical,26.4,239
110626,2025-03-15 13:17:00,General,8.16,215
110627,2025-03-15 13:36:00,Technical,25.4,205
110628,2025-03-15 14:45:00,Billing,5.93,238
110629,2025-03-15 14:48:00,Technical,22.2,205
110630,2025-03-15 14:17:00,General,7.9,207
110631,2025-03-15 15:39:00,General,2.64,210
110632,2025-03-15 15:38:00,Technical,27.44,222
110633,2025-03-15 15:27:00,General,5.58,236
110634,2025-03-15 15:03:00,Technical,31.39,225
110635,2025-03-15 16:11:00,Billing,4.84,229
110636,2025-03-15 17:39:00,General,7.72,214
110637,2025-03-15 17:15:00,General,10.08,239
110638,2025-03-15 17:57:00,Billing,9.17,209
110639,2025-03-15 17:08:00,Billing,2.73,203
110640,2025-03-15 17:07:00,General,2.58,232
110641,2025-03-15 18:12:00,Billing,8.01,219
110642,2025-03-15 18:37:00,Billing,10.56,238
110643,2025-03-15 19:13:00,Technical,23.94,203
110644,2025-03-15 19:09:00,Billing,7.0,247
110645,2025-03-15 19:37:00,Technical,22.35,221
110646,2025-03-15 19:35:00,General,14.7,219
110647,2025-03-15 19:31:00,General,9.02,208
110648,2025-03-15 19:53:00,General,6.86,247
110649,2025-03-15 20:17:00,Billing,4.76,213
110650,2025-03-15 20:23:00,Billing,5.5,229
110651,2025-03-15 20:50:00,Technical,27.23,226
110652,2025-03-15 21:48:00,General,12.61,223
110653,2025-03-15 22:30:00,Billing,9.15,220
110654,2025-03-15 22:51:00,Technical,29.32,213
110655,2025-03-15 22:55:00,General,4.58,220
110656,2025-03-15 23:09:00,Billing,14.32,231
110657,2025-03-16 00:43:00,Technical,30.3,214
110658,2025-03-16 00:06:00,General,8.89,250
110659,2025-03-16 00:07:00,Technical,20.3,207
110660,2025-03-16 00:09:00,General,7.76,240
110661,2025-03-16 00:24:00,Billing,8.57,229
110662,2025-03-16 01:08:00,Billing,3.28,226
110663,2025-03-16 01:46:00,Technical,28.0,222
110664,2025-03-16 01:53:00,Billing,9.11,223
110665,2025-03-16 02:39:00,General,5.01,204
110666,2025-03-16 02:50:00,General,2.44,226
110667,2025-03-16 03:36:00,Technical,24.9,222
110668,2025-03-16 03:02:00,Billing,2.95,207
110669,2025-03-16 03:45:00,Technical,21.64,228
110670,2025-03-16 03:40:00,General,8.94,222
110671,2025-03-16 03:29:00,General,15.26,249
110672,2025-03-16 03:25:00,Billing,10.62,214
110673,2025-03-16 03:34:00,Technical,25.94,206
110674,2025-03-16 03:36:00,General,6.48,237
110675,2025-03-16 04:03:00,Billing,12.77,217
110676,2025-03-16 04:48:00,General,2.0,205
110677,2025-03-16 04:36:00,General,9.27,243
110678,2025-03-16 04:25:00,Billing,4.3,230
110679,2025-03-16 05:05:00,Billing,10.0,224
110680,2025-03-16 05:46:00,Billing,4.95,248
110681,2025-03-16 05:28:00,Billing,5.91,249
110682,2025-03-16 06:04:00,Billing,11.93,249
110683,2025-03-16 06:18:00,Billing,4.71,242
110684,2025-03-16 06:08:00,Technical,18.89,240
110685,2025-03-16 07:47:00,Technical,25.67,242
110686,2025-03-16 07:50:00,Technical,32.12,205
110687,2025-03-16 07:09:00,General,7.42,248
110688,2025-03-16 07:48:00,General,3.74,201
110689,2025-03-16 08:52:00,Billing,10.35,206
110690,2025-03-16 08:45:00,Technical,22.31,226
110691,2025-03-16 08:16:00,General,9.98,230
110692,2025-03-16 08:43:00,General,4.12,246
110693,2025-03-16 08:00:00,Technical,22.33,220
110694,2025-03-16 08:00:00,General,5.91,203
110695,2025-03-16 08:39:00,General,6.82,232
110696,2025-03-16 08:24:00,Technical,25.25,226
110697,2025-03-16 09:16:00,Technical,26.79,221
110698,2025-03-16 09:11:00,General,5.81,222
110699,2025-03-16 09:42:00,General,4.57,223
110700,2025-03-16 09:28:00,General,9.51,234
110701,2025-03-16 09:28:00,Billing,4.88,245
110702,2025-03-16 09:04:00,Technical,27.71,218
110703,2025-03-16 09:37:00,Billing,8.05,216
110704,2025-03-16 09:03:00,Billing,7.62,233
110705,2025-03-16 10:03:00,Technical,21.97,234
110706,2025-03-16 10:35:00,Technical,28.08,235
110707,2025-03-16 10:09:00,Technical,28.83,217
110708,2025-03-16 10:36:00,Technical,23.42,243
110709,2025-03-16 10:25:00,Billing,7.09,247
110710,2025-03-16 10:51:00,Billing,7.85,244
110711,2025-03-16 11:49:00,Billing,6.54,249
110712,2025-03-16 11:32:00,Billing,9.78,203
110713,2025-03-16 11:37:00,General,7.53,230
110714,2025-03-16 11:11:00,Billing,8.74,220
110715,2025-03-16 11:51:00,Billing,4.5,226
110716,2025-03-16 11:53:00,General,2.0,208
110717,2025-03-16 11:41:00,Billing,11.77,230
110718,2025-03-16 11:12:00,Technical,29.35,224
110719,2025-03-16 11:47:00,General,7.26,206
110720,2025-03-16 12:33:00,Technical,23.02,237
110721,2025-03-16 12:31:00,Technical,26.61,232
110722,2025-03-16 12:19:00,Technical,21.89,237
110723,2025-03-16 13:52:00,Technical,29.59,208
110724,2025-03-16 13:10:00,General,4.87,203
110725,2025-03-16 13:27:00,Technical,24.26,239
110726,2025-03-16 14:15:00,Billing,9.01,218
110727,2025-03-16 14:03:00,Technical,26.1,221
110728,2025-03-16 14:49:00,General,7.99,221
110729,2025-03-16 15:11:00,Technical,24.89,201
110730,2025-03-16 15:14:00,Billing,3.69,204
110731,2025-03-16 15:54:00,Billing,10.09,208
110732,2025-03-16 15:53:00,Billing,14.18,241
110733,2025-03-16 16:49:00,Billing,9.65,223
110734,2025-03-16 16:13:00,General,11.89,207
110735,2025-03-16 16:40:00,Technical,30.08,235
110736,2025-03-16 17:03:00,Technical,22.94,201
110737,2025-03-16 18:20:00,Billing,8.51,216
110738,2025-03-16 18:01:00,General,9.56,203
110739,2025-03-16 18:23:00,Technical,21.81,223
110740,2025-03-16 18:12:00,Billing,2.93,240
110741,2025-03-16 19:57:00,Technical,25.34,246
110742,2025-03-16 19:10:00,Billing,8.58,246
110743,2025-03-16 20:12:00,Billing,9.26,239
110744,2025-03-16 20:06:00,Billing,7.07,209
110745,2025-03-16 20:35:00,Billing,5.49,233
110746,2025-03-16 20:34:00,Technical,28.61,247
110747,2025-03-16 20:56:00,Billing,9.08,243
110748,2025-03-16 21:44:00,Billing,8.62,205
110749,2025-03-16 21:03:00,Technical,27.76,214
110750,2025-03-16 21:23:00,General,7.81,213
110751,2025-03-16 23:23:00,Billing,12.43,238
110752,2025-03-16 23:20:00,Billing,9.77,207
110753,2025-03-17 00:12:00,General,8.5,214
110754,2025-03-17 00:56:00,Billing,11.42,241
110755,2025-03-17 00:43:00,Billing,6.48,230
110756,2025-03-17 00:41:00,Technical,26.74,241
110757,2025-03-17 00:16:00,Technical,22.86,212
110758,2025-03-17 00:17:00,Billing,10.69,213
110759,2025-03-17 00:08:00,Billing,12.35,243
110760,2025-03-17 01:12:00,General,7.47,213
110761,2025-03-17 01:29:00,Technical,29.91,213
110762,2025-03-17 01:01:00,Billing,5.92,214
110763,2025-03-17 02:51:00,Technical,23.36,247
110764,2025-03-17 02:54:00,Billing,11.29,228
110765,2025-03-17 02:06:00,Billing,9.89,214
110766,2025-03-17 03:39:00,Technical,31.26,240
110767,2025-03-17 03:13:00,Technical,31.59,225
110768,2025-03-17 04:19:00,Billing,10.85,222
110769,2025-03-17 04:14:00,Technical,25.06,248
110770,2025-03-17 04:30:00,Technical,26.58,230
110771,2025-03-17 04:32:00,Billing,2.0,241
110772,2025-03-17 04:44:00,Billing,5.25,226
110773,2025-03-17 04:26:00,Technical,20.76,240
110774,2025-03-17 04:27:00,Technical,28.1,249
110775,2025-03-17 04:35:00,Technical,29.48,231
110776,2025-03-17 04:30:00,Technical,26.35,209
110777,2025-03-17 04:04:00,Technical,21.72,227
110778,2025-03-17 05:43:00,Billing,6.8,205
110779,2025-03-17 05:46:00,Billing,5.62,211
110780,2025-03-17 05:39:00,Technical,27.79,243
110781,2025-03-17 05:35:00,Billing,10.62,206
110782,2025-03-17 05:22:00,Technical,24.82,220
110783,2025-03-17 06:16:00,Technical,22.73,203
110784,2025-03-17 06:53:00,Billing,6.5,238
110785,2025-03-17 06:12:00,Technical,25.45,219
110786,2025-03-17 06:51:00,Technical,25.85,234
110787,2025-03-17 06:18:00,Billing,3.91,219
110788,2025-03-17 06:37:00,General,8.36,227
110789,2025-03-17 06:09:00,Technical,27.88,216
110790,2025-03-17 06:57:00,Technical,30.23,202
110791,2025-03-17 06:22:00,Billing,5.45,223
110792,2025-03-17 07:06:00,Billing,2.0,216
110793,2025-03-17 07:36:00,Billing,8.26,205
110794,2025-03-17 07:34:00,Technical,22.13,248
110795,2025-03-17 07:56:00,General,4.12,233
110796,2025-03-17 07:38:00,Billing,7.56,215
110797,2025-03-17 07:18:00,Technical,28.65,237
110798,2025-03-17 07:32:00,Billing,4.22,202
110799,2025-03-17 08:38:00,Billing,3.23,201
110800,2025-03-17 08:13:00,General,9.22,217
110801,2025-03-17 08:06:00,Billing,9.52,242
110802,2025-03-17 08:13:00,Technical,27.62,247
110803,2025-03-17 08:25:00,Technical,26.34,216
110804,2025-03-17 08:40:00,General,12.14,201
110805,2025-03-17 08:08:00,General,5.1,236
110806,2025-03-17 08:47:00,Technical,26.24,236
110807,2025-03-17 08:14:00,Technical,25.25,203
110808,2025-03-17 08:07:00,Billing,11.39,224
110809,2025-03-17 08:34:00,General,2.07,216
110810,2025-03-17 08:50:00,Billing,5.34,204
110811,2025-03-17 08:40:00,General,10.68,245
110812,2025-03-17 08:57:00,General,7.07,206
110813,2025-03-17 08:22:00,General,3.85,231
110814,2025-03-17 08:54:00,General,9.78,216
110815,2025-03-17 08:35:00,Technical,25.27,228
110816,2025-03-17 09:27:00,General,3.61,247
110817,2025-03-17 09:09:00,Billing,2.5,205
110818,2025-03-17 09:00:00,General,7.49,209
110819,2025-03-17 09:11:00,Billing,2.0,242
110820,2025-03-17 09:15:00,Billing,5.57,213
110821,2025-03-17 09:03:00,Technical,24.18,225
110822,2025-03-17 09:27:00,Technical,21.51,201
110823,2025-03-17 09:21:00,Billing,10.57,221
110824,2025-03-17 09:45:00,Technical,22.59,224
110825,2025-03-17 09:04:00,General,6.26,238
110826,2025-03-17 09:25:00,Technical,21.65,207
110827,2025-03-17 09:06:00,Billing,7.44,243
110828,2025-03-17 09:44:00,Billing,9.11,244
110829,2025-03-17 09:53:00,Billing,9.37,227
110830,2025-03-17 09:29:00,Billing,7.96,228
110831,2025-03-17 09:42:00,General,10.04,241
110832,2025-03-17 09:33:00,General,11.28,241
110833,2025-03-17 09:57:00,Technical,23.73,242
110834,2025-03-17 09:43:00,Billing,5.93,244
110835,2025-03-17 09:39:00,Billing,8.57,246
110836,2025-03-17 09:18:00,General,16.34,246
110837,2025-03-17 10:55:00,Technical,23.6,218
110838,2025-03-17 10:15:00,General,10.0,218
110839,2025-03-17 10:12:00,Billing,6.64,204
110840,2025-03-17 10:32:00,Billing,6.62,209
110841,2025-03-17 10:02:00,Billing,9.5,203
110842,2025-03-17 10:01:00,General,7.52,220
110843,2025-03-17 10:40:00,General,12.54,246
110844,2025-03-17 10:27:00,Technical,22.98,247
110845,2025-03-17 10:40:00,General,2.54,221
110846,2025-03-17 10:36:00,Technical,23.26,241
110847,2025-03-17 10:29:00,General,6.66,222
110848,2025-03-17 11:24:00,Technical,26.06,203
110849,2025-03-17 11:31:00,Technical,25.61,248
110850,2025-03-17 11:18:00,General,6.84,220
110851,2025-03-17 11:54:00,Technical,19.04,218
110852,2025-03-17 11:20:00,Billing,11.86,220
110853,2025-03-17 11:08:00,Technical,26.37,207
110854,2025-03-17 11:29:00,Billing,10.64,216
110855,2025-03-17 11:23:00,Billing,8.67,217
110856,2025-03-17 11:04:00,General,11.99,243
110857,2025-03-17 11:05:00,Technical,25.52,224
110858,2025-03-17 11:07:00,Technical,22.78,220
110859,2025-03-17 11:51:00,General,6.11,208
110860,2025-03-17 11:33:00,Billing,8.45,210
110861,2025-03-17 11:42:00,Billing,6.49,235
110862,2025-03-17 11:25:00,General,12.35,222
110863,2025-03-17 11:47:00,Billing,6.38,229
110864,2025-03-17 11:39:00,Technical,19.77,245
110865,2025-03-17 12:07:00,Billing,7.11,242
110866,2025-03-17 12:09:00,Technical,30.32,219
110867,2025-03-17 12:58:00,Billing,4.65,223
110868,2025-03-17 12:03:00,General,7.82,203
110869,2025-03-17 12:50:00,Technical,25.37,243
110870,2025-03-17 12:07:00,General,10.94,208
110871,2025-03-17 12:47:00,Technical,22.55,210
110872,2025-03-17 12:56:00,Billing,7.31,208
110873,2025-03-17 12:45:00,General,7.17,222
110874,2025-03-17 13:44:00,Technical,29.23,219
110875,2025-03-17 14:46:00,Billing,6.66,230
110876,2025-03-17 14:55:00,Technical,22.0,222
110877,2025-03-17 14:29:00,Technical,24.45,222
110878,2025-03-17 14:49:00,Technical,32.3,236
110879,2025-03-17 15:30:00,General,10.46,218
110880,2025-03-17 15:33:00,General,6.44,246
110881,2025-03-17 15:49:00,Billing,11.99,240
110882,2025-03-17 15:37:00,Technical,27.55,239
110883,2025-03-17 16:06:00,Billing,11.56,203
110884,2025-03-17 16:57:00,Technical,23.54,231
110885,2025-03-17 16:54:00,Technical,22.81,215
110886,2025-03-17 16:56:00,Billing,12.9,220
110887,2025-03-17 16:13:00,General,17.35,215
110888,2025-03-17 16:00:00,General,8.31,228
110889,2025-03-17 16:02:00,General,4.55,249
110890,2025-03-17 16:31:00,Technical,23.75,216
110891,2025-03-17 16:35:00,Billing,7.89,232
110892,2025-03-17 17:21:00,Technical,25.36,222
110893,2025-03-17 17:33:00,Billing,9.34,248
110894,2025-03-17 17:51:00,Technical,26.71,241
110895,2025-03-17 18:50:00,Billing,9.25,223
110896,2025-03-17 18:56:00,General,12.7,220
110897,2025-03-17 18:10:00,General,8.23,207
110898,2025-03-17 18:28:00,Technical,22.87,249
110899,2025-03-17 18:13:00,Billing,6.0,237
110900,2025-03-17 18:34:00,Technical,23.87,231
110901,2025-03-17 18:58:00,General,8.93,246
110902,2025-03-17 19:07:00,Technical,24.92,239
110903,2025-03-17 19:29:00,Technical,20.15,247
110904,2025-03-17 19:22:00,General,6.59,239
110905,2025-03-17 19:49:00,Billing,5.74,212
110906,2025-03-17 19:58:00,Billing,11.07,219
110907,2025-03-17 20:42:00,General,7.99,211
110908,2025-03-17 20:44:00,Billing,8.8,238
110909,2025-03-17 20:23:00,General,9.74,204
110910,2025-03-17 20:12:00,Billing,8.25,223
110911,2025-03-17 20:10:00,General,10.2,216
110912,2025-03-17 20:30:00,Billing,8.34,238
110913,2025-03-17 20:55:00,General,11.38,201
110914,2025-03-17 21:20:00,Technical,24.33,201
110915,2025-03-17 21:22:00,General,3.74,203
110916,2025-03-17 21:24:00,General,8.72,234
110917,2025-03-17 21:00:00,Technical,24.07,228
110918,2025-03-17 21:36:00,General,9.09,230
110919,2025-03-17 21:40:00,Billing,7.16,232
110920,2025-03-17 21:14:00,Billing,12.77,220
110921,2025-03-17 22:07:00,Billing,3.82,214
110922,2025-03-17 22:02:00,General,4.16,248
110923,2025-03-17 23:23:00,Billing,7.8,205
110924,2025-03-17 23:55:00,General,4.24,208
110925,2025-03-17 23:37:00,General,7.89,223
110926,2025-03-17 23:36:00,Technical,25.63,206
110927,2025-03-18 00:02:00,General,3.16,201
110928,2025-03-18 00:18:00,Billing,8.17,236
110929,2025-03-18 00:04:00,Technical,23.01,234
110930,2025-03-18 00:41:00,General,8.06,242
110931,2025-03-18 01:55:00,Billing,6.89,215
110932,2025-03-18 01:25:00,General,8.35,239
110933,2025-03-18 01:15:00,Technical,23.28,227
110934,2025-03-18 01:01:00,Billing,6.6,243
110935,2025-03-18 01:11:00,Billing,10.78,224
110936,2025-03-18 01:18:00,Technical,24.14,228
110937,2025-03-18 02:48:00,Billing,8.75,210
110938,2025-03-18 02:17:00,Technical,26.31,211
110939,2025-03-18 02:20:00,General,7.37,225
110940,2025-03-18 02:33:00,Technical,23.6,232
110941,2025-03-18 02:23:00,Technical,25.99,213
110942,2025-03-18 02:40:00,Technical,22.42,223
110943,2025-03-18 02:12:00,General,9.47,228
110944,2025-03-18 03:51:00,Billing,9.4,227
110945,2025-03-18 03:53:00,General,8.9,247
110946,2025-03-18 03:53:00,Technical,22.22,235
110947,2025-03-18 03:43:00,General,9.8,224
110948,2025-03-18 03:16:00,Billing,10.05,228
110949,2025-03-18 03:18:00,Billing,9.64,238
110950,2025-03-18 04:26:00,General,6.13,226
110951,2025-03-18 04:32:00,General,7.31,236
110952,2025-03-18 04:15:00,Billing,8.4,236
110953,2025-03-18 04:52:00,Billing,10.62,228
110954,2025-03-18 04:30:00,General,6.95,208
110955,2025-03-18 04:50:00,Technical,25.3,217
110956,2025-03-18 04:12:00,Technical,22.71,240
110957,2025-03-18 05:46:00,General,6.67,239
110958,2025-03-18 05:52:00,Billing,6.93,201
110959,2025-03-18 05:27:00,General,7.62,205
110960,2025-03-18 05:37:00,General,7.99,234
110961,2025-03-18 05:48:00,Billing,13.69,213
110962,2025-03-18 06:47:00,General,15.04,230
110963,2025-03-18 06:14:00,General,7.29,236
110964,2025-03-18 06:42:00,General,6.31,243
110965,2025-03-18 06:29:00,General,6.8,201
110966,2025-03-18 06:19:00,Billing,12.59,222
110967,2025-03-18 06:52:00,Billing,13.14,236
110968,2025-03-18 06:26:00,General,7.29,219
110969,2025-03-18 07:30:00,Technical,20.96,234
110970,2025-03-18 07:29:00,General,7.52,231
110971,2025-03-18 08:18:00,Billing,13.7,209
110972,2025-03-18 08:47:00,Billing,5.33,247
110973,2025-03-18 08:42:00,General,8.68,206
110974,2025-03-18 08:50:00,Billing,6.34,218
110975,2025-03-18 08:15:00,Billing,11.06,203
110976,2025-03-18 08:04:00,Technical,24.59,216
110977,2025-03-18 08:15:00,Billing,9.73,221
110978,2025-03-18 08:31:00,General,9.26,225
110979,2025-03-18 08:32:00,General,13.96,239
110980,2025-03-18 08:14:00,General,3.3,208
110981,2025-03-18 08:58:00,Technical,26.01,235
110982,2025-03-18 08:15:00,General,9.25,221
110983,2025-03-18 09:07:00,Technical,22.52,217
110984,2025-03-18 09:23:00,Billing,7.32,207
110985,2025-03-18 09:49:00,Technical,25.72,243
110986,2025-03-18 09:38:00,Technical,23.0,210
110987,2025-03-18 09:16:00,Technical,24.59,214
110988,2025-03-18 09:28:00,Billing,2.42,245
110989,2025-03-18 09:39:00,Technical,26.37,231
110990,2025-03-18 09:06:00,Technical,30.21,238
110991,2025-03-18 09:16:00,General,8.91,217
110992,2025-03-18 09:44:00,Technical,23.54,220
110993,2025-03-18 09:13:00,Technical,20.85,227
110994,2025-03-18 09:30:00,Billing,12.76,214
110995,2025-03-18 09:48:00,Technical,31.31,244
110996,2025-03-18 09:39:00,General,10.17,228
110997,2025-03-18 09:38:00,General,8.3,206
110998,2025-03-18 09:48:00,Technical,21.23,212
110999,2025-03-18 09:51:00,Billing,2.96,203
111000,2025-03-18 09:40:00,General,3.0,206
111001,2025-03-18 09:37:00,Technical,26.78,206
111002,2025-03-18 09:19:00,General,12.85,218
111003,2025-03-18 09:14:00,General,5.1,231
111004,2025-03-18 09:01:00,Technical,27.02,236
111005,2025-03-18 09:45:00,General,6.89,232
111006,2025-03-18 10:31:00,General,8.76,215
111007,2025-03-18 10:30:00,General,7.09,212
111008,2025-03-18 10:46:00,Billing,9.65,227
111009,2025-03-18 10:55:00,Billing,11.02,216
111010,2025-03-18 10:57:00,Billing,6.84,232
111011,2025-03-18 10:18:00,Billing,9.72,226
111012,2025-03-18 10:48:00,Billing,16.14,226
111013,2025-03-18 10:28:00,General,8.28,232
111014,2025-03-18 10:47:00,Billing,8.15,239
111015,2025-03-18 10:05:00,General,7.15,237
111016,2025-03-18 10:10:00,Billing,4.86,203
111017,2025-03-18 10:58:00,General,3.19,228
111018,2025-03-18 10:44:00,Billing,6.6,232
111019,2025-03-18 10:17:00,Technical,20.36,222
111020,2025-03-18 10:43:00,Technical,26.14,244
111021,2025-03-18 10:56:00,Billing,8.04,207
111022,2025-03-18 11:38:00,Technical,25.53,239
111023,2025-03-18 11:01:00,Billing,9.87,216
111024,2025-03-18 11:57:00,General,10.14,210
111025,2025-03-18 11:12:00,Billing,5.36,202
111026,2025-03-18 11:37:00,General,2.0,236
111027,2025-03-18 11:46:00,Technical,24.63,223
111028,2025-03-18 11:44:00,Technical,23.54,201
111029,2025-03-18 12:22:00,Billing,5.41,246
111030,2025-03-18 12:23:00,Technical,27.98,229
111031,2025-03-18 12:14:00,Technical,22.96,210
111032,2025-03-18 12:17:00,Billing,7.37,207
111033,2025-03-18 12:19:00,Technical,27.84,221
111034,2025-03-18 12:16:00,General,7.33,235
111035,2025-03-18 12:16:00,General,8.49,232
111036,2025-03-18 13:25:00,Technical,25.79,241
111037,2025-03-18 13:12:00,Billing,11.63,207
111038,2025-03-18 13:02:00,Billing,9.71,219
111039,2025-03-18 13:27:00,Billing,2.93,244
111040,2025-03-18 13:03:00,Technical,25.4,223
111041,2025-03-18 14:57:00,Billing,7.1,213
111042,2025-03-18 14:09:00,General,10.5,237
111043,2025-03-18 14:46:00,Billing,6.8,250
111044,2025-03-18 14:14:00,General,7.51,227
111045,2025-03-18 15:57:00,General,11.15,206
111046,2025-03-18 15:37:00,General,6.3,245
111047,2025-03-18 15:12:00,Technical,25.28,210
111048,2025-03-18 15:58:00,Technical,23.85,220
111049,2025-03-18 15:26:00,Technical,30.55,215
111050,2025-03-18 15:21:00,General,9.07,234
111051,2025-03-18 15:31:00,Billing,8.98,211
111052,2025-03-18 16:29:00,General,8.79,238
111053,2025-03-18 16:24:00,Technical,27.43,219
111054,2025-03-18 17:23:00,General,8.15,234
111055,2025-03-18 17:54:00,General,7.5,206
111056,2025-03-18 17:44:00,Billing,5.38,212
111057,2025-03-18 17:05:00,Technical,25.12,221
111058,2025-03-18 17:10:00,General,7.42,222
111059,2025-03-18 18:06:00,Billing,10.13,211
111060,2025-03-18 18:39:00,General,9.7,237
111061,2025-03-18 18:23:00,General,12.19,211
111062,2025-03-18 18:00:00,Billing,8.93,206
111063,2025-03-18 18:42:00,General,13.32,243
111064,2025-03-18 18:28:00,Technical,20.73,230
111065,2025-03-18 18:29:00,Technical,25.5,212
111066,2025-03-18 19:23:00,General,10.51,219
111067,2025-03-18 19:14:00,General,9.69,240
111068,2025-03-18 19:39:00,Technical,29.4,202
111069,2025-03-18 19:32:00,Billing,9.37,222
111070,2025-03-18 19:13:00,General,6.7,240
111071,2025-03-18 20:11:00,Billing,6.37,240
111072,2025-03-18 20:06:00,Technical,27.12,202
111073,2025-03-18 20:03:00,Billing,7.29,245
111074,2025-03-18 21:45:00,Technical,15.87,227
111075,2025-03-18 21:57:00,Billing,6.15,245
111076,2025-03-18 21:24:00,Technical,27.33,207
111077,2025-03-18 21:52:00,Billing,4.68,231
111078,2025-03-18 21:27:00,Technical,26.16,246
111079,2025-03-18 22:13:00,Technical,19.18,224
111080,2025-03-18 22:38:00,Billing,9.07,213
111081,2025-03-18 22:35:00,Billing,9.99,212
111082,2025-03-18 22:09:00,General,7.19,229
111083,2025-03-18 22:52:00,Billing,11.34,217
111084,2025-03-18 22:35:00,General,10.86,205
111085,2025-03-18 23:32:00,Technical,23.03,233
111086,2025-03-18 23:42:00,Billing,10.14,231
111087,2025-03-19 00:13:00,Billing,9.18,245
111088,2025-03-19 01:52:00,Billing,6.02,223
111089,2025-03-19 01:29:00,General,4.06,250
111090,2025-03-19 01:06:00,General,11.01,215
111091,2025-03-19 01:08:00,General,12.8,221
111092,2025-03-19 02:39:00,General,6.76,225
111093,2025-03-19 02:53:00,General,12.76,237
111094,2025-03-19 02:24:00,Billing,13.61,249
111095,2025-03-19 02:00:00,Billing,7.53,250
111096,2025-03-19 02:35:00,Billing,9.72,215
111097,2025-03-19 03:15:00,Billing,9.01,245
111098,2025-03-19 03:40:00,Technical,22.76,224
111099,2025-03-19 03:34:00,Billing,10.96,209
111100,2025-03-19 03:44:00,Technical,24.99,234
111101,2025-03-19 03:11:00,Technical,19.01,218
111102,2025-03-19 04:08:00,General,5.73,226
111103,2025-03-19 04:28:00,Technical,29.1,246
111104,2025-03-19 04:29:00,Billing,10.98,208
111105,2025-03-19 04:20:00,General,3.98,239
111106,2025-03-19 04:34:00,Technical,22.2,206
111107,2025-03-19 04:23:00,Billing,5.01,240
111108,2025-03-19 04:23:00,Billing,7.88,235
111109,2025-03-19 05:55:00,General,14.45,219
111110,2025-03-19 05:16:00,Technical,23.88,221
111111,2025-03-19 05:48:00,General,10.36,223
111112,2025-03-19 05:51:00,Technical,23.71,240
111113,2025-03-19 06:28:00,Technical,25.49,247
111114,2025-03-19 06:54:00,Technical,28.73,240
111115,2025-03-19 06:44:00,Billing,4.88,239
111116,2025-03-19 06:54:00,Technical,22.31,213
111117,2025-03-19 06:44:00,General,10.83,222
111118,2025-03-19 06:55:00,Billing,4.33,227
111119,2025-03-19 06:33:00,Billing,6.15,211
111120,2025-03-19 07:14:00,Billing,5.6,241
111121,2025-03-19 07:53:00,Billing,8.4,220
111122,2025-03-19 07:45:00,Billing,12.2,227
111123,2025-03-19 07:32:00,Billing,12.28,239
111124,2025-03-19 08:09:00,Billing,6.27,238
111125,2025-03-19 08:09:00,General,3.33,245
111126,2025-03-19 08:32:00,Billing,10.55,211
111127,2025-03-19 08:57:00,Technical,33.1,234
111128,2025-03-19 08:14:00,Billing,10.71,216
111129,2025-03-19 08:38:00,Technical,27.37,201
111130,2025-03-19 08:49:00,General,7.07,244
111131,2025-03-19 08:24:00,Technical,26.35,204
111132,2025-03-19 08:13:00,Technical,25.26,228
111133,2025-03-19 08:14:00,General,11.99,246
111134,2025-03-19 08:05:00,Technical,27.77,223
111135,2025-03-19 08:00:00,Billing,3.61,228
111136,2025-03-19 08:49:00,General,2.0,236
111137,2025-03-19 08:43:00,Billing,6.03,241
111138,2025-03-19 08:16:00,Billing,2.0,229
111139,2025-03-19 08:45:00,General,6.98,208
111140,2025-03-19 08:54:00,General,5.98,237
111141,2025-03-19 08:34:00,Billing,5.68,234
111142,2025-03-19 08:08:00,Billing,6.77,235
111143,2025-03-19 08:13:00,General,8.71,231
111144,2025-03-19 08:28:00,Technical,22.2,208
111145,2025-03-19 08:50:00,Billing,5.14,247
111146,2025-03-19 08:01:00,Technical,27.25,209
111147,2025-03-19 08:11:00,Billing,5.99,223
111148,2025-03-19 08:28:00,Technical,28.54,206
111149,2025-03-19 08:55:00,Billing,6.85,218
111150,2025-03-19 09:19:00,General,10.67,217
111151,2025-03-19 09:36:00,Technical,27.45,229
111152,2025-03-19 09:05:00,General,6.53,246
111153,2025-03-19 09:48:00,Billing,5.69,239
111154,2025-03-19 09:46:00,Billing,13.56,243
111155,2025-03-19 09:28:00,Billing,4.31,224
111156,2025-03-19 09:36:00,Technical,29.0,237
111157,2025-03-19 09:05:00,General,4.98,248
111158,2025-03-19 10:10:00,Technical,21.9,219
111159,2025-03-19 10:21:00,Billing,8.02,239
111160,2025-03-19 10:36:00,Billing,7.18,245
111161,2025-03-19 10:33:00,General,9.68,212
111162,2025-03-19 10:39:00,General,9.12,235
111163,2025-03-19 10:05:00,Billing,7.48,222
111164,2025-03-19 10:36:00,Billing,7.68,237
111165,2025-03-19 10:19:00,Technical,22.54,238
111166,2025-03-19 11:40:00,Billing,10.49,202
111167,2025-03-19 11:07:00,Billing,9.04,209
111168,2025-03-19 11:33:00,Technical,29.13,204
111169,2025-03-19 11:24:00,Billing,5.42,232
111170,2025-03-19 11:52:00,Billing,12.16,212
111171,2025-03-19 11:25:00,Billing,7.87,221
111172,2025-03-19 11:16:00,Technical,27.86,244
111173,2025-03-19 11:54:00,Billing,5.36,204
111174,2025-03-19 11:11:00,Billing,5.99,236
111175,2025-03-19 11:33:00,General,2.0,236
111176,2025-03-19 11:09:00,Technical,24.26,212
111177,2025-03-19 11:20:00,Billing,3.65,234
111178,2025-03-19 12:27:00,Technical,22.79,227
111179,2025-03-19 12:42:00,General,9.35,231
111180,2025-03-19 12:58:00,General,6.94,206
111181,2025-03-19 12:08:00,Billing,4.92,241
111182,2025-03-19 12:23:00,General,9.41,216
111183,2025-03-19 12:02:00,Billing,8.04,239
111184,2025-03-19 12:40:00,Billing,9.25,235
111185,2025-03-19 12:56:00,Billing,10.02,220
111186,2025-03-19 12:29:00,General,3.43,235
111187,2025-03-19 13:20:00,Billing,13.03,212
111188,2025-03-19 13:08:00,General,9.64,239
111189,2025-03-19 14:38:00,Technical,31.07,218
111190,2025-03-19 14:55:00,Billing,11.89,235
111191,2025-03-19 14:52:00,Technical,26.95,203
111192,2025-03-19 15:52:00,Billing,7.96,235
111193,2025-03-19 15:15:00,General,4.75,221
111194,2025-03-19 15:47:00,Technical,24.63,239
111195,2025-03-19 15:33:00,Billing,10.94,230
111196,2025-03-19 16:23:00,Billing,8.9,202
111197,2025-03-19 16:25:00,Technical,24.74,249
111198,2025-03-19 16:40:00,Technical,25.66,219
111199,2025-03-19 16:09:00,General,11.92,227
111200,2025-03-19 16:24:00,Technical,23.01,229
111201,2025-03-19 17:11:00,Billing,2.0,223
111202,2025-03-19 17:32:00,General,6.01,250
111203,2025-03-19 17:27:00,General,7.76,205
111204,2025-03-19 17:51:00,Billing,11.55,238
111205,2025-03-19 17:22:00,General,9.26,247
111206,2025-03-19 18:45:00,General,11.63,228
111207,2025-03-19 18:53:00,General,9.9,236
111208,2025-03-19 18:36:00,Technical,21.71,211
111209,2025-03-19 18:37:00,Technical,25.02,239
111210,2025-03-19 18:13:00,Technical,23.27,224
111211,2025-03-19 18:33:00,Billing,6.08,236
111212,2025-03-19 18:10:00,General,9.68,249
111213,2025-03-19 19:05:00,Billing,8.91,220
111214,2025-03-19 19:15:00,General,7.75,208
111215,2025-03-19 19:19:00,General,11.65,228
111216,2025-03-19 19:02:00,Billing,9.69,210
111217,2025-03-19 19:17:00,General,8.85,245
111218,2025-03-19 19:55:00,Billing,11.42,223
111219,2025-03-19 20:38:00,Technical,25.17,202
111220,2025-03-19 20:21:00,General,8.58,240
111221,2025-03-19 20:03:00,General,4.33,207
111222,2025-03-19 20:40:00,Billing,6.42,245
111223,2025-03-19 21:38:00,Billing,10.36,213
111224,2025-03-19 21:06:00,General,8.7,248
111225,2025-03-19 22:27:00,General,12.67,227
111226,2025-03-19 22:48:00,Billing,8.37,217
111227,2025-03-19 22:45:00,General,7.41,234
111228,2025-03-19 22:17:00,Billing,13.54,234
111229,2025-03-19 22:43:00,General,9.26,215
111230,2025-03-19 23:47:00,Technical,24.14,245
111231,2025-03-19 23:43:00,Technical,24.52,220
111232,2025-03-19 23:18:00,General,10.65,232
111233,2025-03-19 23:48:00,General,2.75,205
111234,2025-03-19 23:19:00,Technical,27.76,218
111235,2025-03-19 23:03:00,Technical,28.2,212
111236,2025-03-20 00:16:00,General,8.45,216
111237,2025-03-20 00:44:00,Billing,7.37,204
111238,2025-03-20 00:03:00,Technical,22.93,232
111239,2025-03-20 00:15:00,General,7.61,225
111240,2025-03-20 00:27:00,Billing,9.29,223
111241,2025-03-20 00:53:00,General,2.99,221
111242,2025-03-20 01:57:00,Billing,8.8,238
111243,2025-03-20 01:27:00,Billing,6.89,249
111244,2025-03-20 01:54:00,Technical,24.99,248
111245,2025-03-20 01:50:00,Billing,7.53,220
111246,2025-03-20 02:16:00,Technical,28.72,239
111247,2025-03-20 02:36:00,Technical,22.67,245
111248,2025-03-20 02:57:00,Billing,7.39,238
111249,2025-03-20 02:33:00,Technical,23.57,228
111250,2025-03-20 02:15:00,Technical,24.07,208
111251,2025-03-20 02:10:00,Technical,27.28,245
111252,2025-03-20 02:23:00,General,8.0,210
111253,2025-03-20 03:07:00,General,3.26,220
111254,2025-03-20 03:39:00,General,7.06,230
111255,2025-03-20 03:38:00,Billing,8.57,240
111256,2025-03-20 04:27:00,Billing,2.0,228
111257,2025-03-20 04:29:00,Billing,9.17,221
111258,2025-03-20 04:13:00,Billing,8.54,227
111259,2025-03-20 04:09:00,General,12.17,248
111260,2025-03-20 04:04:00,General,4.92,225
111261,2025-03-20 05:30:00,Billing,8.14,234
111262,2025-03-20 05:10:00,Technical,25.69,231
111263,2025-03-20 05:37:00,Technical,23.39,242
111264,2025-03-20 05:06:00,Billing,6.12,221
111265,2025-03-20 05:05:00,Billing,6.66,231
111266,2025-03-20 05:26:00,General,4.73,217
111267,2025-03-20 06:31:00,Billing,8.04,248
111268,2025-03-20 06:41:00,Technical,22.79,224
111269,2025-03-20 06:01:00,Technical,25.04,241
111270,2025-03-20 06:43:00,General,9.22,237
111271,2025-03-20 07:01:00,Technical,33.61,237
111272,2025-03-20 07:22:00,Billing,7.97,204
111273,2025-03-20 07:34:00,Technical,19.7,227
111274,2025-03-20 07:28:00,Technical,23.73,239
111275,2025-03-20 07:18:00,Billing,7.19,235
111276,2025-03-20 07:49:00,Billing,9.69,230
111277,2025-03-20 07:14:00,Billing,11.23,234
111278,2025-03-20 08:54:00,General,2.0,201
111279,2025-03-20 08:31:00,Billing,8.65,203
111280,2025-03-20 08:25:00,Billing,5.93,221
111281,2025-03-20 08:50:00,Technical,23.43,211
111282,2025-03-20 08:45:00,General,8.71,218
111283,2025-03-20 08:53:00,Billing,11.32,202
111284,2025-03-20 08:09:00,Technical,28.3,207
111285,2025-03-20 08:47:00,General,6.6,227
111286,2025-03-20 08:23:00,General,4.78,216
111287,2025-03-20 08:19:00,Billing,9.81,219
111288,2025-03-20 08:55:00,Billing,9.94,202
111289,2025-03-20 08:03:00,Technical,22.96,215
111290,2025-03-20 08:55:00,General,14.07,229
111291,2025-03-20 08:43:00,Billing,11.47,233
111292,2025-03-20 08:42:00,General,7.52,225
111293,2025-03-20 08:52:00,Technical,26.48,237
111294,2025-03-20 08:06:00,Technical,24.0,236
111295,2025-03-20 08:53:00,Technical,24.91,233
111296,2025-03-20 08:11:00,Technical,26.06,223
111297,2025-03-20 09:17:00,Technical,20.27,227
111298,2025-03-20 09:39:00,Technical,17.12,206
111299,2025-03-20 09:12:00,General,10.02,226
111300,2025-03-20 09:07:00,Technical,26.44,219
111301,2025-03-20 09:31:00,Technical,30.36,221
111302,2025-03-20 09:34:00,Billing,7.18,202
111303,2025-03-20 09:41:00,Technical,28.56,240
111304,2025-03-20 09:51:00,Technical,24.08,203
111305,2025-03-20 09:35:00,Billing,4.79,239
111306,2025-03-20 09:31:00,General,5.54,203
111307,2025-03-20 09:17:00,Technical,27.67,217
111308,2025-03-20 10:49:00,General,5.4,232
111309,2025-03-20 10:27:00,Billing,7.99,241
111310,2025-03-20 10:51:00,Technical,24.12,222
111311,2025-03-20 10:20:00,Billing,13.79,244
111312,2025-03-20 10:36:00,General,10.09,244
111313,2025-03-20 10:19:00,Technical,26.59,202
111314,2025-03-20 10:35:00,Billing,8.05,214
111315,2025-03-20 10:03:00,Technical,28.87,206
111316,2025-03-20 10:31:00,Billing,11.05,207
111317,2025-03-20 10:25:00,General,11.14,208
111318,2025-03-20 10:50:00,Billing,12.0,242
111319,2025-03-20 10:32:00,Technical,24.01,229
111320,2025-03-20 10:35:00,Technical,27.31,220
111321,2025-03-20 10:44:00,General,3.63,236
111322,2025-03-20 10:17:00,General,3.35,234
111323,2025-03-20 10:07:00,Technical,20.52,211
111324,2025-03-20 10:06:00,General,8.08,220
111325,2025-03-20 10:27:00,Billing,5.7,228
111326,2025-03-20 10:21:00,Billing,7.63,207
111327,2025-03-20 11:13:00,Technical,24.83,244
111328,2025-03-20 11:23:00,Billing,8.89,247
111329,2025-03-20 11:06:00,General,10.24,230
111330,2025-03-20 11:38:00,Billing,5.55,202
111331,2025-03-20 11:27:00,Technical,20.7,244
111332,2025-03-20 11:25:00,General,7.55,238
111333,2025-03-20 11:26:00,General,4.4,209
111334,2025-03-20 11:17:00,General,6.02,210
111335,2025-03-20 11:31:00,Billing,8.04,243
111336,2025-03-20 11:33:00,Billing,6.09,243
111337,2025-03-20 11:18:00,Technical,21.41,249
111338,2025-03-20 11:30:00,General,10.68,202
111339,2025-03-20 11:00:00,Technical,22.0,246
111340,2025-03-20 11:36:00,General,9.03,237
111341,2025-03-20 12:50:00,General,6.81,213
111342,2025-03-20 12:16:00,General,9.53,205
111343,2025-03-20 12:49:00,General,12.46,230
111344,2025-03-20 12:58:00,Billing,8.71,210
111345,2025-03-20 12:04:00,General,7.87,228
111346,2025-03-20 13:12:00,Billing,4.76,245
111347,2025-03-20 13:26:00,General,5.63,217
111348,2025-03-20 13:32:00,General,4.55,206
111349,2025-03-20 14:25:00,Billing,8.12,206
111350,2025-03-20 14:49:00,General,6.09,232
111351,2025-03-20 14:52:00,Billing,3.72,246
111352,2025-03-20 14:34:00,Billing,12.97,227
111353,2025-03-20 14:00:00,General,7.09,243
111354,2025-03-20 14:17:00,Billing,4.59,204
111355,2025-03-20 14:50:00,Technical,27.37,241
111356,2025-03-20 14:21:00,Billing,9.76,248
111357,2025-03-20 14:01:00,Billing,7.72,241
111358,2025-03-20 15:18:00,Billing,6.03,210
111359,2025-03-20 16:45:00,Billing,5.75,231
111360,2025-03-20 16:38:00,Billing,4.17,210
111361,2025-03-20 16:23:00,Billing,6.55,211
111362,2025-03-20 16:14:00,Technical,25.49,221
111363,2025-03-20 16:29:00,General,12.69,205
111364,2025-03-20 17:56:00,Billing,2.0,240
111365,2025-03-20 17:05:00,General,6.29,211
111366,2025-03-20 17:04:00,Technical,26.66,233
111367,2025-03-20 17:20:00,Billing,8.69,232
111368,2025-03-20 18:57:00,Billing,9.95,245
111369,2025-03-20 18:12:00,Billing,3.58,241
111370,2025-03-20 18:19:00,Technical,18.76,241
111371,2025-03-20 18:04:00,Technical,24.69,222
111372,2025-03-20 18:35:00,Billing,10.4,208
111373,2025-03-20 19:26:00,Technical,23.89,205
111374,2025-03-20 19:07:00,Technical,26.92,201
111375,2025-03-20 19:15:00,General,4.85,230
111376,2025-03-20 19:19:00,General,6.38,243
111377,2025-03-20 20:00:00,Billing,13.06,250
111378,2025-03-20 20:15:00,Billing,7.48,206
111379,2025-03-20 20:54:00,General,9.68,248
111380,2025-03-20 20:39:00,Technical,27.92,202
111381,2025-03-20 20:14:00,Billing,12.14,222
111382,2025-03-20 21:11:00,Technical,23.43,209
111383,2025-03-20 21:58:00,Billing,5.66,239
111384,2025-03-20 21:14:00,Technical,21.19,225
111385,2025-03-20 21:57:00,Technical,32.16,243
111386,2025-03-20 21:31:00,General,8.57,211
111387,2025-03-20 22:56:00,Billing,11.42,239
111388,2025-03-20 22:03:00,Billing,9.24,203
111389,2025-03-20 22:13:00,Technical,24.46,203
111390,2025-03-20 22:34:00,Technical,29.53,231
111391,2025-03-20 22:11:00,Technical,26.21,210
111392,2025-03-20 22:18:00,Billing,3.74,217
111393,2025-03-20 22:10:00,General,10.28,205
111394,2025-03-20 22:08:00,Technical,21.58,238
111395,2025-03-20 23:12:00,Billing,11.46,249
111396,2025-03-20 23:08:00,General,6.56,216
111397,2025-03-20 23:24:00,Technical,22.82,211
111398,2025-03-20 23:42:00,Billing,11.14,237
111399,2025-03-21 00:25:00,General,4.09,207
111400,2025-03-21 00:56:00,General,5.1,244
111401,2025-03-21 00:05:00,Technical,27.12,205
111402,2025-03-21 00:49:00,General,5.21,220
111403,2025-03-21 00:37:00,Technical,28.99,239
111404,2025-03-21 01:37:00,General,13.7,236
111405,2025-03-21 01:55:00,Billing,7.34,212
111406,2025-03-21 01:32:00,General,5.56,214
111407,2025-03-21 01:00:00,General,11.11,227
111408,2025-03-21 01:46:00,Technical,22.37,248
111409,2025-03-21 01:33:00,Billing,7.52,206
111410,2025-03-21 01:29:00,General,12.73,210
111411,2025-03-21 01:09:00,General,3.6,225
111412,2025-03-21 02:54:00,General,9.37,227
111413,2025-03-21 03:28:00,Billing,6.22,246
111414,2025-03-21 03:08:00,Technical,27.74,222
111415,2025-03-21 03:05:00,Billing,10.0,227
111416,2025-03-21 03:57:00,Technical,23.78,249
111417,2025-03-21 04:29:00,Billing,4.41,218
111418,2025-03-21 04:47:00,Billing,10.21,239
111419,2025-03-21 04:37:00,Technical,29.47,232
111420,2025-03-21 04:49:00,General,6.17,207
111421,2025-03-21 04:08:00,Billing,2.0,228
111422,2025-03-21 04:17:00,General,5.44,244
111423,2025-03-21 05:14:00,General,6.77,239
111424,2025-03-21 05:53:00,General,4.71,223
111425,2025-03-21 05:33:00,Technical,21.42,225
111426,2025-03-21 05:46:00,Billing,7.32,232
111427,2025-03-21 05:18:00,General,9.95,247
111428,2025-03-21 05:54:00,General,12.01,237
111429,2025-03-21 05:53:00,Billing,6.89,207
111430,2025-03-21 06:28:00,General,8.78,232
111431,2025-03-21 06:05:00,General,6.57,201
111432,2025-03-21 06:02:00,Billing,10.39,224
111433,2025-03-21 06:49:00,Billing,2.0,232
111434,2025-03-21 06:02:00,General,11.94,222
111435,2025-03-21 06:37:00,Technical,23.11,224
111436,2025-03-21 07:29:00,Billing,4.45,209
111437,2025-03-21 07:35:00,Technical,25.09,201
111438,2025-03-21 07:39:00,Billing,13.27,233
111439,2025-03-21 07:38:00,Billing,3.2,228
111440,2025-03-21 07:37:00,General,3.02,212
111441,2025-03-21 07:26:00,General,5.51,250
111442,2025-03-21 07:08:00,Technical,22.49,247
111443,2025-03-21 07:10:00,Technical,22.77,250
111444,2025-03-21 07:12:00,General,10.92,220
111445,2025-03-21 08:22:00,Billing,7.26,225
111446,2025-03-21 08:02:00,Billing,8.94,231
111447,2025-03-21 08:46:00,General,13.88,235
111448,2025-03-21 08:43:00,Billing,4.66,246
111449,2025-03-21 08:24:00,Billing,11.53,246
111450,2025-03-21 08:07:00,General,5.96,234
111451,2025-03-21 08:13:00,Billing,8.38,219
111452,2025-03-21 08:11:00,Technical,25.57,210
111453,2025-03-21 08:32:00,General,6.93,214
111454,2025-03-21 08:41:00,General,6.9,236
111455,2025-03-21 08:36:00,Technical,27.86,240
111456,2025-03-21 08:08:00,Billing,11.83,243
111457,2025-03-21 08:13:00,Billing,7.39,205
111458,2025-03-21 08:40:00,Billing,2.0,228
111459,2025-03-21 08:37:00,Technical,21.46,223
111460,2025-03-21 08:57:00,Billing,11.38,207
111461,2025-03-21 08:47:00,Billing,5.83,207
111462,2025-03-21 08:40:00,General,10.61,211
111463,2025-03-21 08:46:00,General,9.18,201
111464,2025-03-21 09:27:00,Billing,11.5,201
111465,2025-03-21 09:15:00,Billing,2.0,232
111466,2025-03-21 09:27:00,General,7.77,219
111467,2025-03-21 09:06:00,General,10.82,218
111468,2025-03-21 09:03:00,Technical,21.64,250
111469,2025-03-21 09:15:00,Billing,12.47,214
111470,2025-03-21 09:41:00,Technical,22.45,245
111471,2025-03-21 09:42:00,Billing,11.57,238
111472,2025-03-21 09:02:00,Technical,28.53,201
111473,2025-03-21 09:26:00,Technical,24.95,246
111474,2025-03-21 09:15:00,General,7.42,247
111475,2025-03-21 09:28:00,General,5.83,216
111476,2025-03-21 09:31:00,Technical,24.74,210
111477,2025-03-21 09:55:00,Billing,9.07,232
111478,2025-03-21 09:42:00,Technical,20.56,250
111479,2025-03-21 09:33:00,Billing,11.56,234
111480,2025-03-21 09:07:00,General,8.6,220
111481,2025-03-21 09:28:00,General,11.87,231
111482,2025-03-21 09:56:00,Technical,24.79,240
111483,2025-03-21 09:24:00,General,5.94,237
111484,2025-03-21 09:13:00,Billing,2.0,219
111485,2025-03-21 09:07:00,Billing,9.69,250
111486,2025-03-21 09:18:00,Technical,24.46,218
111487,2025-03-21 10:05:00,Billing,10.27,219
111488,2025-03-21 10:55:00,General,4.42,210
111489,2025-03-21 10:48:00,General,10.39,224
111490,2025-03-21 10:13:00,Billing,8.84,238
111491,2025-03-21 10:36:00,Technical,22.94,235
111492,2025-03-21 10:09:00,Technical,18.96,214
111493,2025-03-21 10:48:00,General,7.57,236
111494,2025-03-21 10:20:00,General,4.34,218
111495,2025-03-21 10:10:00,Billing,2.86,210
111496,2025-03-21 10:29:00,Technical,29.27,250
111497,2025-03-21 10:40:00,General,14.7,220
111498,2025-03-21 10:33:00,Billing,3.27,242
111499,2025-03-21 10:01:00,Billing,9.0,249
111500,2025-03-21 10:53:00,Billing,13.98,211
111501,2025-03-21 10:18:00,Billing,9.69,248
111502,2025-03-21 10:57:00,Billing,5.34,227
111503,2025-03-21 10:55:00,Technical,21.48,231
111504,2025-03-21 10:24:00,General,9.11,239
111505,2025-03-21 10:27:00,General,5.61,242
111506,2025-03-21 10:55:00,Billing,3.26,228
111507,2025-03-21 10:44:00,General,5.02,248
111508,2025-03-21 10:22:00,Technical,27.22,213
111509,2025-03-21 11:47:00,Billing,4.91,231
111510,2025-03-21 11:42:00,Billing,5.73,213
111511,2025-03-21 11:27:00,Billing,9.76,232
111512,2025-03-21 11:03:00,Billing,2.0,214
111513,2025-03-21 11:18:00,Technical,22.62,202
111514,2025-03-21 11:00:00,Billing,9.49,242
111515,2025-03-21 11:16:00,Technical,28.03,219
111516,2025-03-21 11:05:00,General,3.25,250
111517,2025-03-21 11:29:00,General,6.94,222
111518,2025-03-21 11:38:00,General,5.5,239
111519,2025-03-21 11:21:00,Technical,21.83,245
111520,2025-03-21 11:50:00,General,5.68,228
111521,2025-03-21 11:29:00,Billing,13.31,240
111522,2025-03-21 11:58:00,General,4.07,213
111523,2025-03-21 11:06:00,Billing,14.04,222
111524,2025-03-21 12:54:00,Billing,11.78,210
111525,2025-03-21 12:39:00,Billing,2.04,237
111526,2025-03-21 12:49:00,Technical,17.23,241
111527,2025-03-21 12:18:00,Technical,29.39,230
111528,2025-03-21 12:33:00,Billing,8.69,250
111529,2025-03-21 13:03:00,Technical,30.04,214
111530,2025-03-21 13:00:00,General,3.78,223
111531,2025-03-21 13:36:00,Technical,24.92,250
111532,2025-03-21 13:10:00,Billing,3.83,220
111533,2025-03-21 13:43:00,Technical,29.34,213
111534,2025-03-21 14:53:00,Billing,11.84,236
111535,2025-03-21 14:25:00,Technical,20.82,240
111536,2025-03-21 14:45:00,Billing,8.33,234
111537,2025-03-21 14:07:00,General,9.65,227
111538,2025-03-21 14:42:00,General,13.93,219
111539,2025-03-21 15:38:00,Technical,23.73,220
111540,2025-03-21 15:39:00,Technical,27.19,244
111541,2025-03-21 15:32:00,Billing,8.05,214
111542,2025-03-21 15:30:00,Technical,24.62,207
111543,2025-03-21 15:13:00,General,12.61,230
111544,2025-03-21 15:54:00,Billing,14.39,246
111545,2025-03-21 15:30:00,Billing,6.77,245
111546,2025-03-21 15:05:00,General,2.0,244
111547,2025-03-21 16:34:00,Billing,3.4,229
111548,2025-03-21 16:04:00,Technical,24.5,201
111549,2025-03-21 16:39:00,Billing,9.48,211
111550,2025-03-21 17:02:00,General,4.49,225
111551,2025-03-21 17:17:00,Billing,6.94,245
111552,2025-03-21 17:44:00,General,8.93,202
111553,2025-03-21 17:30:00,General,2.1,204
111554,2025-03-21 17:43:00,Billing,2.0,236
111555,2025-03-21 17:52:00,Billing,8.87,204
111556,2025-03-21 18:54:00,Technical,21.82,207
111557,2025-03-21 18:40:00,Billing,3.85,207
111558,2025-03-21 18:22:00,General,3.83,212
111559,2025-03-21 18:14:00,Billing,10.02,216
111560,2025-03-21 19:31:00,General,12.37,245
111561,2025-03-21 19:24:00,Billing,10.9,230
111562,2025-03-21 19:48:00,Technical,22.08,247
111563,2025-03-21 19:24:00,General,8.4,218
111564,2025-03-21 19:10:00,General,10.26,215
111565,2025-03-21 20:55:00,Billing,8.24,247
111566,2025-03-21 20:00:00,Technical,25.31,214
111567,2025-03-21 20:32:00,General,5.06,236
111568,2025-03-21 20:50:00,Technical,20.19,209
111569,2025-03-21 20:25:00,Billing,4.4,205
111570,2025-03-21 20:53:00,Billing,2.27,222
111571,2025-03-21 20:32:00,Technical,23.39,239
111572,2025-03-21 21:08:00,Billing,11.72,211
111573,2025-03-21 21:09:00,Billing,4.83,211
111574,2025-03-21 21:31:00,Billing,5.53,231
111575,2025-03-21 21:13:00,Billing,6.89,219
111576,2025-03-21 21:28:00,Technical,23.99,225
111577,2025-03-21 23:47:00,General,4.07,235
111578,2025-03-21 23:40:00,Billing,9.45,219
111579,2025-03-21 23:14:00,General,7.04,216
111580,2025-03-21 23:23:00,Technical,25.55,246
111581,2025-03-22 00:07:00,Billing,10.46,248
111582,2025-03-22 00:34:00,General,9.45,237
111583,2025-03-22 00:20:00,General,13.06,242
111584,2025-03-22 01:04:00,Technical,25.02,210
111585,2025-03-22 02:28:00,General,11.63,227
111586,2025-03-22 02:03:00,General,5.49,244
111587,2025-03-22 03:47:00,General,10.73,221
111588,2025-03-22 03:35:00,Billing,11.77,210
111589,2025-03-22 03:53:00,Technical,22.45,206
111590,2025-03-22 03:18:00,Technical,31.11,232
111591,2025-03-22 04:27:00,Technical,24.29,213
111592,2025-03-22 04:49:00,General,6.03,238
111593,2025-03-22 04:39:00,Technical,23.16,226
111594,2025-03-22 04:11:00,General,6.96,227
111595,2025-03-22 04:10:00,Technical,21.19,217
111596,2025-03-22 04:23:00,Billing,4.99,224
111597,2025-03-22 04:18:00,General,5.79,230
111598,2025-03-22 04:06:00,General,4.43,220
111599,2025-03-22 06:08:00,Technical,24.41,212
111600,2025-03-22 06:12:00,Technical,25.96,214
111601,2025-03-22 06:08:00,Technical,24.83,244
111602,2025-03-22 06:25:00,Billing,6.33,245
111603,2025-03-22 06:17:00,Billing,7.76,236
111604,2025-03-22 07:31:00,General,12.86,242
111605,2025-03-22 08:26:00,Technical,25.3,216
111606,2025-03-22 08:55:00,General,7.12,218
111607,2025-03-22 08:01:00,General,2.0,214
111608,2025-03-22 08:23:00,Billing,6.76,225
111609,2025-03-22 08:36:00,General,8.79,206
111610,2025-03-22 08:01:00,General,5.01,226
111611,2025-03-22 08:20:00,General,11.18,201
111612,2025-03-22 09:08:00,Billing,3.18,206
111613,2025-03-22 09:21:00,Technical,25.1,217
111614,2025-03-22 09:31:00,General,8.75,232
111615,2025-03-22 09:56:00,Billing,6.79,216
111616,2025-03-22 09:13:00,General,4.42,230
111617,2025-03-22 09:48:00,Billing,6.79,227
111618,2025-03-22 09:14:00,General,8.52,228
111619,2025-03-22 09:56:00,General,13.85,209
111620,2025-03-22 10:30:00,General,5.36,246
111621,2025-03-22 10:25:00,Billing,6.3,235
111622,2025-03-22 10:10:00,Billing,12.64,211
111623,2025-03-22 11:08:00,Technical,28.61,204
111624,2025-03-22 11:21:00,Billing,5.11,205
111625,2025-03-22 11:09:00,Technical,26.67,223
111626,2025-03-22 11:48:00,Billing,8.2,205
111627,2025-03-22 11:39:00,Technical,24.59,201
111628,2025-03-22 12:06:00,General,11.52,249
111629,2025-03-22 12:34:00,Billing,7.43,231
111630,2025-03-22 13:31:00,Technical,24.39,220
111631,2025-03-22 13:06:00,General,4.94,239
111632,2025-03-22 13:09:00,Billing,11.41,232
111633,2025-03-22 13:52:00,Billing,6.61,248
111634,2025-03-22 13:08:00,Billing,10.97,244
111635,2025-03-22 13:41:00,Technical,24.74,210
111636,2025-03-22 16:18:00,Billing,11.76,218
111637,2025-03-22 17:35:00,Billing,12.6,201
111638,2025-03-22 17:50:00,Billing,11.27,220
111639,2025-03-22 17:34:00,Billing,10.24,245
111640,2025-03-22 18:37:00,General,7.1,225
111641,2025-03-22 18:16:00,Technical,30.18,205
111642,2025-03-22 19:41:00,General,6.34,248
111643,2025-03-22 19:29:00,General,9.26,218
111644,2025-03-22 19:29:00,General,8.6,244
111645,2025-03-22 20:45:00,Technical,25.15,222
111646,2025-03-22 20:47:00,Technical,25.57,228
111647,2025-03-22 20:19:00,General,5.85,236
111648,2025-03-22 21:11:00,Technical,27.27,246
111649,2025-03-22 21:43:00,General,8.93,245
111650,2025-03-22 22:10:00,Billing,8.83,232
111651,2025-03-22 23:12:00,Technical,26.79,217
111652,2025-03-23 00:43:00,Technical,22.45,218
111653,2025-03-23 01:42:00,General,6.41,245
111654,2025-03-23 01:28:00,Billing,4.72,233
111655,2025-03-23 01:58:00,General,9.93,225
111656,2025-03-23 01:46:00,Billing,5.6,212
111657,2025-03-23 01:08:00,General,3.15,250
111658,2025-03-23 02:34:00,Technical,28.72,233
111659,2025-03-23 02:20:00,General,3.04,210
111660,2025-03-23 02:12:00,General,5.03,215
111661,2025-03-23 03:14:00,Billing,10.45,207
111662,2025-03-23 03:18:00,Billing,4.86,227
111663,2025-03-23 03:09:00,General,9.0,250
111664,2025-03-23 03:11:00,General,6.58,249
111665,2025-03-23 04:18:00,Billing,7.8,248
111666,2025-03-23 04:29:00,General,5.93,233
111667,2025-03-23 04:18:00,Technical,31.12,205
111668,2025-03-23 04:36:00,Technical,25.51,210
111669,2025-03-23 04:46:00,General,7.62,215
111670,2025-03-23 05:36:00,Technical,25.22,222
111671,2025-03-23 05:03:00,General,4.98,247
111672,2025-03-23 05:49:00,Billing,7.59,202
111673,2025-03-23 06:40:00,Billing,10.6,229
111674,2025-03-23 06:49:00,Billing,8.56,225
111675,2025-03-23 06:42:00,Technical,21.38,224
111676,2025-03-23 06:02:00,General,4.51,227
111677,2025-03-23 06:34:00,Billing,5.44,223
111678,2025-03-23 07:13:00,General,3.72,217
111679,2025-03-23 07:45:00,General,9.5,231
111680,2025-03-23 07:12:00,General,9.37,218
111681,2025-03-23 07:43:00,Technical,28.08,239
111682,2025-03-23 08:49:00,Billing,3.24,208
111683,2025-03-23 08:46:00,Technical,25.51,231
111684,2025-03-23 08:37:00,Technical,23.07,201
111685,2025-03-23 09:53:00,Technical,26.41,232
111686,2025-03-23 09:31:00,General,8.04,229
111687,2025-03-23 09:14:00,Billing,8.23,235
111688,2025-03-23 09:38:00,Technical,25.15,218
111689,2025-03-23 09:37:00,Billing,8.27,211
111690,2025-03-23 09:24:00,Technical,24.11,241
111691,2025-03-23 09:06:00,General,9.82,249
111692,2025-03-23 10:29:00,Technical,21.8,220
111693,2025-03-23 10:23:00,Billing,8.63,201
111694,2025-03-23 10:16:00,Technical,24.06,228
111695,2025-03-23 10:49:00,Technical,28.97,234
111696,2025-03-23 10:47:00,Billing,9.95,208
111697,2025-03-23 10:27:00,Billing,5.24,204
111698,2025-03-23 10:16:00,Billing,11.26,206
111699,2025-03-23 10:51:00,Technical,20.67,213
111700,2025-03-23 10:28:00,Technical,26.43,224
111701,2025-03-23 10:19:00,General,6.02,242
111702,2025-03-23 10:03:00,Billing,9.16,214
111703,2025-03-23 11:34:00,Technical,26.35,227
111704,2025-03-23 11:20:00,General,7.91,241
111705,2025-03-23 11:19:00,General,10.9,238
111706,2025-03-23 11:17:00,Technical,20.93,229
111707,2025-03-23 11:50:00,Technical,29.32,212
111708,2025-03-23 11:11:00,Billing,10.68,221
111709,2025-03-23 11:16:00,Technical,27.95,228
111710,2025-03-23 11:25:00,General,10.11,240
111711,2025-03-23 11:47:00,Billing,8.83,231
111712,2025-03-23 11:12:00,Technical,24.63,218
111713,2025-03-23 11:54:00,General,5.82,250
111714,2025-03-23 12:04:00,Billing,6.47,232
111715,2025-03-23 12:31:00,General,6.39,239
111716,2025-03-23 12:36:00,Billing,10.13,235
111717,2025-03-23 14:03:00,General,5.18,248
111718,2025-03-23 14:41:00,Billing,9.48,249
111719,2025-03-23 15:17:00,Technical,24.07,224
111720,2025-03-23 15:26:00,General,5.59,236
111721,2025-03-23 15:10:00,General,10.16,234
111722,2025-03-23 15:36:00,Technical,28.91,239
111723,2025-03-23 15:16:00,General,5.06,238
111724,2025-03-23 15:17:00,Billing,2.55,242
111725,2025-03-23 16:32:00,Billing,11.12,215
111726,2025-03-23 16:44:00,Technical,24.95,205
111727,2025-03-23 16:15:00,Technical,26.83,239
111728,2025-03-23 16:30:00,General,4.53,201
111729,2025-03-23 16:05:00,Technical,26.16,236
111730,2025-03-23 16:39:00,Technical,23.65,202
111731,2025-03-23 16:32:00,Billing,13.5,214
111732,2025-03-23 17:49:00,General,3.72,228
111733,2025-03-23 18:50:00,General,5.51,202
111734,2025-03-23 18:11:00,Technical,25.28,219
111735,2025-03-23 19:12:00,General,2.76,216
111736,2025-03-23 19:46:00,General,9.13,223
111737,2025-03-23 20:24:00,General,13.71,211
111738,2025-03-23 21:20:00,Billing,7.9,232
111739,2025-03-23 21:30:00,Technical,29.4,212
111740,2025-03-23 22:08:00,Billing,12.17,234
111741,2025-03-23 22:51:00,General,6.55,209
111742,2025-03-23 23:46:00,General,8.88,216
111743,2025-03-23 23:54:00,General,14.0,207
111744,2025-03-24 00:45:00,Billing,4.67,204
111745,2025-03-24 00:24:00,Technical,23.48,237
111746,2025-03-24 00:13:00,Technical,20.11,201
111747,2025-03-24 00:42:00,General,7.52,210
111748,2025-03-24 01:39:00,Billing,3.88,243
111749,2025-03-24 01:18:00,General,12.13,206
111750,2025-03-24 01:58:00,Billing,5.98,236
111751,2025-03-24 01:56:00,General,5.11,237
111752,2025-03-24 01:04:00,General,4.43,221
111753,2025-03-24 01:20:00,Technical,24.93,224
111754,2025-03-24 01:45:00,Billing,10.28,234
111755,2025-03-24 01:36:00,Technical,27.04,241
111756,2025-03-24 02:46:00,General,7.06,218
111757,2025-03-24 02:53:00,Billing,14.99,235
111758,2025-03-24 02:11:00,Technical,27.01,227
111759,2025-03-24 03:41:00,Technical,24.32,246
111760,2025-03-24 03:21:00,General,4.06,244
111761,2025-03-24 03:03:00,General,8.36,235
111762,2025-03-24 03:18:00,General,8.55,216
111763,2025-03-24 03:45:00,Technical,29.79,245
111764,2025-03-24 04:03:00,Technical,23.47,236
111765,2025-03-24 04:13:00,General,8.53,215
111766,2025-03-24 04:11:00,Billing,10.46,243
111767,2025-03-24 04:18:00,Technical,25.83,232
111768,2025-03-24 05:16:00,Technical,24.69,245
111769,2025-03-24 05:45:00,Billing,9.09,217
111770,2025-03-24 05:15:00,Billing,7.48,209
111771,2025-03-24 05:34:00,Billing,10.14,218
111772,2025-03-24 05:23:00,Technical,20.08,239
111773,2025-03-24 05:54:00,General,6.67,216
111774,2025-03-24 05:31:00,Billing,10.6,222
111775,2025-03-24 05:47:00,Billing,9.07,217
111776,2025-03-24 06:39:00,Billing,4.89,238
111777,2025-03-24 06:20:00,General,10.44,214
111778,2025-03-24 06:12:00,Billing,12.07,225
111779,2025-03-24 06:10:00,Billing,7.98,248
111780,2025-03-24 06:34:00,Billing,9.38,219
111781,2025-03-24 06:41:00,Billing,2.0,248
111782,2025-03-24 06:09:00,General,8.29,215
111783,2025-03-24 07:24:00,Billing,10.36,238
111784,2025-03-24 07:18:00,General,13.3,202
111785,2025-03-24 07:37:00,General,9.86,233
111786,2025-03-24 07:15:00,General,13.64,233
111787,2025-03-24 07:13:00,Billing,6.32,247
111788,2025-03-24 07:41:00,Billing,10.47,234
111789,2025-03-24 07:02:00,Billing,4.29,230
111790,2025-03-24 08:43:00,Billing,6.03,238
111791,2025-03-24 08:26:00,General,7.33,227
111792,2025-03-24 08:57:00,Technical,27.82,214
111793,2025-03-24 08:28:00,Billing,3.59,207
111794,2025-03-24 08:53:00,Billing,10.41,242
111795,2025-03-24 08:21:00,Billing,8.95,233
111796,2025-03-24 08:50:00,Technical,22.79,204
111797,2025-03-24 08:12:00,Technical,21.67,242
111798,2025-03-24 08:08:00,General,5.43,213
111799,2025-03-24 08:35:00,Billing,9.53,228
111800,2025-03-24 08:54:00,Billing,10.71,211
111801,2025-03-24 08:14:00,General,8.88,213
111802,2025-03-24 08:52:00,General,9.07,237
111803,2025-03-24 09:07:00,General,9.46,246
111804,2025-03-24 09:33:00,Billing,7.07,240
111805,2025-03-24 09:52:00,Billing,8.42,222
111806,2025-03-24 09:54:00,Billing,3.91,217
111807,2025-03-24 09:32:00,Billing,10.41,226
111808,2025-03-24 09:57:00,Billing,7.65,234
111809,2025-03-24 09:16:00,Technical,21.25,241
111810,2025-03-24 09:13:00,General,13.8,202
111811,2025-03-24 09:14:00,General,10.1,231
111812,2025-03-24 09:38:00,General,8.84,247
111813,2025-03-24 09:44:00,Technical,26.27,240
111814,2025-03-24 10:18:00,Technical,24.2,219
111815,2025-03-24 10:36:00,Billing,8.23,233
111816,2025-03-24 10:55:00,Technical,23.43,247
111817,2025-03-24 10:12:00,General,10.17,250
111818,2025-03-24 10:35:00,Billing,9.56,217
111819,2025-03-24 10:01:00,Billing,9.74,215
111820,2025-03-24 10:42:00,Technical,22.99,232
111821,2025-03-24 10:49:00,Technical,24.49,233
111822,2025-03-24 10:44:00,Billing,10.81,248
111823,2025-03-24 10:17:00,Billing,3.2,227
111824,2025-03-24 10:09:00,General,3.66,208
111825,2025-03-24 10:52:00,Billing,11.0,218
111826,2025-03-24 10:16:00,Billing,6.46,212
111827,2025-03-24 10:01:00,General,7.31,227
111828,2025-03-24 10:39:00,General,9.08,205
111829,2025-03-24 10:56:00,Billing,8.13,208
111830,2025-03-24 10:09:00,Billing,6.1,247
111831,2025-03-24 10:16:00,Billing,12.14,246
111832,2025-03-24 11:32:00,Billing,9.38,217
111833,2025-03-24 11:48:00,Billing,9.68,244
111834,2025-03-24 11:00:00,General,9.37,211
111835,2025-03-24 11:24:00,Billing,4.48,201
111836,2025-03-24 11:13:00,Billing,7.03,223
111837,2025-03-24 11:13:00,Billing,7.52,209
111838,2025-03-24 11:35:00,General,7.18,226
111839,2025-03-24 11:33:00,Technical,23.8,221
111840,2025-03-24 11:21:00,Technical,29.95,213
111841,2025-03-24 11:50:00,General,5.89,227
111842,2025-03-24 11:13:00,Technical,27.68,208
111843,2025-03-24 11:11:00,Billing,7.53,247
111844,2025-03-24 11:22:00,General,5.79,226
111845,2025-03-24 11:01:00,General,10.12,222
111846,2025-03-24 11:16:00,General,5.13,248
111847,2025-03-24 12:56:00,General,4.87,217
111848,2025-03-24 12:11:00,Billing,8.14,247
111849,2025-03-24 12:40:00,Technical,23.43,201
111850,2025-03-24 12:10:00,Technical,29.72,237
111851,2025-03-24 12:44:00,Technical,28.2,245
111852,2025-03-24 12:14:00,General,14.25,218
111853,2025-03-24 12:34:00,General,2.77,229
111854,2025-03-24 12:55:00,General,5.43,212
111855,2025-03-24 12:33:00,General,10.14,208
111856,2025-03-24 12:08:00,Billing,6.78,224
111857,2025-03-24 13:23:00,Billing,8.9,235
111858,2025-03-24 13:09:00,Technical,27.83,216
111859,2025-03-24 13:30:00,Billing,6.9,208
111860,2025-03-24 13:51:00,General,9.58,212
111861,2025-03-24 13:18:00,Billing,9.83,226
111862,2025-03-24 13:17:00,General,8.28,229
111863,2025-03-24 14:13:00,Technical,22.49,237
111864,2025-03-24 14:12:00,General,7.9,219
111865,2025-03-24 14:35:00,Billing,8.11,244
111866,2025-03-24 14:18:00,General,5.85,237
111867,2025-03-24 14:43:00,Technical,23.42,230
111868,2025-03-24 15:12:00,Billing,5.07,246
111869,2025-03-24 15:30:00,Billing,14.05,201
111870,2025-03-24 16:52:00,General,9.27,237
111871,2025-03-24 16:02:00,General,3.87,241
111872,2025-03-24 16:23:00,General,8.64,209
111873,2025-03-24 16:17:00,Technical,30.55,210
111874,2025-03-24 16:00:00,Billing,5.74,207
111875,2025-03-24 17:17:00,Billing,2.28,204
111876,2025-03-24 17:03:00,Billing,8.61,206
111877,2025-03-24 17:41:00,General,5.92,237
111878,2025-03-24 17:53:00,Technical,26.78,218
111879,2025-03-24 17:43:00,Technical,26.26,208
111880,2025-03-24 17:52:00,General,7.91,228
111881,2025-03-24 17:34:00,Technical,27.33,228
111882,2025-03-24 17:56:00,Billing,7.1,217
111883,2025-03-24 17:41:00,General,5.97,239
111884,2025-03-24 18:38:00,Technical,23.98,250
111885,2025-03-24 18:48:00,Billing,10.6,234
111886,2025-03-24 18:45:00,General,6.25,223
111887,2025-03-24 18:26:00,Billing,7.47,201
111888,2025-03-24 18:28:00,General,3.0,206
111889,2025-03-24 18:23:00,General,5.59,236
111890,2025-03-24 18:24:00,General,10.58,243
111891,2025-03-24 19:25:00,Technical,22.92,213
111892,2025-03-24 19:09:00,Billing,3.85,237
111893,2025-03-24 19:31:00,Technical,24.69,204
111894,2025-03-24 19:50:00,Technical,23.38,250
111895,2025-03-24 19:52:00,Billing,6.65,204
111896,2025-03-24 20:23:00,Billing,6.54,219
111897,2025-03-24 20:04:00,Technical,27.2,223
111898,2025-03-24 20:08:00,Technical,24.91,218
111899,2025-03-24 21:21:00,Billing,8.0,243
111900,2025-03-24 21:45:00,General,4.27,217
111901,2025-03-24 21:01:00,Technical,25.85,234
111902,2025-03-24 21:27:00,General,11.06,223
111903,2025-03-24 21:04:00,Billing,11.35,235
111904,2025-03-24 21:13:00,General,9.34,203
111905,2025-03-24 21:40:00,Billing,8.77,224
111906,2025-03-24 22:18:00,General,7.29,231
111907,2025-03-24 22:14:00,Technical,26.4,211
111908,2025-03-24 22:21:00,General,4.69,236
111909,2025-03-24 22:58:00,General,9.0,250
111910,2025-03-24 22:44:00,Billing,11.88,205
111911,2025-03-24 22:21:00,General,10.57,205
111912,2025-03-24 22:36:00,Technical,23.35,227
111913,2025-03-24 22:28:00,Technical,24.96,208
111914,2025-03-24 23:22:00,Billing,3.66,234
111915,2025-03-24 23:32:00,Technical,25.86,202
111916,2025-03-24 23:41:00,Technical,21.23,242
111917,2025-03-24 23:38:00,Billing,5.94,242
111918,2025-03-24 23:32:00,General,7.35,220
111919,2025-03-25 00:29:00,General,4.95,215
111920,2025-03-25 00:42:00,Billing,8.62,221
111921,2025-03-25 00:00:00,General,6.9,241
111922,2025-03-25 00:37:00,Technical,30.14,241
111923,2025-03-25 00:56:00,Technical,27.16,201
111924,2025-03-25 00:56:00,General,7.6,222
111925,2025-03-25 00:47:00,General,6.72,202
111926,2025-03-25 00:02:00,Technical,30.94,211
111927,2025-03-25 00:27:00,General,7.59,205
111928,2025-03-25 01:53:00,Technical,22.07,226
111929,2025-03-25 01:08:00,Technical,22.5,238
111930,2025-03-25 01:29:00,Technical,23.42,247
111931,2025-03-25 01:30:00,Billing,7.74,211
111932,2025-03-25 01:46:00,General,9.84,216
111933,2025-03-25 01:44:00,Billing,11.01,201
111934,2025-03-25 02:58:00,Billing,6.89,207
111935,2025-03-25 02:30:00,Billing,5.79,232
111936,2025-03-25 02:56:00,Billing,5.28,206
111937,2025-03-25 03:39:00,Technical,17.29,236
111938,2025-03-25 03:50:00,General,6.59,235
111939,2025-03-25 03:22:00,Technical,26.03,207
111940,2025-03-25 03:49:00,General,7.52,247
111941,2025-03-25 04:40:00,General,9.91,215
111942,2025-03-25 04:17:00,Billing,4.83,223
111943,2025-03-25 04:45:00,General,6.79,226
111944,2025-03-25 04:22:00,Technical,27.66,232
111945,2025-03-25 04:38:00,Technical,23.84,218
111946,2025-03-25 04:49:00,Billing,2.26,228
111947,2025-03-25 05:32:00,Technical,25.99,228
111948,2025-03-25 05:47:00,Billing,2.0,220
111949,2025-03-25 05:27:00,General,6.24,228
111950,2025-03-25 05:44:00,Billing,2.3,237
111951,2025-03-25 05:04:00,Billing,2.51,248
111952,2025-03-25 06:50:00,Technical,28.65,201
111953,2025-03-25 06:16:00,General,6.61,219
111954,2025-03-25 06:53:00,Billing,4.49,241
111955,2025-03-25 06:16:00,Billing,6.68,215
111956,2025-03-25 06:31:00,Technical,29.46,217
111957,2025-03-25 06:16:00,General,7.96,246
111958,2025-03-25 07:36:00,General,6.59,224
111959,2025-03-25 07:24:00,General,2.0,225
111960,2025-03-25 07:14:00,General,11.0,232
111961,2025-03-25 07:03:00,General,7.95,229
111962,2025-03-25 07:25:00,General,13.47,207
111963,2025-03-25 07:16:00,Billing,8.79,202
111964,2025-03-25 07:27:00,General,3.37,208
111965,2025-03-25 07:45:00,General,12.47,208
111966,2025-03-25 07:12:00,Billing,2.0,222
111967,2025-03-25 08:00:00,Billing,6.99,229
111968,2025-03-25 08:27:00,Billing,6.8,218
111969,2025-03-25 08:51:00,Billing,11.39,243
111970,2025-03-25 08:01:00,Technical,26.6,206
111971,2025-03-25 08:56:00,Technical,21.28,211
111972,2025-03-25 08:21:00,Technical,22.43,203
111973,2025-03-25 08:20:00,Billing,10.79,243
111974,2025-03-25 08:55:00,Technical,29.8,239
111975,2025-03-25 08:34:00,Technical,25.7,243
111976,2025-03-25 08:42:00,Billing,3.07,241
111977,2025-03-25 08:40:00,General,6.43,213
111978,2025-03-25 08:46:00,Billing,6.91,228
111979,2025-03-25 08:43:00,Billing,13.09,230
111980,2025-03-25 08:54:00,General,7.78,235
111981,2025-03-25 08:12:00,Billing,7.92,227
111982,2025-03-25 08:51:00,Billing,6.23,239
111983,2025-03-25 08:39:00,Billing,9.48,218
111984,2025-03-25 09:18:00,Billing,5.44,205
111985,2025-03-25 09:24:00,Billing,7.19,210
111986,2025-03-25 09:11:00,General,8.17,231
111987,2025-03-25 09:58:00,Billing,9.78,247
111988,2025-03-25 09:26:00,Technical,30.07,217
111989,2025-03-25 09:04:00,Billing,8.37,204
111990,2025-03-25 09:52:00,Technical,22.72,208
111991,2025-03-25 09:19:00,Technical,21.67,224
111992,2025-03-25 09:13:00,Technical,19.37,214
111993,2025-03-25 09:30:00,General,6.67,220
111994,2025-03-25 09:11:00,General,11.78,240
111995,2025-03-25 09:15:00,Billing,9.88,206
111996,2025-03-25 09:20:00,Billing,8.86,207
111997,2025-03-25 09:21:00,Technical,18.57,214
111998,2025-03-25 09:03:00,Technical,17.16,220
111999,2025-03-25 09:47:00,Technical,25.7,224
112000,2025-03-25 10:16:00,Technical,23.0,202
112001,2025-03-25 10:49:00,General,11.2,236
112002,2025-03-25 10:33:00,General,4.93,224
112003,2025-03-25 10:20:00,General,8.01,224
112004,2025-03-25 10:41:00,Billing,11.48,218
112005,2025-03-25 10:52:00,General,4.68,201
112006,2025-03-25 10:39:00,Billing,6.36,227
112007,2025-03-25 10:37:00,Technical,26.72,236
112008,2025-03-25 10:49:00,Technical,25.17,226
112009,2025-03-25 10:03:00,Technical,24.95,248
112010,2025-03-25 10:56:00,Billing,8.05,228
112011,2025-03-25 10:01:00,Billing,5.89,215
112012,2025-03-25 11:11:00,General,2.07,210
112013,2025-03-25 11:09:00,Technical,27.25,229
112014,2025-03-25 11:12:00,Technical,25.07,234
112015,2025-03-25 11:17:00,Billing,9.01,248
112016,2025-03-25 11:54:00,General,8.01,203
112017,2025-03-25 11:17:00,Technical,29.24,231
112018,2025-03-25 11:30:00,Technical,22.43,208
112019,2025-03-25 11:45:00,General,4.32,220
112020,2025-03-25 11:27:00,Technical,23.66,218
112021,2025-03-25 11:08:00,Billing,5.39,234
112022,2025-03-25 11:49:00,Billing,8.08,208
112023,2025-03-25 11:32:00,Billing,4.85,222
112024,2025-03-25 11:32:00,Billing,3.3,248
112025,2025-03-25 11:16:00,Technical,22.99,209
112026,2025-03-25 11:44:00,Technical,21.28,227
112027,2025-03-25 12:33:00,Technical,25.68,228
112028,2025-03-25 12:45:00,Billing,5.27,220
112029,2025-03-25 13:20:00,General,3.95,242
112030,2025-03-25 13:02:00,Billing,3.29,201
112031,2025-03-25 13:04:00,Technical,25.08,231
112032,2025-03-25 13:23:00,Billing,3.26,234
112033,2025-03-25 13:24:00,Billing,5.83,236
112034,2025-03-25 13:37:00,General,6.21,246
112035,2025-03-25 13:40:00,Billing,12.34,245
112036,2025-03-25 13:09:00,Technical,28.68,232
112037,2025-03-25 13:55:00,Billing,10.25,244
112038,2025-03-25 14:32:00,Technical,28.47,232
112039,2025-03-25 14:21:00,Technical,25.7,225
112040,2025-03-25 14:42:00,Billing,8.51,222
112041,2025-03-25 14:20:00,Billing,15.43,225
112042,2025-03-25 14:31:00,General,9.64,208
112043,2025-03-25 15:47:00,Billing,5.23,237
112044,2025-03-25 15:31:00,Billing,6.23,235
112045,2025-03-25 15:55:00,General,3.84,220
112046,2025-03-25 15:16:00,Technical,24.62,245
112047,2025-03-25 15:04:00,Billing,12.27,220
112048,2025-03-25 16:33:00,Billing,9.99,225
112049,2025-03-25 16:46:00,Billing,12.13,230
112050,2025-03-25 16:58:00,Technical,24.32,230
112051,2025-03-25 16:16:00,General,7.0,249
112052,2025-03-25 16:38:00,Technical,25.81,204
112053,2025-03-25 17:57:00,Technical,23.75,208
112054,2025-03-25 17:15:00,Technical,28.44,220
112055,2025-03-25 17:54:00,Billing,8.55,224
112056,2025-03-25 17:28:00,Technical,24.27,210
112057,2025-03-25 18:54:00,General,3.06,229
112058,2025-03-25 18:46:00,Technical,23.08,222
112059,2025-03-25 18:41:00,General,5.18,217
112060,2025-03-25 18:25:00,General,7.76,240
112061,2025-03-25 19:41:00,Technical,25.04,216
112062,2025-03-25 19:34:00,Billing,3.31,217
112063,2025-03-25 19:03:00,Billing,13.25,233
112064,2025-03-25 19:06:00,General,8.68,208
112065,2025-03-25 19:23:00,General,9.4,201
112066,2025-03-25 19:01:00,Technical,25.78,242
112067,2025-03-25 20:03:00,Billing,10.16,250
112068,2025-03-25 20:58:00,Billing,11.02,246
112069,2025-03-25 20:07:00,General,8.46,225
112070,2025-03-25 20:48:00,Technical,25.46,212
112071,2025-03-25 20:55:00,Billing,4.86,249
112072,2025-03-25 20:37:00,General,5.16,236
112073,2025-03-25 20:19:00,General,10.92,242
112074,2025-03-25 20:39:00,Billing,6.93,224
112075,2025-03-25 21:40:00,General,12.45,225
112076,2025-03-25 21:02:00,Billing,5.37,218
112077,2025-03-25 21:15:00,Billing,11.62,215
112078,2025-03-25 21:09:00,Technical,25.83,216
112079,2025-03-25 21:49:00,Billing,8.53,236
112080,2025-03-25 22:13:00,Technical,22.13,232
112081,2025-03-25 22:27:00,Billing,4.66,218
112082,2025-03-25 22:48:00,Billing,9.72,231
112083,2025-03-25 23:11:00,General,3.91,207
112084,2025-03-25 23:08:00,Billing,5.31,233
112085,2025-03-25 23:30:00,Billing,5.54,215
112086,2025-03-25 23:44:00,General,8.85,221
112087,2025-03-25 23:53:00,Technical,21.64,233
112088,2025-03-25 23:07:00,General,2.38,236
112089,2025-03-25 23:28:00,General,11.37,231
112090,2025-03-26 00:38:00,Billing,8.6,202
112091,2025-03-26 00:17:00,Billing,3.94,227
112092,2025-03-26 00:06:00,Technical,21.96,217
112093,2025-03-26 00:39:00,General,10.63,217
112094,2025-03-26 00:53:00,Billing,4.53,250
112095,2025-03-26 01:35:00,Technical,23.3,203
112096,2025-03-26 01:07:00,Billing,13.88,237
112097,2025-03-26 01:39:00,Technical,22.28,203
112098,2025-03-26 01:23:00,Billing,10.44,246
112099,2025-03-26 01:51:00,Billing,6.72,234
112100,2025-03-26 01:03:00,Technical,27.06,202
112101,2025-03-26 01:40:00,Billing,10.61,204
112102,2025-03-26 01:02:00,General,8.86,248
112103,2025-03-26 02:08:00,Billing,10.35,232
112104,2025-03-26 02:22:00,General,9.76,213
112105,2025-03-26 03:38:00,Billing,13.25,220
112106,2025-03-26 03:50:00,Billing,5.27,205
112107,2025-03-26 03:06:00,Technical,24.06,246
112108,2025-03-26 03:13:00,Technical,24.42,241
112109,2025-03-26 03:52:00,Billing,7.66,221
112110,2025-03-26 03:44:00,Billing,4.97,220
112111,2025-03-26 03:45:00,Billing,4.1,203
112112,2025-03-26 04:14:00,Technical,23.97,206
112113,2025-03-26 04:48:00,General,4.23,221
112114,2025-03-26 04:44:00,General,9.08,224
112115,2025-03-26 04:29:00,Billing,8.06,237
112116,2025-03-26 05:34:00,Technical,22.65,224
112117,2025-03-26 05:52:00,Technical,24.11,222
112118,2025-03-26 05:31:00,Billing,10.6,205
112119,2025-03-26 06:19:00,Billing,10.44,204
112120,2025-03-26 06:43:00,Billing,6.45,207
112121,2025-03-26 06:00:00,General,5.18,224
112122,2025-03-26 06:36:00,Technical,28.1,233
112123,2025-03-26 07:38:00,Billing,4.93,208
112124,2025-03-26 07:54:00,Billing,4.89,234
112125,2025-03-26 07:58:00,Billing,10.92,250
112126,2025-03-26 07:07:00,Billing,5.51,229
112127,2025-03-26 08:41:00,Billing,4.07,245
112128,2025-03-26 08:24:00,General,5.38,237
112129,2025-03-26 08:40:00,Technical,22.1,239
112130,2025-03-26 08:02:00,Billing,11.53,250
112131,2025-03-26 08:42:00,Technical,24.57,229
112132,2025-03-26 08:53:00,Billing,7.17,240
112133,2025-03-26 08:28:00,General,3.02,229
112134,2025-03-26 08:51:00,Technical,27.51,240
112135,2025-03-26 09:30:00,General,6.27,214
112136,2025-03-26 09:56:00,Technical,27.4,221
112137,2025-03-26 09:24:00,General,10.18,237
112138,2025-03-26 09:40:00,General,8.17,244
112139,2025-03-26 09:16:00,Billing,10.46,242
112140,2025-03-26 09:47:00,Billing,6.32,248
112141,2025-03-26 09:51:00,General,2.0,217
112142,2025-03-26 09:23:00,General,8.91,220
112143,2025-03-26 09:41:00,General,14.1,226
112144,2025-03-26 09:30:00,Billing,9.97,209
112145,2025-03-26 09:43:00,General,8.66,237
112146,2025-03-26 09:14:00,General,11.81,246
112147,2025-03-26 09:01:00,Technical,30.76,201
112148,2025-03-26 09:56:00,Technical,27.53,202
112149,2025-03-26 09:09:00,General,8.75,223
112150,2025-03-26 09:21:00,General,7.05,220
112151,2025-03-26 09:08:00,Technical,22.91,215
112152,2025-03-26 09:46:00,Billing,7.75,215
112153,2025-03-26 09:42:00,General,5.45,233
112154,2025-03-26 10:45:00,Technical,25.4,230
112155,2025-03-26 10:50:00,Billing,7.05,223
112156,2025-03-26 10:45:00,Billing,8.69,240
112157,2025-03-26 10:39:00,General,13.5,217
112158,2025-03-26 10:20:00,Billing,9.54,202
112159,2025-03-26 10:10:00,Billing,11.95,215
112160,2025-03-26 10:40:00,General,11.91,249
112161,2025-03-26 10:05:00,Technical,19.31,216
112162,2025-03-26 10:46:00,Billing,7.9,238
112163,2025-03-26 10:40:00,General,5.74,209
112164,2025-03-26 10:54:00,General,2.49,205
112165,2025-03-26 10:16:00,Technical,21.94,226
112166,2025-03-26 11:03:00,General,6.55,201
112167,2025-03-26 11:37:00,Technical,25.22,229
112168,2025-03-26 11:08:00,Billing,6.05,217
112169,2025-03-26 11:37:00,Technical,26.84,242
112170,2025-03-26 11:32:00,General,5.76,220
112171,2025-03-26 11:19:00,Billing,5.9,203
112172,2025-03-26 11:55:00,Technical,27.35,226
112173,2025-03-26 12:40:00,Technical,22.16,229
112174,2025-03-26 12:21:00,General,6.63,247
112175,2025-03-26 12:46:00,Billing,9.65,204
112176,2025-03-26 12:17:00,Technical,27.82,234
112177,2025-03-26 12:49:00,Billing,9.43,240
112178,2025-03-26 12:24:00,General,2.0,217
112179,2025-03-26 12:57:00,Billing,4.0,217
112180,2025-03-26 12:42:00,Billing,9.43,211
112181,2025-03-26 12:33:00,Technical,25.7,235
112182,2025-03-26 13:35:00,Technical,27.85,242
112183,2025-03-26 13:06:00,Billing,5.77,230
112184,2025-03-26 13:33:00,General,6.02,231
112185,2025-03-26 13:26:00,Technical,25.32,247
112186,2025-03-26 13:33:00,General,14.05,226
112187,2025-03-26 13:38:00,Technical,24.25,209
112188,2025-03-26 14:19:00,Billing,6.03,208
112189,2025-03-26 14:35:00,Technical,22.73,214
112190,2025-03-26 14:46:00,Billing,7.96,218
112191,2025-03-26 14:19:00,General,6.84,242
112192,2025-03-26 15:11:00,General,7.85,226
112193,2025-03-26 15:57:00,Technical,28.88,234
112194,2025-03-26 15:58:00,General,9.34,219
112195,2025-03-26 15:34:00,Billing,8.09,203
112196,2025-03-26 15:06:00,Billing,3.24,236
112197,2025-03-26 16:11:00,Technical,24.47,244
112198,2025-03-26 16:11:00,General,6.02,221
112199,2025-03-26 16:41:00,Technical,23.1,227
112200,2025-03-26 17:23:00,Billing,14.45,231
112201,2025-03-26 17:08:00,Billing,6.06,202
112202,2025-03-26 17:16:00,Billing,6.21,209
112203,2025-03-26 17:12:00,Billing,6.79,207
112204,2025-03-26 17:45:00,Technical,18.1,214
112205,2025-03-26 17:35:00,Technical,24.54,249
112206,2025-03-26 17:29:00,Technical,27.41,208
112207,2025-03-26 17:57:00,Technical,29.93,250
112208,2025-03-26 18:40:00,Technical,23.91,216
112209,2025-03-26 18:39:00,Billing,7.0,205
112210,2025-03-26 18:08:00,Billing,2.94,213
112211,2025-03-26 18:18:00,Billing,3.1,223
112212,2025-03-26 18:18:00,Technical,26.91,233
112213,2025-03-26 18:11:00,General,5.99,246
112214,2025-03-26 18:57:00,Billing,7.78,214
112215,2025-03-26 18:26:00,Technical,25.29,225
112216,2025-03-26 18:27:00,Technical,26.05,249
112217,2025-03-26 18:37:00,Billing,3.77,202
112218,2025-03-26 19:24:00,Billing,3.87,249
112219,2025-03-26 19:55:00,Technical,22.1,207
112220,2025-03-26 19:47:00,Billing,8.68,217
112221,2025-03-26 19:40:00,General,5.31,217
112222,2025-03-26 20:06:00,Technical,24.04,217
112223,2025-03-26 20:40:00,Technical,28.63,224
112224,2025-03-26 20:44:00,Technical,25.61,227
112225,2025-03-26 20:53:00,Technical,23.78,202
112226,2025-03-26 20:05:00,Technical,24.53,216
112227,2025-03-26 20:09:00,Technical,23.53,209
112228,2025-03-26 20:53:00,Technical,27.1,234
112229,2025-03-26 20:56:00,General,9.36,220
112230,2025-03-26 21:34:00,Technical,31.36,222
112231,2025-03-26 22:44:00,Technical,27.95,231
112232,2025-03-26 22:13:00,Billing,8.4,248
112233,2025-03-26 23:01:00,Technical,27.84,214
112234,2025-03-26 23:33:00,General,8.71,237
112235,2025-03-26 23:32:00,Billing,5.06,219
112236,2025-03-26 23:27:00,Billing,4.18,221
112237,2025-03-27 00:27:00,Technical,24.29,250
112238,2025-03-27 00:33:00,Technical,27.41,217
112239,2025-03-27 00:37:00,General,10.35,226
112240,2025-03-27 01:01:00,Billing,3.11,243
112241,2025-03-27 01:13:00,General,8.64,213
112242,2025-03-27 01:28:00,Billing,10.52,217
112243,2025-03-27 01:53:00,Billing,6.97,240
112244,2025-03-27 01:01:00,Technical,23.99,245
112245,2025-03-27 02:39:00,Billing,10.48,204
112246,2025-03-27 02:13:00,Technical,23.9,235
112247,2025-03-27 03:56:00,Technical,30.46,210
112248,2025-03-27 03:48:00,General,12.98,216
112249,2025-03-27 03:36:00,Billing,7.3,225
112250,2025-03-27 04:44:00,General,12.34,230
112251,2025-03-27 04:41:00,Technical,27.22,228
112252,2025-03-27 04:46:00,Billing,9.42,236
112253,2025-03-27 04:11:00,General,10.48,245
112254,2025-03-27 04:54:00,General,9.7,205
112255,2025-03-27 04:03:00,Technical,26.36,241
112256,2025-03-27 04:27:00,Technical,22.1,207
112257,2025-03-27 05:31:00,Technical,25.72,231
112258,2025-03-27 05:48:00,General,5.42,218
112259,2025-03-27 05:02:00,General,6.98,241
112260,2025-03-27 05:06:00,General,10.62,219
112261,2025-03-27 06:44:00,General,14.94,228
112262,2025-03-27 06:07:00,Billing,9.47,209
112263,2025-03-27 07:21:00,Technical,22.65,234
112264,2025-03-27 07:43:00,Billing,7.39,215
112265,2025-03-27 07:57:00,Technical,27.25,244
112266,2025-03-27 07:24:00,Billing,8.95,247
112267,2025-03-27 07:32:00,General,3.02,245
112268,2025-03-27 07:06:00,General,2.0,240
112269,2025-03-27 08:20:00,Billing,9.42,229
112270,2025-03-27 08:14:00,General,10.23,246
112271,2025-03-27 08:54:00,General,8.0,249
112272,2025-03-27 08:44:00,Technical,25.93,221
112273,2025-03-27 08:16:00,Billing,8.25,231
112274,2025-03-27 08:35:00,General,3.51,234
112275,2025-03-27 08:37:00,Technical,18.23,222
112276,2025-03-27 08:43:00,General,6.65,236
112277,2025-03-27 09:07:00,Billing,4.49,243
112278,2025-03-27 09:20:00,General,4.61,208
112279,2025-03-27 09:29:00,Technical,21.27,222
112280,2025-03-27 09:51:00,Billing,4.34,227
112281,2025-03-27 09:38:00,Billing,12.29,207
112282,2025-03-27 09:11:00,Billing,4.02,212
112283,2025-03-27 09:07:00,General,7.47,249
112284,2025-03-27 09:27:00,Technical,22.29,204
112285,2025-03-27 09:17:00,General,7.97,204
112286,2025-03-27 09:03:00,Billing,9.86,236
112287,2025-03-27 09:47:00,Billing,11.43,214
112288,2025-03-27 09:58:00,Technical,26.77,243
112289,2025-03-27 09:33:00,Billing,2.0,206
112290,2025-03-27 09:47:00,Billing,9.73,249
112291,2025-03-27 09:12:00,Billing,9.59,219
112292,2025-03-27 10:53:00,Technical,25.53,239
112293,2025-03-27 10:37:00,Billing,9.62,238
112294,2025-03-27 10:00:00,Billing,11.96,236
112295,2025-03-27 10:54:00,Billing,6.55,202
112296,2025-03-27 10:35:00,Technical,30.59,242
112297,2025-03-27 10:12:00,Technical,25.63,219
112298,2025-03-27 10:20:00,General,12.02,212
112299,2025-03-27 10:27:00,Technical,23.79,229
112300,2025-03-27 10:23:00,Technical,26.04,242
112301,2025-03-27 10:48:00,General,3.01,218
112302,2025-03-27 10:37:00,General,13.35,222
112303,2025-03-27 10:30:00,Billing,12.11,208
112304,2025-03-27 10:16:00,Technical,23.12,201
112305,2025-03-27 10:14:00,Billing,5.31,213
112306,2025-03-27 10:31:00,Billing,7.92,207
112307,2025-03-27 10:31:00,Technical,25.62,209
112308,2025-03-27 10:15:00,Technical,29.44,223
112309,2025-03-27 10:11:00,Technical,26.42,221
112310,2025-03-27 10:43:00,Billing,7.05,216
112311,2025-03-27 10:19:00,Billing,14.45,245
112312,2025-03-27 10:08:00,Technical,26.69,211
112313,2025-03-27 11:25:00,Billing,11.65,204
112314,2025-03-27 11:37:00,Billing,11.09,243
112315,2025-03-27 11:56:00,Billing,6.5,233
112316,2025-03-27 11:40:00,Technical,25.86,248
112317,2025-03-27 11:05:00,General,6.27,209
112318,2025-03-27 11:51:00,Technical,27.11,235
112319,2025-03-27 11:24:00,General,5.44,236
112320,2025-03-27 11:20:00,Technical,25.42,236
112321,2025-03-27 11:00:00,Billing,10.04,229
112322,2025-03-27 11:57:00,Billing,12.11,245
112323,2025-03-27 11:24:00,General,7.47,219
112324,2025-03-27 11:57:00,Billing,6.68,228
112325,2025-03-27 11:56:00,Technical,25.37,231
112326,2025-03-27 12:01:00,Billing,15.12,243
112327,2025-03-27 12:11:00,Technical,30.11,240
112328,2025-03-27 12:56:00,General,10.94,205
112329,2025-03-27 12:17:00,Technical,25.54,206
112330,2025-03-27 12:40:00,General,7.76,249
112331,2025-03-27 12:54:00,Billing,5.32,227
112332,2025-03-27 12:49:00,Billing,7.1,204
112333,2025-03-27 13:00:00,Billing,7.33,235
112334,2025-03-27 13:47:00,General,16.02,212
112335,2025-03-27 13:26:00,Technical,28.21,224
112336,2025-03-27 13:47:00,Technical,27.38,232
112337,2025-03-27 13:31:00,General,7.68,240
112338,2025-03-27 14:11:00,Technical,24.13,239
112339,2025-03-27 14:55:00,General,11.12,225
112340,2025-03-27 15:16:00,General,11.46,236
112341,2025-03-27 16:37:00,General,9.91,241
112342,2025-03-27 16:13:00,Billing,9.7,234
112343,2025-03-27 16:21:00,Technical,24.33,213
112344,2025-03-27 16:06:00,Technical,20.65,244
112345,2025-03-27 16:36:00,General,10.91,204
112346,2025-03-27 16:12:00,Technical,24.48,212
112347,2025-03-27 16:23:00,General,10.51,234
112348,2025-03-27 16:15:00,Billing,10.79,213
112349,2025-03-27 17:32:00,Technical,27.1,220
112350,2025-03-27 17:22:00,Billing,7.37,247
112351,2025-03-27 17:41:00,Billing,11.53,212
112352,2025-03-27 17:55:00,Technical,26.07,237
112353,2025-03-27 18:35:00,Billing,7.82,218
112354,2025-03-27 18:05:00,Billing,9.64,233
112355,2025-03-27 18:23:00,Billing,9.9,238
112356,2025-03-27 18:18:00,Technical,22.44,208
112357,2025-03-27 18:43:00,Billing,3.83,202
112358,2025-03-27 19:19:00,Billing,7.04,231
112359,2025-03-27 20:53:00,Billing,6.83,206
112360,2025-03-27 20:44:00,Technical,23.31,221
112361,2025-03-27 20:13:00,Billing,11.62,203
112362,2025-03-27 20:53:00,Billing,4.38,221
112363,2025-03-27 20:53:00,Technical,23.34,220
112364,2025-03-27 20:10:00,Billing,8.5,249
112365,2025-03-27 21:19:00,General,7.32,247
112366,2025-03-27 21:33:00,Billing,7.58,222
112367,2025-03-27 21:32:00,Technical,24.79,230
112368,2025-03-27 22:14:00,Technical,25.0,245
112369,2025-03-27 22:02:00,General,11.75,245
112370,2025-03-27 22:31:00,Technical,23.0,234
112371,2025-03-27 22:04:00,Technical,25.69,224
112372,2025-03-27 22:55:00,Technical,26.03,239
112373,2025-03-27 22:11:00,Technical,22.98,223
112374,2025-03-27 22:32:00,General,4.53,237
112375,2025-03-27 23:13:00,General,9.53,239
112376,2025-03-27 23:28:00,Technical,28.38,236
112377,2025-03-27 23:55:00,Billing,7.47,245
112378,2025-03-28 00:05:00,Billing,5.29,247
112379,2025-03-28 00:07:00,General,8.79,211
112380,2025-03-28 00:41:00,Technical,25.29,209
112381,2025-03-28 00:03:00,Billing,8.39,226
112382,2025-03-28 00:28:00,Technical,27.6,239
112383,2025-03-28 00:33:00,General,7.83,208
112384,2025-03-28 00:31:00,Technical,29.17,241
112385,2025-03-28 01:46:00,Technical,25.55,237
112386,2025-03-28 01:37:00,General,12.55,232
112387,2025-03-28 01:24:00,Billing,6.91,233
112388,2025-03-28 01:58:00,Billing,9.58,215
112389,2025-03-28 01:09:00,General,9.56,208
112390,2025-03-28 01:18:00,Billing,7.73,232
112391,2025-03-28 01:34:00,Billing,11.77,231
112392,2025-03-28 02:07:00,Technical,30.8,217
112393,2025-03-28 02:12:00,Billing,8.28,245
112394,2025-03-28 02:41:00,Billing,8.83,211
112395,2025-03-28 03:07:00,Technical,26.87,206
112396,2025-03-28 03:24:00,General,7.21,202
112397,2025-03-28 03:24:00,General,12.32,220
112398,2025-03-28 03:00:00,Billing,12.55,214
112399,2025-03-28 03:18:00,Billing,11.12,238
112400,2025-03-28 03:56:00,Technical,28.9,213
112401,2025-03-28 03:44:00,Technical,26.75,219
112402,2025-03-28 04:08:00,General,3.66,205
112403,2025-03-28 04:14:00,Billing,9.59,242
112404,2025-03-28 05:22:00,Billing,8.62,247
112405,2025-03-28 05:29:00,Technical,24.34,212
112406,2025-03-28 05:30:00,Billing,7.7,233
112407,2025-03-28 05:29:00,Billing,11.98,238
112408,2025-03-28 05:32:00,General,2.0,230
112409,2025-03-28 06:29:00,Technical,21.63,234
112410,2025-03-28 06:30:00,Billing,6.55,213
112411,2025-03-28 06:50:00,Technical,29.91,201
112412,2025-03-28 06:35:00,Technical,27.55,229
112413,2025-03-28 06:55:00,Technical,27.53,246
112414,2025-03-28 06:07:00,General,3.33,204
112415,2025-03-28 07:57:00,General,4.92,203
112416,2025-03-28 07:45:00,Technical,26.67,206
112417,2025-03-28 08:15:00,General,10.08,249
112418,2025-03-28 08:20:00,General,12.54,245
112419,2025-03-28 08:17:00,General,7.85,208
112420,2025-03-28 08:08:00,Technical,28.44,242
112421,2025-03-28 08:58:00,Technical,24.68,218
112422,2025-03-28 08:40:00,General,7.03,223
112423,2025-03-28 08:42:00,Billing,3.83,220
112424,2025-03-28 08:42:00,Billing,9.4,241
112425,2025-03-28 08:36:00,Billing,3.77,203
112426,2025-03-28 08:34:00,Technical,22.42,236
112427,2025-03-28 08:25:00,General,12.46,208
112428,2025-03-28 08:31:00,Technical,29.42,230
112429,2025-03-28 08:44:00,General,8.27,243
112430,2025-03-28 08:03:00,Technical,28.35,212
112431,2025-03-28 08:16:00,Technical,24.18,222
112432,2025-03-28 08:57:00,Billing,6.4,242
112433,2025-03-28 09:21:00,Technical,24.84,247
112434,2025-03-28 09:53:00,Billing,7.97,224
112435,2025-03-28 09:02:00,Technical,23.92,211
112436,2025-03-28 09:38:00,Billing,9.04,224
112437,2025-03-28 09:37:00,Billing,6.49,244
112438,2025-03-28 09:29:00,Technical,29.99,215
112439,2025-03-28 10:12:00,General,7.33,218
112440,2025-03-28 10:15:00,Technical,26.6,213
112441,2025-03-28 10:49:00,Billing,7.94,201
112442,2025-03-28 10:51:00,Billing,8.85,219
112443,2025-03-28 10:40:00,Billing,8.37,217
112444,2025-03-28 10:15:00,Billing,9.01,249
112445,2025-03-28 10:00:00,Technical,26.47,222
112446,2025-03-28 10:16:00,Billing,7.71,205
112447,2025-03-28 10:42:00,Billing,6.72,247
112448,2025-03-28 10:38:00,Technical,27.19,250
112449,2025-03-28 10:07:00,Billing,5.69,230
112450,2025-03-28 10:11:00,Billing,10.71,204
112451,2025-03-28 10:36:00,Billing,11.68,238
112452,2025-03-28 10:04:00,Technical,25.83,202
112453,2025-03-28 10:08:00,Billing,10.71,208
112454,2025-03-28 10:41:00,Billing,6.05,250
112455,2025-03-28 10:50:00,Technical,26.03,225
112456,2025-03-28 11:26:00,Billing,3.88,247
112457,2025-03-28 11:30:00,Technical,31.72,215
112458,2025-03-28 11:04:00,Technical,22.56,220
112459,2025-03-28 11:43:00,Billing,9.06,242
112460,2025-03-28 11:48:00,Technical,26.07,228
112461,2025-03-28 11:56:00,General,8.77,243
112462,2025-03-28 11:58:00,General,7.82,250
112463,2025-03-28 11:52:00,Technical,25.47,219
112464,2025-03-28 11:06:00,Billing,8.38,228
112465,2025-03-28 11:07:00,Billing,8.35,229
112466,2025-03-28 11:37:00,Billing,11.19,225
112467,2025-03-28 11:06:00,Technical,26.73,232
112468,2025-03-28 11:50:00,Billing,5.57,227
112469,2025-03-28 11:11:00,General,4.7,228
112470,2025-03-28 11:35:00,Billing,6.91,233
112471,2025-03-28 12:23:00,General,3.49,222
112472,2025-03-28 12:23:00,General,2.0,205
112473,2025-03-28 12:57:00,Billing,7.12,222
112474,2025-03-28 12:25:00,Billing,8.19,213
112475,2025-03-28 12:10:00,Technical,23.27,243
112476,2025-03-28 12:15:00,General,6.21,220
112477,2025-03-28 13:51:00,General,9.11,215
112478,2025-03-28 13:49:00,Billing,7.99,224
112479,2025-03-28 13:50:00,Technical,25.08,220
112480,2025-03-28 13:53:00,Billing,2.0,220
112481,2025-03-28 13:49:00,General,2.0,230
112482,2025-03-28 13:48:00,General,6.18,240
112483,2025-03-28 13:11:00,Billing,5.42,236
112484,2025-03-28 14:36:00,General,10.0,204
112485,2025-03-28 14:36:00,Technical,23.84,209
112486,2025-03-28 14:17:00,General,8.46,250
112487,2025-03-28 14:38:00,Technical,29.34,226
112488,2025-03-28 15:15:00,Billing,11.46,207
112489,2025-03-28 15:28:00,Technical,18.97,217
112490,2025-03-28 15:46:00,General,5.26,225
112491,2025-03-28 15:04:00,General,10.09,216
112492,2025-03-28 15:26:00,General,2.0,249
112493,2025-03-28 15:46:00,Technical,25.34,207
112494,2025-03-28 15:35:00,Technical,25.8,224
112495,2025-03-28 16:05:00,General,14.63,248
112496,2025-03-28 16:50:00,Technical,27.22,225
112497,2025-03-28 16:33:00,Technical,26.93,234
112498,2025-03-28 16:46:00,Billing,3.77,246
112499,2025-03-28 17:00:00,Billing,5.1,225
112500,2025-03-28 17:14:00,Billing,11.43,234
112501,2025-03-28 18:01:00,Technical,23.27,201
112502,2025-03-28 18:08:00,Billing,5.0,214
112503,2025-03-28 19:00:00,Billing,5.88,228
112504,2025-03-28 19:19:00,General,7.26,220
112505,2025-03-28 20:17:00,General,11.15,216
112506,2025-03-28 20:05:00,General,5.52,221
112507,2025-03-28 20:41:00,Billing,12.96,229
112508,2025-03-28 20:43:00,Technical,23.47,222
112509,2025-03-28 20:54:00,General,13.56,245
112510,2025-03-28 21:41:00,Technical,24.94,233
112511,2025-03-28 21:16:00,General,13.24,221
112512,2025-03-28 21:30:00,General,6.98,243
112513,2025-03-28 22:42:00,Billing,7.62,231
112514,2025-03-28 22:31:00,General,8.99,215
112515,2025-03-28 22:13:00,Technical,25.04,226
112516,2025-03-28 22:58:00,General,10.73,250
112517,2025-03-28 22:18:00,General,7.48,231
112518,2025-03-28 22:14:00,General,16.88,222
112519,2025-03-28 22:28:00,Technical,29.25,242
112520,2025-03-28 22:40:00,Billing,11.0,238
112521,2025-03-28 22:29:00,General,6.94,212
112522,2025-03-28 23:08:00,Technical,21.16,250
112523,2025-03-28 23:10:00,Technical,24.72,226
112524,2025-03-29 00:41:00,Technical,28.21,203
112525,2025-03-29 00:14:00,Technical,23.51,230
112526,2025-03-29 00:44:00,Technical,19.87,235
112527,2025-03-29 01:12:00,Billing,3.18,208
112528,2025-03-29 02:41:00,Billing,2.0,236
112529,2025-03-29 02:22:00,General,4.1,232
112530,2025-03-29 02:58:00,General,7.68,202
112531,2025-03-29 03:29:00,Billing,5.08,217
112532,2025-03-29 03:31:00,Billing,9.88,239
112533,2025-03-29 03:14:00,General,9.54,245
112534,2025-03-29 04:08:00,Technical,26.61,222
112535,2025-03-29 04:05:00,General,9.21,217
112536,2025-03-29 04:56:00,General,8.76,222
112537,2025-03-29 04:30:00,Technical,28.59,249
112538,2025-03-29 05:34:00,Technical,27.12,205
112539,2025-03-29 05:11:00,Billing,4.87,223
112540,2025-03-29 05:00:00,Billing,3.29,222
112541,2025-03-29 05:22:00,General,6.83,218
112542,2025-03-29 05:02:00,Technical,28.24,214
112543,2025-03-29 06:14:00,Technical,23.39,245
112544,2025-03-29 06:22:00,Technical,21.62,240
112545,2025-03-29 06:03:00,Technical,23.43,217
112546,2025-03-29 07:16:00,Billing,9.25,224
112547,2025-03-29 07:23:00,General,9.85,204
112548,2025-03-29 07:48:00,Billing,6.67,244
112549,2025-03-29 07:12:00,Billing,11.62,240
112550,2025-03-29 08:21:00,Technical,25.79,221
112551,2025-03-29 08:49:00,General,11.01,218
112552,2025-03-29 08:32:00,Billing,11.57,248
112553,2025-03-29 08:03:00,Billing,7.99,248
112554,2025-03-29 08:19:00,General,8.37,234
112555,2025-03-29 08:15:00,General,8.92,206
112556,2025-03-29 08:51:00,Technical,24.33,236
112557,2025-03-29 09:40:00,Billing,2.45,243
112558,2025-03-29 09:34:00,Billing,9.5,227
112559,2025-03-29 09:48:00,General,11.88,239
112560,2025-03-29 09:56:00,Technical,23.0,228
112561,2025-03-29 09:02:00,General,11.4,206
112562,2025-03-29 09:38:00,Billing,17.58,210
112563,2025-03-29 09:24:00,Technical,22.83,223
112564,2025-03-29 09:44:00,Billing,12.9,244
112565,2025-03-29 09:10:00,Technical,28.86,225
112566,2025-03-29 09:30:00,Billing,9.56,226
112567,2025-03-29 09:45:00,Technical,26.27,224
112568,2025-03-29 09:55:00,General,5.36,237
112569,2025-03-29 09:45:00,Technical,27.19,206
112570,2025-03-29 10:18:00,Technical,21.28,222
112571,2025-03-29 10:26:00,General,2.0,216
112572,2025-03-29 10:18:00,Technical,23.71,228
112573,2025-03-29 10:44:00,Technical,26.57,202
112574,2025-03-29 10:47:00,General,4.38,236
112575,2025-03-29 10:53:00,General,6.98,228
112576,2025-03-29 10:48:00,Technical,26.3,218
112577,2025-03-29 10:09:00,Technical,27.52,224
112578,2025-03-29 10:55:00,Technical,25.95,225
112579,2025-03-29 11:27:00,Technical,20.87,216
112580,2025-03-29 11:53:00,Billing,9.0,226
112581,2025-03-29 11:28:00,Technical,29.34,208
112582,2025-03-29 11:54:00,General,7.95,205
112583,2025-03-29 11:47:00,Billing,7.3,217
112584,2025-03-29 11:31:00,Billing,3.99,230
112585,2025-03-29 11:18:00,General,6.47,244
112586,2025-03-29 11:31:00,Billing,8.52,227
112587,2025-03-29 12:01:00,General,6.76,220
112588,2025-03-29 12:52:00,Technical,27.16,213
112589,2025-03-29 12:40:00,Billing,11.05,246
112590,2025-03-29 13:36:00,Billing,5.36,208
112591,2025-03-29 13:25:00,General,9.87,216
112592,2025-03-29 13:27:00,General,12.08,249
112593,2025-03-29 13:06:00,Technical,23.27,224
112594,2025-03-29 14:00:00,Technical,25.16,219
112595,2025-03-29 14:28:00,Billing,2.0,219
112596,2025-03-29 15:56:00,Billing,6.39,221
112597,2025-03-29 15:09:00,Billing,8.64,202
112598,2025-03-29 16:51:00,Technical,26.0,210
112599,2025-03-29 16:46:00,Billing,11.72,209
112600,2025-03-29 17:08:00,Billing,7.93,225
112601,2025-03-29 17:45:00,General,8.54,226
112602,2025-03-29 17:20:00,Technical,29.42,236
112603,2025-03-29 17:18:00,Billing,5.42,208
112604,2025-03-29 17:04:00,Billing,6.7,230
112605,2025-03-29 18:57:00,General,10.48,216
112606,2025-03-29 18:19:00,Technical,25.76,248
112607,2025-03-29 18:45:00,Technical,28.25,218
112608,2025-03-29 19:14:00,Technical,28.19,201
112609,2025-03-29 19:58:00,Billing,7.21,223
112610,2025-03-29 20:30:00,Billing,5.01,231
112611,2025-03-29 20:21:00,General,7.85,246
112612,2025-03-29 20:03:00,General,4.3,240
112613,2025-03-29 21:15:00,General,6.0,234
112614,2025-03-29 22:41:00,General,6.09,239
112615,2025-03-29 22:39:00,Technical,23.6,223
112616,2025-03-29 22:55:00,Technical,27.41,229
112617,2025-03-29 23:06:00,Billing,4.86,235
112618,2025-03-29 23:01:00,Billing,7.11,238
112619,2025-03-29 23:23:00,General,12.01,222
112620,2025-03-29 23:01:00,General,14.96,214
112621,2025-03-29 23:55:00,Technical,21.73,238
112622,2025-03-29 23:41:00,Billing,5.29,221
112623,2025-03-29 23:16:00,Billing,12.7,239
112624,2025-03-29 23:02:00,Billing,9.06,236
112625,2025-03-29 23:00:00,Technical,23.97,234
112626,2025-03-30 00:57:00,Billing,10.71,236
112627,2025-03-30 00:47:00,Billing,9.18,214
112628,2025-03-30 00:12:00,Technical,24.46,214
112629,2025-03-30 01:07:00,General,8.49,230
112630,2025-03-30 01:46:00,General,9.84,236
112631,2025-03-30 02:30:00,Billing,3.9,242
112632,2025-03-30 02:32:00,General,11.45,233
112633,2025-03-30 02:39:00,Technical,24.78,204
112634,2025-03-30 03:17:00,Billing,10.93,203
112635,2025-03-30 03:01:00,General,13.17,201
112636,2025-03-30 04:07:00,Billing,7.98,221
112637,2025-03-30 04:10:00,General,11.13,234
112638,2025-03-30 04:32:00,Technical,25.89,212
112639,2025-03-30 04:00:00,Billing,5.62,235
112640,2025-03-30 05:19:00,Billing,11.71,240
112641,2025-03-30 05:14:00,General,10.64,228
112642,2025-03-30 05:01:00,Technical,22.49,244
112643,2025-03-30 07:48:00,Billing,10.55,226
112644,2025-03-30 07:31:00,General,10.88,210
112645,2025-03-30 08:40:00,Technical,22.37,245
112646,2025-03-30 08:03:00,General,7.6,214
112647,2025-03-30 08:38:00,General,8.61,221
112648,2025-03-30 09:13:00,Technical,22.4,246
112649,2025-03-30 09:32:00,Billing,5.7,216
112650,2025-03-30 09:45:00,Technical,24.78,213
112651,2025-03-30 09:29:00,Billing,8.34,232
112652,2025-03-30 09:27:00,Billing,7.48,203
112653,2025-03-30 09:22:00,General,3.72,233
112654,2025-03-30 09:48:00,General,10.68,230
112655,2025-03-30 09:44:00,Billing,5.56,242
112656,2025-03-30 09:12:00,Billing,6.81,229
112657,2025-03-30 09:20:00,General,3.5,213
112658,2025-03-30 09:03:00,Billing,7.58,242
112659,2025-03-30 09:07:00,Technical,26.7,237
112660,2025-03-30 10:07:00,General,8.53,238
112661,2025-03-30 10:51:00,Billing,11.49,222
112662,2025-03-30 10:53:00,General,6.48,249
112663,2025-03-30 10:01:00,General,11.63,219
112664,2025-03-30 10:04:00,General,10.53,212
112665,2025-03-30 10:23:00,Billing,3.94,215
112666,2025-03-30 10:44:00,General,12.51,225
112667,2025-03-30 11:49:00,Technical,22.07,250
112668,2025-03-30 11:47:00,Technical,24.8,205
112669,2025-03-30 11:07:00,Billing,7.17,208
112670,2025-03-30 11:27:00,General,7.27,207
112671,2025-03-30 11:47:00,Technical,21.01,246
112672,2025-03-30 11:43:00,Billing,13.19,204
112673,2025-03-30 12:58:00,Billing,8.45,227
112674,2025-03-30 12:08:00,Billing,8.3,239
112675,2025-03-30 13:00:00,General,11.14,233
112676,2025-03-30 13:20:00,Technical,30.76,244
112677,2025-03-30 13:11:00,General,9.86,237
112678,2025-03-30 13:51:00,Billing,2.96,217
112679,2025-03-30 13:13:00,Billing,5.91,243
112680,2025-03-30 13:48:00,Technical,25.88,217
112681,2025-03-30 13:52:00,Technical,27.58,232
112682,2025-03-30 14:02:00,General,6.29,225
112683,2025-03-30 14:41:00,General,3.32,240
112684,2025-03-30 14:51:00,Technical,23.94,205
112685,2025-03-30 14:43:00,Technical,22.71,225
112686,2025-03-30 15:06:00,Technical,26.95,207
112687,2025-03-30 15:26:00,Billing,9.91,245
112688,2025-03-30 15:02:00,Technical,25.23,225
112689,2025-03-30 15:06:00,General,8.03,246
112690,2025-03-30 16:02:00,Billing,12.6,215
112691,2025-03-30 16:32:00,Billing,8.42,243
112692,2025-03-30 16:47:00,Technical,27.97,241
112693,2025-03-30 17:31:00,General,8.72,221
112694,2025-03-30 17:31:00,General,11.09,239
112695,2025-03-30 17:45:00,General,8.73,223
112696,2025-03-30 17:14:00,General,5.93,225
112697,2025-03-30 17:30:00,Billing,11.01,211
112698,2025-03-30 18:05:00,Billing,4.67,245
112699,2025-03-30 18:06:00,General,11.05,237
112700,2025-03-30 18:20:00,Technical,26.42,246
112701,2025-03-30 19:28:00,Billing,4.26,203
112702,2025-03-30 19:33:00,Billing,8.93,227
112703,2025-03-30 19:10:00,Technical,24.92,214
112704,2025-03-30 20:08:00,General,6.29,213
112705,2025-03-30 20:53:00,Billing,10.35,230
112706,2025-03-30 20:01:00,Billing,5.15,233
112707,2025-03-30 20:51:00,Technical,17.33,235
112708,2025-03-30 21:00:00,Billing,14.18,202
112709,2025-03-30 21:28:00,General,7.18,221
112710,2025-03-30 21:05:00,Technical,24.32,208
112711,2025-03-30 21:18:00,General,10.76,209
112712,2025-03-30 22:01:00,General,7.82,218
112713,2025-03-30 22:35:00,Billing,8.15,228
112714,2025-03-30 22:58:00,Technical,26.83,240
112715,2025-03-30 23:23:00,Billing,8.07,233
112716,2025-03-31 00:50:00,Billing,14.09,214
112717,2025-03-31 00:32:00,Billing,8.38,232
112718,2025-03-31 00:01:00,General,6.27,210
112719,2025-03-31 01:20:00,Billing,3.12,231
112720,2025-03-31 01:47:00,Billing,9.98,248
112721,2025-03-31 01:03:00,General,3.99,226
112722,2025-03-31 01:47:00,Billing,6.0,231
112723,2025-03-31 01:43:00,Billing,6.79,238
112724,2025-03-31 01:12:00,General,2.0,202
112725,2025-03-31 01:00:00,General,11.22,241
112726,2025-03-31 02:50:00,Technical,28.98,237
112727,2025-03-31 02:26:00,Billing,10.24,231
112728,2025-03-31 02:01:00,Technical,26.11,233
112729,2025-03-31 03:25:00,Technical,29.12,223
112730,2025-03-31 03:48:00,Billing,6.71,238
112731,2025-03-31 03:42:00,Billing,12.08,210
112732,2025-03-31 03:11:00,Technical,21.69,241
112733,2025-03-31 03:27:00,Billing,3.96,224
112734,2025-03-31 03:49:00,Technical,26.97,208
112735,2025-03-31 03:37:00,Billing,13.03,228
112736,2025-03-31 03:55:00,Billing,4.46,247
112737,2025-03-31 03:40:00,General,7.24,214
112738,2025-03-31 04:38:00,Billing,7.63,223
112739,2025-03-31 04:30:00,Billing,8.56,213
112740,2025-03-31 04:12:00,Billing,13.01,220
112741,2025-03-31 04:43:00,Technical,32.64,212
112742,2025-03-31 04:56:00,Billing,6.42,239
112743,2025-03-31 04:25:00,Billing,11.75,219
112744,2025-03-31 04:26:00,General,8.19,203
112745,2025-03-31 04:04:00,General,3.95,237
112746,2025-03-31 05:36:00,Billing,5.99,206
112747,2025-03-31 05:44:00,Technical,22.86,205
112748,2025-03-31 05:31:00,Technical,26.52,219
112749,2025-03-31 05:56:00,Billing,12.12,226
112750,2025-03-31 05:47:00,General,8.02,232
112751,2025-03-31 06:43:00,Billing,11.89,217
112752,2025-03-31 06:40:00,General,7.17,246
112753,2025-03-31 06:01:00,Technical,23.85,215
112754,2025-03-31 06:13:00,Technical,23.81,208
112755,2025-03-31 07:12:00,General,3.72,208
112756,2025-03-31 07:34:00,Technical,26.68,246
112757,2025-03-31 07:28:00,General,10.96,226
112758,2025-03-31 07:32:00,Billing,9.85,226
112759,2025-03-31 07:51:00,General,6.96,226
112760,2025-03-31 08:34:00,Billing,5.03,206
112761,2025-03-31 08:07:00,Billing,2.06,227
112762,2025-03-31 08:09:00,General,8.18,220
112763,2025-03-31 08:43:00,General,8.57,229
112764,2025-03-31 08:23:00,Technical,22.18,230
112765,2025-03-31 08:18:00,Technical,30.64,219
112766,2025-03-31 08:06:00,General,5.47,217
112767,2025-03-31 08:06:00,Billing,7.57,229
112768,2025-03-31 08:15:00,Technical,24.81,222
112769,2025-03-31 08:40:00,Billing,13.18,211
112770,2025-03-31 08:39:00,General,7.15,225
112771,2025-03-31 08:44:00,Technical,21.03,213
112772,2025-03-31 08:12:00,Technical,27.21,233
112773,2025-03-31 08:27:00,General,11.81,204
112774,2025-03-31 08:01:00,Billing,11.45,222
112775,2025-03-31 09:47:00,Technical,28.75,216
112776,2025-03-31 09:55:00,General,7.31,234
112777,2025-03-31 09:47:00,General,8.9,237
112778,2025-03-31 09:31:00,Billing,8.39,244
112779,2025-03-31 09:07:00,Billing,6.34,221
112780,2025-03-31 09:18:00,Technical,26.43,234
112781,2025-03-31 09:33:00,Billing,4.9,246
112782,2025-03-31 09:35:00,Billing,9.07,221
112783,2025-03-31 09:22:00,Billing,9.97,244
112784,2025-03-31 09:37:00,Technical,23.39,205
112785,2025-03-31 09:32:00,General,7.64,224
112786,2025-03-31 09:37:00,Technical,23.48,227
112787,2025-03-31 09:24:00,Billing,17.67,239
112788,2025-03-31 10:34:00,Billing,12.98,223
112789,2025-03-31 10:25:00,Technical,25.63,230
112790,2025-03-31 10:07:00,Billing,8.34,239
112791,2025-03-31 10:17:00,Billing,8.4,248
112792,2025-03-31 10:00:00,Billing,6.91,203
112793,2025-03-31 10:47:00,Technical,27.08,223
112794,2025-03-31 10:35:00,Billing,11.72,238
112795,2025-03-31 10:54:00,Technical,29.86,224
112796,2025-03-31 10:16:00,Billing,6.52,250
112797,2025-03-31 10:11:00,Technical,25.15,215
112798,2025-03-31 10:08:00,Billing,7.81,228
112799,2025-03-31 10:42:00,Technical,25.05,225
112800,2025-03-31 10:43:00,Technical,23.43,244
112801,2025-03-31 10:08:00,Billing,3.52,209
112802,2025-03-31 10:51:00,Technical,26.54,207
112803,2025-03-31 10:12:00,General,5.96,201
112804,2025-03-31 10:11:00,General,8.31,205
112805,2025-03-31 10:41:00,General,12.89,249
112806,2025-03-31 10:03:00,General,6.88,248
112807,2025-03-31 11:56:00,General,10.45,230
112808,2025-03-31 11:56:00,Technical,22.23,240
112809,2025-03-31 11:26:00,General,7.63,210
112810,2025-03-31 11:17:00,General,7.49,236
112811,2025-03-31 11:05:00,Billing,2.72,223
112812,2025-03-31 11:41:00,Billing,10.1,249
112813,2025-03-31 11:36:00,Billing,10.63,221
112814,2025-03-31 11:40:00,General,10.81,234
112815,2025-03-31 11:06:00,Billing,8.62,204
112816,2025-03-31 11:17:00,General,9.88,242
112817,2025-03-31 11:12:00,Billing,11.14,234
112818,2025-03-31 11:10:00,Billing,16.39,238
112819,2025-03-31 11:46:00,Technical,24.43,204
112820,2025-03-31 11:21:00,Billing,8.09,230
112821,2025-03-31 11:42:00,Billing,11.11,221
112822,2025-03-31 11:03:00,Billing,5.5,226
112823,2025-03-31 11:16:00,Billing,9.32,203
112824,2025-03-31 11:27:00,General,6.89,215
112825,2025-03-31 11:34:00,Technical,29.36,216
112826,2025-03-31 11:35:00,Technical,23.13,245
112827,2025-03-31 12:07:00,Technical,27.92,227
112828,2025-03-31 12:19:00,General,8.78,220
112829,2025-03-31 12:04:00,Technical,27.37,235
112830,2025-03-31 12:55:00,Technical,29.47,236
112831,2025-03-31 12:57:00,General,7.64,215
112832,2025-03-31 12:20:00,Technical,24.03,203
112833,2025-03-31 12:12:00,General,12.27,202
112834,2025-03-31 13:57:00,Billing,6.31,235
112835,2025-03-31 13:11:00,General,7.76,232
112836,2025-03-31 13:50:00,Billing,5.03,236
112837,2025-03-31 13:15:00,Technical,26.67,221
112838,2025-03-31 13:19:00,Technical,25.65,247
112839,2025-03-31 13:48:00,Billing,10.12,236
112840,2025-03-31 13:51:00,Billing,9.71,208
112841,2025-03-31 14:17:00,Technical,23.51,226
112842,2025-03-31 14:25:00,Technical,23.02,206
112843,2025-03-31 14:57:00,General,10.96,246
112844,2025-03-31 14:31:00,Technical,22.83,241
112845,2025-03-31 14:18:00,Billing,7.17,202
112846,2025-03-31 15:25:00,Billing,3.16,241
112847,2025-03-31 15:17:00,Billing,4.91,214
112848,2025-03-31 15:05:00,Billing,2.88,207
112849,2025-03-31 15:04:00,Billing,10.64,227
112850,2025-03-31 15:36:00,General,2.39,215
112851,2025-03-31 15:50:00,Billing,11.37,242
112852,2025-03-31 16:31:00,Technical,23.24,221
112853,2025-03-31 16:45:00,General,6.58,212
112854,2025-03-31 16:12:00,General,5.38,223
112855,2025-03-31 16:49:00,Billing,10.56,212
112856,2025-03-31 16:42:00,Technical,26.32,247
112857,2025-03-31 17:27:00,Technical,21.34,234
112858,2025-03-31 17:28:00,Technical,24.69,243
112859,2025-03-31 17:27:00,General,11.85,230
112860,2025-03-31 17:46:00,Billing,4.99,239
112861,2025-03-31 17:13:00,Billing,3.74,231
112862,2025-03-31 18:44:00,General,7.58,229
112863,2025-03-31 18:39:00,General,10.81,218
112864,2025-03-31 18:42:00,Billing,5.53,224
112865,2025-03-31 18:19:00,General,4.76,225
112866,2025-03-31 18:47:00,General,12.99,229
112867,2025-03-31 18:16:00,Billing,7.05,243
112868,2025-03-31 19:44:00,General,7.52,236
112869,2025-03-31 19:54:00,General,8.06,210
112870,2025-03-31 19:40:00,Billing,11.64,250
112871,2025-03-31 19:48:00,Billing,5.32,234
112872,2025-03-31 19:29:00,Billing,9.27,239
112873,2025-03-31 19:09:00,Billing,7.78,231
112874,2025-03-31 19:51:00,General,7.07,205
112875,2025-03-31 20:04:00,Billing,3.6,241
112876,2025-03-31 20:52:00,General,13.59,212
112877,2025-03-31 20:10:00,General,6.69,219
112878,2025-03-31 20:31:00,General,8.34,229
112879,2025-03-31 20:27:00,Technical,29.57,224
112880,2025-03-31 21:41:00,Billing,6.95,201
112881,2025-03-31 21:11:00,Billing,8.3,247
112882,2025-03-31 21:43:00,General,5.35,220
112883,2025-03-31 21:31:00,Billing,9.29,227
112884,2025-03-31 21:16:00,General,11.28,214
112885,2025-03-31 22:57:00,General,4.6,243
112886,2025-03-31 22:27:00,Technical,25.26,245
112887,2025-03-31 22:30:00,Billing,11.6,210
112888,2025-03-31 23:09:00,Billing,13.85,209
112889,2025-03-31 23:39:00,General,8.03,213
112890,2025-03-31 23:28:00,Technical,22.27,216
112891,2025-03-31 23:20:00,Billing,12.41,229
112892,2025-03-31 23:05:00,General,11.98,238
